,ts,id,ch_1,ch_2,ch_3,ch_4,ch_5,ch_6,ch_7,ch_8
0,2023-02-24T00:25:20,7463831497,441.11,201.33,71.66,109.12,547.87,928.63,847.05,831.68
1,2023-02-24T00:25:20.005000,7463831498,442.13,202.22,71.92,109.32,547.62,929.16,846.93,832.13
2,2023-02-24T00:25:20.010000,7463831499,442.2,201.71,71.72,109.24,548.11,928.39,847.18,831.86
3,2023-02-24T00:25:20.015000,7463831500,442.72,201.92,72.27,109.06,547.85,928.97,847.1,832.26
4,2023-02-24T00:25:20.020000,7463831501,442.31,201.62,72.23,109.32,547.92,929.25,847.4,831.97
5,2023-02-24T00:25:20.025000,7463831502,442.12,201.75,72.18,109.1,547.56,929.08,846.67,831.95
6,2023-02-24T00:25:20.030000,7463831503,442.34,202.03,71.91,109.42,547.75,929.08,847.37,832.47
7,2023-02-24T00:25:20.035000,7463831504,442.28,201.01,71.51,109.32,547.46,929.33,846.58,831.88
8,2023-02-24T00:25:20.040000,7463831505,442.3,201.74,71.83,108.97,547.64,929.11,846.2,832.03
9,2023-02-24T00:25:20.045000,7463831506,441.79,201.67,72.05,108.87,547.09,929.18,846.75,831.8
10,2023-02-24T00:25:20.050000,7463831507,442.41,202.66,72.49,109.77,547.84,929,847.29,832.18
11,2023-02-24T00:25:20.055000,7463831508,442.25,201.79,72.66,109.39,547.48,929.01,847.41,831.95
12,2023-02-24T00:25:20.060000,7463831509,442.37,201.44,71.94,109.1,548.1,928.52,847.01,831.12
13,2023-02-24T00:25:20.065000,7463831510,442.12,201.37,72.77,109.13,547.24,928.73,846.95,831.77
14,2023-02-24T00:25:20.070000,7463831511,442.21,201.63,72.44,109.1,547.46,929.74,847.21,831.93
15,2023-02-24T00:25:20.075000,7463831512,442.29,201.92,71.99,109.08,547.19,929.26,847.41,831.92
16,2023-02-24T00:25:20.080000,7463831513,441.7,202.4,72.17,109.29,547.67,928.29,847.08,831.91
17,2023-02-24T00:25:20.085000,7463831514,442.64,201.68,72.24,109.11,547.24,929.22,847.12,832.36
18,2023-02-24T00:25:20.090000,7463831515,442.65,202.33,72.34,109.55,548.24,928.71,847.77,832.18
19,2023-02-24T00:25:20.095000,7463831516,442.83,202.29,72.39,109.09,547.68,928.96,847.9,831.37
20,2023-02-24T00:25:20.100000,7463831517,442.23,202.09,72.18,108.79,547.94,928.81,847.48,831.68
21,2023-02-24T00:25:20.105000,7463831518,443.1,201.62,72.58,109.88,548.4,929.14,847.12,831.41
22,2023-02-24T00:25:20.110000,7463831519,442.14,202.07,72.96,109.45,548.17,928.7,847.52,831.33
23,2023-02-24T00:25:20.115000,7463831520,443.04,202.07,72.61,109.46,547.45,929.41,847.4,832.03
24,2023-02-24T00:25:20.120000,7463831521,442.4,202.14,72.51,108.69,547.53,929.21,847.07,832.71
25,2023-02-24T00:25:20.125000,7463831522,441.94,201.79,72.34,109.01,547.77,929.26,846.84,831.89
26,2023-02-24T00:25:20.130000,7463831523,442.42,201.81,72.61,110,547.86,929.06,847.86,832.47
27,2023-02-24T00:25:20.135000,7463831524,442.69,201.51,72.1,108.9,547.99,929.36,847.21,832.02
28,2023-02-24T00:25:20.140000,7463831525,443.07,201.79,72.24,109.14,547.87,928.55,846.89,832.35
29,2023-02-24T00:25:20.145000,7463831526,442.46,201.88,72.46,109.12,547.65,928.78,847.16,832.11
30,2023-02-24T00:25:20.150000,7463831527,441.82,202.13,71.89,109.68,548.08,929.22,846.79,832.07
31,2023-02-24T00:25:20.155000,7463831528,442.48,201.72,72.29,109.15,547.61,929.39,847.3,831.76
32,2023-02-24T00:25:20.160000,7463831529,442,201.3,71.6,109.35,548.23,928.48,846.67,831.35
33,2023-02-24T00:25:20.165000,7463831530,443.04,202.01,72,109.38,548.09,929.33,846.98,832.02
34,2023-02-24T00:25:20.170000,7463831531,443.24,202.17,72.15,109.1,547.64,929.05,847.31,831.42
35,2023-02-24T00:25:20.175000,7463831532,442.54,201.57,71.97,109.55,548.14,928.85,847.44,832.1
36,2023-02-24T00:25:20.180000,7463831533,442.26,201.48,72.12,109.57,547.28,928.41,847.21,831.73
37,2023-02-24T00:25:20.185000,7463831534,442.13,201.8,71.95,109.45,547.61,928.71,846.78,831.47
38,2023-02-24T00:25:20.190000,7463831535,442.73,201.85,72.28,109.7,548.22,929.41,847.37,831.38
39,2023-02-24T00:25:20.195000,7463831536,442.67,201.59,72.17,109.07,546.99,929.33,846.93,831.64
40,2023-02-24T00:25:20.200000,7463831537,442.55,201.5,72.33,108.77,547.23,928.5,846.47,832.04
41,2023-02-24T00:25:20.205000,7463831538,441.97,201.33,72.09,108.79,547.73,928.83,847.61,832.15
42,2023-02-24T00:25:20.210000,7463831539,441.42,202.24,72.29,109.69,547.53,929.45,847.55,831.95
43,2023-02-24T00:25:20.215000,7463831540,442.65,202.37,71.92,109.51,547.99,929.08,846.74,832.45
44,2023-02-24T00:25:20.220000,7463831541,442.51,201.57,71.84,108.43,547.77,929,846.99,831.63
45,2023-02-24T00:25:20.225000,7463831542,442.99,201.72,72.04,108.99,547.76,929.1,846.88,831.97
46,2023-02-24T00:25:20.230000,7463831543,442.64,201.79,72.35,109.13,547.7,929.32,847.02,831.89
47,2023-02-24T00:25:20.235000,7463831544,442.45,201.67,71.94,108.86,548.02,929.23,847.05,831.52
48,2023-02-24T00:25:20.240000,7463831545,441.87,201.48,72.52,109.09,547.23,928.65,847.14,831.78
49,2023-02-24T00:25:20.245000,7463831546,442.52,201.61,72.47,109.39,547.17,929.02,846.89,831.78
50,2023-02-24T00:25:20.250000,7463831547,442.78,201.8,72.56,109.11,547.7,928.61,847.27,831.85
51,2023-02-24T00:25:20.255000,7463831548,442.47,201.49,71.95,108.86,547.51,929.17,847.3,831.74
52,2023-02-24T00:25:20.260000,7463831549,442.39,201.8,72.46,108.98,547.11,928.58,846.86,831.61
53,2023-02-24T00:25:20.265000,7463831550,442.84,201.12,72.66,109.78,547.85,929.43,846.75,832.35
54,2023-02-24T00:25:20.270000,7463831551,442.73,201.92,72.37,109.72,547.85,928.6,846.7,832.38
55,2023-02-24T00:25:20.275000,7463831552,442.61,201.46,71.9,109.49,547.55,929.34,847.08,831.85
56,2023-02-24T00:25:20.280000,7463831553,442.57,201.37,72.22,108.93,547.42,928.23,846.85,831.84
57,2023-02-24T00:25:20.285000,7463831554,441.75,201.72,71.91,109.06,548.04,928.45,847.13,831.95
58,2023-02-24T00:25:20.290000,7463831555,442.5,201.99,72.61,109.4,547.74,929.04,847.42,832.06
59,2023-02-24T00:25:20.295000,7463831556,442.78,201.46,71.72,109.83,547.26,929.33,847.32,832.19
60,2023-02-24T00:25:20.300000,7463831557,442.72,201.49,72.02,109.21,547.79,928.55,847.51,831.47
61,2023-02-24T00:25:20.305000,7463831558,442.61,201.9,72.45,108.9,547.63,928.81,847.54,832.4
62,2023-02-24T00:25:20.310000,7463831559,442.57,201.61,72.03,109.2,547.83,929.65,846.73,832.2
63,2023-02-24T00:25:20.315000,7463831560,441.85,200.87,71.91,109.25,547.36,929.02,846.93,832.03
64,2023-02-24T00:25:20.320000,7463831561,441.87,201.74,71.64,108.83,547.03,928.75,846.43,831.57
65,2023-02-24T00:25:20.325000,7463831562,442.36,201.2,72.15,109.74,547.66,929.3,847.02,832.14
66,2023-02-24T00:25:20.330000,7463831563,442.94,201.84,72.16,109.97,547.94,929.02,847.29,832.18
67,2023-02-24T00:25:20.335000,7463831564,442.73,202.08,71.66,109.6,547.06,929.25,846.96,831.98
68,2023-02-24T00:25:20.340000,7463831565,442.25,201.35,71.98,108.51,547.12,928.33,847.04,831.84
69,2023-02-24T00:25:20.345000,7463831566,442.75,201.24,71.9,109.03,548.27,928.75,846.95,832.2
70,2023-02-24T00:25:20.350000,7463831567,442.7,202.23,72.12,109.62,548.28,929.22,847.51,831.78
71,2023-02-24T00:25:20.355000,7463831568,442.8,201.92,72.15,109.82,547.41,929.36,847.67,831.41
72,2023-02-24T00:25:20.360000,7463831569,442.58,201.32,72.19,108.87,547.41,928.66,846.95,831.54
73,2023-02-24T00:25:20.365000,7463831570,442.37,201.84,72.24,109.39,547.88,928.66,847.31,831.51
74,2023-02-24T00:25:20.370000,7463831571,442.98,201.6,72.69,110.12,548.11,929.17,847.45,832.26
75,2023-02-24T00:25:20.375000,7463831572,442.08,202.1,72.39,109.26,547.45,929.39,846.76,831.75
76,2023-02-24T00:25:20.380000,7463831573,442.18,201.29,72.12,108.67,547.63,928.73,847.4,831.96
77,2023-02-24T00:25:20.385000,7463831574,442.3,201.75,71.64,109.34,547.33,928.96,847.14,832.03
78,2023-02-24T00:25:20.390000,7463831575,442.54,202.21,71.9,109.37,547.37,928.86,847.21,831.99
79,2023-02-24T00:25:20.395000,7463831576,442.45,201.88,72.61,109.01,547.46,929.13,846.93,831.58
80,2023-02-24T00:25:20.400000,7463831577,441.9,202.06,72.8,108.62,547.05,928.83,846.14,831.55
81,2023-02-24T00:25:20.405000,7463831578,443.35,201.64,71.98,109.7,547.61,928.94,847.17,831.83
82,2023-02-24T00:25:20.410000,7463831579,442.34,201.22,72.63,109.96,548.02,929.29,847.33,832.01
83,2023-02-24T00:25:20.415000,7463831580,442.5,201.34,72.13,109.46,547.61,928.95,846.72,831.66
84,2023-02-24T00:25:20.420000,7463831581,441.73,201.47,72.09,109.43,548.2,929.29,847.73,832.23
85,2023-02-24T00:25:20.425000,7463831582,441.83,201.65,71.76,109.25,547.93,928.94,847.25,832.67
86,2023-02-24T00:25:20.430000,7463831583,442.62,201.83,72.18,109.61,547.76,929.29,847.49,832.48
87,2023-02-24T00:25:20.435000,7463831584,441.97,201.69,71.8,109.31,547.93,928.83,847.1,831.8
88,2023-02-24T00:25:20.440000,7463831585,442.1,201.73,71.98,108.4,547.36,928.9,847.17,831.96
89,2023-02-24T00:25:20.445000,7463831586,442.45,201.5,72.06,109.33,547.59,929.03,847.06,832.21
90,2023-02-24T00:25:20.450000,7463831587,442.79,201.8,72,109.51,547.94,929.23,847.44,831.73
91,2023-02-24T00:25:20.455000,7463831588,442.37,201.47,72.17,108.87,547.56,929.4,847.17,832.31
92,2023-02-24T00:25:20.460000,7463831589,442.04,201.55,71.64,108.83,547.99,929.18,847.11,831.97
93,2023-02-24T00:25:20.465000,7463831590,442.17,201.82,72.2,109.32,547.88,929.58,847.16,831.84
94,2023-02-24T00:25:20.470000,7463831591,443.2,201.99,72.42,109.54,547.31,929.17,847.33,831.73
95,2023-02-24T00:25:20.475000,7463831592,442.3,201.98,72.71,108.94,547.44,928.9,846.92,831.46
96,2023-02-24T00:25:20.480000,7463831593,442.67,201.62,72.12,109.56,547.87,928.56,846.99,831.9
97,2023-02-24T00:25:20.485000,7463831594,442.37,202.01,72.23,109.47,547.96,928.99,847.01,832.08
98,2023-02-24T00:25:20.490000,7463831595,442.15,201.56,72.11,109.82,548.29,929.31,847,832.48
99,2023-02-24T00:25:20.495000,7463831596,442.24,201.84,72.3,109.6,548.15,928.85,847.51,831.68
100,2023-02-24T00:25:20.500000,7463831597,442.5,201.98,71.85,109.93,547.48,928.43,847.25,831.92
101,2023-02-24T00:25:20.505000,7463831598,442.81,201.76,72.66,109.44,547.55,929.31,847.48,831.86
102,2023-02-24T00:25:20.510000,7463831599,443.1,202.02,71.83,109.27,547.94,929.52,847.24,831.98
103,2023-02-24T00:25:20.515000,7463831600,441.86,201.77,72.81,109.58,547.68,928.94,847.88,832.28
104,2023-02-24T00:25:20.520000,7463831601,442.33,201.42,72.64,109.44,547.72,928.86,846.71,832.13
105,2023-02-24T00:25:20.525000,7463831602,442.92,202.12,71.95,109,547.92,928.68,847.11,832.11
106,2023-02-24T00:25:20.530000,7463831603,442.44,202.35,71.95,109.24,547.9,929.02,847.05,832.36
107,2023-02-24T00:25:20.535000,7463831604,442.29,201.89,72.33,109.53,547.79,929.24,847.12,831.81
108,2023-02-24T00:25:20.540000,7463831605,442.13,201.59,72.81,109.32,547.89,928.85,847.24,832.13
109,2023-02-24T00:25:20.545000,7463831606,442.55,201.32,72.36,108.81,548.35,928.41,846.5,832
110,2023-02-24T00:25:20.550000,7463831607,442.07,201.16,71.56,109.32,548.09,928.88,847.3,831.73
111,2023-02-24T00:25:20.555000,7463831608,442.32,201.11,72.31,109.25,547.14,928.55,847.5,832.01
112,2023-02-24T00:25:20.560000,7463831609,441.87,201.06,71.7,108.81,547.43,928.91,847.27,831.62
113,2023-02-24T00:25:20.565000,7463831610,442.52,201.86,72.3,108.97,547.9,929.36,847.74,831.86
114,2023-02-24T00:25:20.570000,7463831611,442.89,202.2,71.91,108.79,548.28,929.25,847.11,831.93
115,2023-02-24T00:25:20.575000,7463831612,442.52,201.9,72.17,109.61,548.06,929.49,847.56,831.43
116,2023-02-24T00:25:20.580000,7463831613,442.43,201.76,72.12,109.41,547.54,929.19,847.61,831.95
117,2023-02-24T00:25:20.585000,7463831614,442.45,201.63,72.06,108.73,547.46,928.94,847.17,831.44
118,2023-02-24T00:25:20.590000,7463831615,442.28,202.31,72.16,109.21,547.43,929.59,847.08,832.18
119,2023-02-24T00:25:20.595000,7463831616,441.85,201.61,71.87,108.99,547.57,928.89,846.27,831.56
120,2023-02-24T00:25:20.600000,7463831617,442.43,201.2,71.78,109.41,547.76,929.64,846.84,831.93
121,2023-02-24T00:25:20.605000,7463831618,442.02,201.73,72.16,108.37,547.29,928.91,846.92,831.54
122,2023-02-24T00:25:20.610000,7463831619,442.27,201.73,71.8,108.55,547.85,928.99,846.54,831.17
123,2023-02-24T00:25:20.615000,7463831620,442.78,201.66,72.2,108.89,547.49,928.93,847.27,831.88
124,2023-02-24T00:25:20.620000,7463831621,442.47,202.21,72.03,108.71,547.95,929.01,846.82,831.69
125,2023-02-24T00:25:20.625000,7463831622,442.26,201.53,72.08,109.37,547.88,929.36,847.61,832.26
126,2023-02-24T00:25:20.630000,7463831623,442.11,201.57,71.63,109.83,547.9,929.19,847.71,832.25
127,2023-02-24T00:25:20.635000,7463831624,442.54,202.02,72.39,109.01,547.64,929.56,847.28,832.29
128,2023-02-24T00:25:20.640000,7463831625,442.69,201.55,71.93,108.91,548.16,928.75,847.07,832.26
129,2023-02-24T00:25:20.645000,7463831626,441.75,201.58,72.53,109.22,547.6,928.95,847.02,832.32
130,2023-02-24T00:25:20.650000,7463831627,442.06,202.32,72.06,109.13,548.1,929.3,847.28,832.12
131,2023-02-24T00:25:20.655000,7463831628,442.85,202.08,72.1,108.81,547.75,928.75,847.23,832.51
132,2023-02-24T00:25:20.660000,7463831629,441.97,201.39,72.39,108.93,546.91,928.64,847.07,832.09
133,2023-02-24T00:25:20.665000,7463831630,442.64,201.89,72.4,109.04,547.13,929.24,847.4,831.82
134,2023-02-24T00:25:20.670000,7463831631,442.41,202.02,72.5,109,547.84,929.22,847.38,831.93
135,2023-02-24T00:25:20.675000,7463831632,442.13,202.39,72.17,109.99,547.8,928.69,847.17,832.01
136,2023-02-24T00:25:20.680000,7463831633,442.38,202.06,71.77,108.93,547.91,928.77,847.47,831.55
137,2023-02-24T00:25:20.685000,7463831634,442.43,202.01,71.6,109.18,548.07,928.84,847.19,831.55
138,2023-02-24T00:25:20.690000,7463831635,442.55,201.71,72.42,109.51,547.52,929,846.88,831.93
139,2023-02-24T00:25:20.695000,7463831636,442.16,201.51,72.18,109.16,547.41,929.13,847.51,831.73
140,2023-02-24T00:25:20.700000,7463831637,442.48,201.47,72.17,109.3,547.56,929.45,846.82,831.55
141,2023-02-24T00:25:20.705000,7463831638,442.5,201.3,72.2,108.78,547.31,929.32,846.88,831.56
142,2023-02-24T00:25:20.710000,7463831639,442.22,201.48,71.97,109.33,547.68,928.99,847.35,832.13
143,2023-02-24T00:25:20.715000,7463831640,442.14,201.83,72.62,109.15,548.14,929.13,846.91,832.3
144,2023-02-24T00:25:20.720000,7463831641,442.42,201.52,71.76,109.14,547.83,928.28,846.51,831.53
145,2023-02-24T00:25:20.725000,7463831642,442.04,201.05,71.26,109.02,547.73,928.79,846.3,831.87
146,2023-02-24T00:25:20.730000,7463831643,443.07,202.33,72.69,109.41,547.93,928.92,847.61,832.14
147,2023-02-24T00:25:20.735000,7463831644,442.33,202.14,72.21,109.67,548.01,928.76,847.08,831.7
148,2023-02-24T00:25:20.740000,7463831645,441.77,201.18,71.83,109.16,547.85,928.39,846.56,831.83
149,2023-02-24T00:25:20.745000,7463831646,442.82,201.59,72.45,109.97,547.71,929.24,847.18,832.04
150,2023-02-24T00:25:20.750000,7463831647,442.11,202.25,73.01,109.13,547.7,929.63,847.73,831.79
151,2023-02-24T00:25:20.755000,7463831648,441.99,201.49,72.03,109.09,547.51,929.21,846.69,831.66
152,2023-02-24T00:25:20.760000,7463831649,442.46,201.59,71.91,108.93,547.22,928.64,847.1,831.78
153,2023-02-24T00:25:20.765000,7463831650,443.24,201.8,72.29,109.42,547.44,929.46,847.21,831.55
154,2023-02-24T00:25:20.770000,7463831651,441.85,202.22,71.44,109.68,547.59,929.35,847,832.05
155,2023-02-24T00:25:20.775000,7463831652,441.8,201.3,71.57,109.55,547.54,928.55,847.01,831.78
156,2023-02-24T00:25:20.780000,7463831653,441.89,201.75,71.79,109.04,547.68,928.97,846.94,831.73
157,2023-02-24T00:25:20.785000,7463831654,442.75,201.8,71.97,109.45,548,929.06,847.57,831.75
158,2023-02-24T00:25:20.790000,7463831655,442.03,201.59,72.84,109.61,548.03,929.74,847.52,831.69
159,2023-02-24T00:25:20.795000,7463831656,442,201.74,72.51,109.8,547.98,929,847.29,831.6
160,2023-02-24T00:25:20.800000,7463831657,442.56,201.75,72.67,109.05,548,929.11,847.26,831.88
161,2023-02-24T00:25:20.805000,7463831658,442.47,201.95,72.36,109.1,547.59,928.86,847.13,831.64
162,2023-02-24T00:25:20.810000,7463831659,442.33,201.7,72.75,109.34,547.75,929.17,847.31,832.25
163,2023-02-24T00:25:20.815000,7463831660,442.99,202.08,71.89,109.5,547.73,929.14,847.54,831.8
164,2023-02-24T00:25:20.820000,7463831661,442.25,201.58,71.6,109.44,547.76,928.58,847.19,831.84
165,2023-02-24T00:25:20.825000,7463831662,442.29,201.39,72,109.33,547.88,928.95,847.17,831.78
166,2023-02-24T00:25:20.830000,7463831663,442.05,201.95,72.35,109.22,548.35,929.27,846.82,831.72
167,2023-02-24T00:25:20.835000,7463831664,442.35,201.57,72.13,109.59,547.9,929.26,846.69,831.78
168,2023-02-24T00:25:20.840000,7463831665,442.31,202.01,71.69,108.69,547.09,929.23,846.92,832.24
169,2023-02-24T00:25:20.845000,7463831666,442.7,201.4,72.34,109.4,547.45,928.85,847.85,831.97
170,2023-02-24T00:25:20.850000,7463831667,442.16,201.76,72.44,109.55,547.47,929.24,847.23,832.4
171,2023-02-24T00:25:20.855000,7463831668,442.73,201.83,71.98,109.3,548.03,928.95,846.94,831.94
172,2023-02-24T00:25:20.860000,7463831669,441.81,200.97,71.81,109.71,547.5,928.76,847.43,831.72
173,2023-02-24T00:25:20.865000,7463831670,441.97,201.9,72.35,109.44,548.13,928.66,847.21,832.63
174,2023-02-24T00:25:20.870000,7463831671,442.25,201.34,71.87,109.56,548.21,929.22,847.17,831.89
175,2023-02-24T00:25:20.875000,7463831672,441.78,201.44,71.37,108.96,548.33,929.11,846.6,831.74
176,2023-02-24T00:25:20.880000,7463831673,442.36,201.63,72.73,109.18,548.05,928.36,846.55,831.62
177,2023-02-24T00:25:20.885000,7463831674,442.35,201.38,72.17,109.1,547.21,928.94,847.02,832.09
178,2023-02-24T00:25:20.890000,7463831675,442.4,201.45,72.63,109.43,547.51,929.66,847.63,832.36
179,2023-02-24T00:25:20.895000,7463831676,441.42,201.92,71.88,108.97,547.36,929.37,847.83,832.51
180,2023-02-24T00:25:20.900000,7463831677,442.23,201.1,71.68,109.09,547.65,928.63,847.3,832.01
181,2023-02-24T00:25:20.905000,7463831678,441.93,201.95,71.8,109.6,547.79,928.9,846.87,831.86
182,2023-02-24T00:25:20.910000,7463831679,442.09,202.28,72.35,109.2,547.74,929.3,847.2,832.39
183,2023-02-24T00:25:20.915000,7463831680,441.69,202.02,72.01,109.33,547.92,928.5,847.33,831.29
184,2023-02-24T00:25:20.920000,7463831681,441.64,201.37,72.13,109.5,547.86,928.63,846.78,831.88
185,2023-02-24T00:25:20.925000,7463831682,442.37,202.36,72.66,109.22,547.93,929.6,847.02,832.68
186,2023-02-24T00:25:20.930000,7463831683,443.09,202.15,72.44,109.65,547.78,929.23,847.4,832.34
187,2023-02-24T00:25:20.935000,7463831684,442.39,201.31,72.71,109.33,547.93,928.71,847.43,832.31
188,2023-02-24T00:25:20.940000,7463831685,441.79,201.55,72.41,109.46,547.49,928.65,846.74,831.93
189,2023-02-24T00:25:20.945000,7463831686,442.23,201.44,72.39,108.92,547.55,928.82,847.46,832.08
190,2023-02-24T00:25:20.950000,7463831687,442.85,202.01,72.1,109,547.81,929.87,847.5,832.47
191,2023-02-24T00:25:20.955000,7463831688,442.12,202.3,72.38,108.84,547.9,928.79,846.73,831.4
192,2023-02-24T00:25:20.960000,7463831689,442.05,201.58,71.84,109.37,547.96,928.7,847.23,831.88
193,2023-02-24T00:25:20.965000,7463831690,442.54,201.7,72.9,109.7,548.35,929.49,847.64,832.57
194,2023-02-24T00:25:20.970000,7463831691,442.29,201.77,72.56,109.62,547.71,929.25,847.26,832.1
195,2023-02-24T00:25:20.975000,7463831692,442.75,201.79,72.27,109.11,547.65,929.17,846.97,832.13
196,2023-02-24T00:25:20.980000,7463831693,442.04,202.02,71.72,109.48,547.92,928.93,847.7,830.96
197,2023-02-24T00:25:20.985000,7463831694,442.35,202.35,72.21,109.6,547.87,929.41,847.38,831.82
198,2023-02-24T00:25:20.990000,7463831695,442.5,201.89,72.4,109.83,547.86,929.18,847.51,832.01
199,2023-02-24T00:25:20.995000,7463831696,442.24,201.82,72.13,109.23,547.98,928.8,847.35,831.68
200,2023-02-24T00:25:21,7463831697,442.56,201.5,72.13,109.35,547.39,928.68,846.94,831.91
201,2023-02-24T00:25:21.005000,7463831698,442.28,202.04,72.49,109.71,548.04,928.77,847.14,831.97
202,2023-02-24T00:25:21.010000,7463831699,442.85,201.84,72.82,109.26,547.95,928.65,847.69,832.09
203,2023-02-24T00:25:21.015000,7463831700,442.02,201.32,72.22,109.26,547.44,928.78,846.68,831.69
204,2023-02-24T00:25:21.020000,7463831701,442.02,201.49,72.3,109.68,546.99,928.69,847.16,831.87
205,2023-02-24T00:25:21.025000,7463831702,441.92,201.77,72.14,109.2,547.26,928.79,847.21,831.85
206,2023-02-24T00:25:21.030000,7463831703,442.23,201.69,72.51,109.08,548.09,929.59,847.6,832.04
207,2023-02-24T00:25:21.035000,7463831704,441.97,201.58,72.37,109.78,547.81,928.26,847.31,832.14
208,2023-02-24T00:25:21.040000,7463831705,442.14,201.91,71.82,109.25,547.91,929.35,847.08,831.96
209,2023-02-24T00:25:21.045000,7463831706,441.86,202.2,72.12,109.19,548.01,928.9,847.14,831.66
210,2023-02-24T00:25:21.050000,7463831707,441.82,201.87,72.3,109.33,547.81,929.9,847.29,832.02
211,2023-02-24T00:25:21.055000,7463831708,442.05,201.9,72.84,109.11,547.68,929.2,846.95,831.24
212,2023-02-24T00:25:21.060000,7463831709,441.79,201.81,72.27,109.1,547.59,928.6,846.91,831.33
213,2023-02-24T00:25:21.065000,7463831710,442.55,201.72,72.06,109.09,547.56,929.11,847.39,831.55
214,2023-02-24T00:25:21.070000,7463831711,441.58,202.48,72.36,109.62,547.39,928.35,847.17,831.4
215,2023-02-24T00:25:21.075000,7463831712,442.81,201.85,72.38,109.41,547.37,928.52,847.25,831.9
216,2023-02-24T00:25:21.080000,7463831713,442.23,201.86,72.39,108.63,546.97,928.31,847.26,831.66
217,2023-02-24T00:25:21.085000,7463831714,442.38,201.97,72.49,109.68,547.96,929.47,847.05,832.03
218,2023-02-24T00:25:21.090000,7463831715,442.86,201.7,72.23,109.63,547.48,929.8,847.65,832.28
219,2023-02-24T00:25:21.095000,7463831716,442.34,202.29,71.72,109.31,548.76,929.86,847.03,832.37
220,2023-02-24T00:25:21.100000,7463831717,442.2,201.16,71.86,108.82,547.89,928.76,847.2,832.2
221,2023-02-24T00:25:21.105000,7463831718,441.85,201.59,71.71,109.38,547.56,928.86,847.26,832.05
222,2023-02-24T00:25:21.110000,7463831719,442.82,201.5,72.11,109.44,547.86,929.07,847.07,831.46
223,2023-02-24T00:25:21.115000,7463831720,442.18,201.56,71.55,109.65,547.72,929.05,846.71,831.54
224,2023-02-24T00:25:21.120000,7463831721,442.27,201.91,71.83,109.09,547.59,928.82,847.1,831.95
225,2023-02-24T00:25:21.125000,7463831722,442.35,201.61,71.83,109.45,547.9,929.02,846.88,831.98
226,2023-02-24T00:25:21.130000,7463831723,443.15,202.01,72.11,109.39,547.52,928.92,847.35,832.21
227,2023-02-24T00:25:21.135000,7463831724,442.53,202.19,72.2,109.65,547.85,929.11,847.43,831.86
228,2023-02-24T00:25:21.140000,7463831725,442.28,201.8,71.65,109.2,547.22,928.66,847.06,832.11
229,2023-02-24T00:25:21.145000,7463831726,442.25,202,72.22,109.46,547.76,928.68,847.28,831.88
230,2023-02-24T00:25:21.150000,7463831727,443.2,201.79,71.92,109.38,547.72,929.34,847.45,831.88
231,2023-02-24T00:25:21.155000,7463831728,442.01,202.07,72.27,109.1,547.27,928.75,847.62,832.25
232,2023-02-24T00:25:21.160000,7463831729,442.01,201.21,72.01,109.01,547.62,928.91,847.11,832.01
233,2023-02-24T00:25:21.165000,7463831730,442.56,201.76,72.16,109.12,547.53,928.93,847.17,832.41
234,2023-02-24T00:25:21.170000,7463831731,441.91,201.82,71.77,108.85,547.48,928.45,847.78,832.01
235,2023-02-24T00:25:21.175000,7463831732,442.94,201.91,71.79,109.7,547.51,928.8,847.52,832.03
236,2023-02-24T00:25:21.180000,7463831733,442.83,201.69,72.48,108.75,547.64,928.89,847.03,831.7
237,2023-02-24T00:25:21.185000,7463831734,442.14,201.48,72.07,108.64,546.93,928.83,847.07,831.57
238,2023-02-24T00:25:21.190000,7463831735,441.97,202.01,72.39,109.46,547.68,928.83,848.09,832
239,2023-02-24T00:25:21.195000,7463831736,442.41,201.73,72.52,109.17,547.29,928.35,846.92,832.22
240,2023-02-24T00:25:21.200000,7463831737,442.45,201.29,72.59,108.91,547,928.85,846.94,831.97
241,2023-02-24T00:25:21.205000,7463831738,442.25,201.31,72.25,109.45,547.57,929.2,846.85,832.22
242,2023-02-24T00:25:21.210000,7463831739,442.88,201.31,72.21,108.6,547.73,928.92,847.46,832.11
243,2023-02-24T00:25:21.215000,7463831740,441.83,201.46,71.99,109.37,547.68,928.97,847.87,831.32
244,2023-02-24T00:25:21.220000,7463831741,441.99,201.71,71.56,108.73,547.79,928.88,847.02,832.05
245,2023-02-24T00:25:21.225000,7463831742,442.31,201.23,72.14,109.14,547.57,928.78,847,831.94
246,2023-02-24T00:25:21.230000,7463831743,442.13,202.21,72.87,109.63,547.7,929.48,847.31,831.59
247,2023-02-24T00:25:21.235000,7463831744,442.11,201.86,72.9,109.62,548.11,928.65,847.33,832.11
248,2023-02-24T00:25:21.240000,7463831745,442.9,201.42,72.24,108.79,547.47,929.24,847.57,831.49
249,2023-02-24T00:25:21.245000,7463831746,442.39,201.86,72.39,109.09,547.91,929.09,847.09,831.87
250,2023-02-24T00:25:21.250000,7463831747,442.92,201.87,72.23,109.12,548.01,929.26,847.02,831.47
251,2023-02-24T00:25:21.255000,7463831748,442.09,201.41,71.95,108.91,547.97,928.86,846.9,831.9
252,2023-02-24T00:25:21.260000,7463831749,442.63,202.01,72.15,109.29,548.07,928.43,846.57,831.84
253,2023-02-24T00:25:21.265000,7463831750,443.22,201.89,72.68,109.55,547.29,928.64,846.79,831.17
254,2023-02-24T00:25:21.270000,7463831751,442.6,201.67,72.13,109.26,547.41,928.98,847.68,831.4
255,2023-02-24T00:25:21.275000,7463831752,442.13,201.73,71.94,110,547.24,929.31,847.36,831.66
256,2023-02-24T00:25:21.280000,7463831753,442.72,201.93,72.22,109.72,547.02,929.38,846.65,831.8
257,2023-02-24T00:25:21.285000,7463831754,441.61,201.52,71.97,109.38,547.43,929,846.8,831.78
258,2023-02-24T00:25:21.290000,7463831755,441.68,201.73,71.82,109.51,547.38,929.25,847.41,831.88
259,2023-02-24T00:25:21.295000,7463831756,442.59,201.69,72.04,108.89,547.84,929.25,847.32,831.97
260,2023-02-24T00:25:21.300000,7463831757,442.24,201.69,72.35,109.09,547.32,928.18,846.96,831.64
261,2023-02-24T00:25:21.305000,7463831758,442.35,201.79,72.36,109.31,547.8,928.64,847.07,832.21
262,2023-02-24T00:25:21.310000,7463831759,443.05,201.85,71.98,109.39,548.09,929.28,847.2,832.26
263,2023-02-24T00:25:21.315000,7463831760,442.63,201.78,72.01,109.04,547.75,929.04,846.99,832.1
264,2023-02-24T00:25:21.320000,7463831761,442.11,201.66,71.84,109.2,547.35,928.81,847.15,831.42
265,2023-02-24T00:25:21.325000,7463831762,442.73,201.88,72.29,109.37,547.74,929.07,846.98,832.08
266,2023-02-24T00:25:21.330000,7463831763,442.76,201.98,72.54,109.8,547.59,929.05,847.1,832.75
267,2023-02-24T00:25:21.335000,7463831764,441.85,201.93,71.61,108.59,547.64,929.31,847.27,832.09
268,2023-02-24T00:25:21.340000,7463831765,441.92,201.64,72.16,109.1,547.35,928.93,846.99,831.98
269,2023-02-24T00:25:21.345000,7463831766,442.03,201.32,72.66,109.17,547.94,929.29,847.41,831.63
270,2023-02-24T00:25:21.350000,7463831767,442.14,201.2,72.29,109.42,547.85,929.33,847.2,832.16
271,2023-02-24T00:25:21.355000,7463831768,441.77,202.12,72.2,108.67,547.76,929.02,847.49,831.98
272,2023-02-24T00:25:21.360000,7463831769,443.24,201.84,72.46,109.54,548.11,928.69,847.16,832.13
273,2023-02-24T00:25:21.365000,7463831770,442.58,201.8,71.99,109.04,548.23,928.32,846.97,832.33
274,2023-02-24T00:25:21.370000,7463831771,442.12,201.85,72.42,109.17,547.34,929.03,847.42,831.91
275,2023-02-24T00:25:21.375000,7463831772,441.84,201.71,72.07,109.3,548.07,929.14,847.25,832.05
276,2023-02-24T00:25:21.380000,7463831773,442.44,201.93,72.44,109.37,547.79,928.85,847.05,831.96
277,2023-02-24T00:25:21.385000,7463831774,442.33,202.01,72.42,109.06,547.71,929.13,846.86,832.1
278,2023-02-24T00:25:21.390000,7463831775,442.45,201.65,71.93,109.24,547.81,929.01,847.54,832.45
279,2023-02-24T00:25:21.395000,7463831776,441.95,200.99,71.99,109.28,547.33,929.23,846.99,831.84
280,2023-02-24T00:25:21.400000,7463831777,442.55,200.94,72.03,109.51,547.33,929.42,846.64,832.21
281,2023-02-24T00:25:21.405000,7463831778,442.74,201.51,72.44,108.89,547.72,928.55,847.44,831.74
282,2023-02-24T00:25:21.410000,7463831779,442.55,201.72,72.49,109.22,547.62,928.76,847.48,831.97
283,2023-02-24T00:25:21.415000,7463831780,442.79,202.54,71.45,109.65,547.63,929.79,846.58,831.77
284,2023-02-24T00:25:21.420000,7463831781,442.15,202.04,71.99,108.74,547.45,928.9,847.32,831.98
285,2023-02-24T00:25:21.425000,7463831782,442.65,201.84,71.8,109.12,548.01,929.02,846.83,832.23
286,2023-02-24T00:25:21.430000,7463831783,442.59,202.07,72.33,109.25,547.37,929.31,847.01,832.32
287,2023-02-24T00:25:21.435000,7463831784,442.67,201.59,71.76,109.06,547.26,928.93,847.1,832.12
288,2023-02-24T00:25:21.440000,7463831785,442.69,201.47,72.85,109.31,547.93,929.05,847.16,832.59
289,2023-02-24T00:25:21.445000,7463831786,442.59,202.12,71.89,108.99,547.65,928.41,846.68,832.01
290,2023-02-24T00:25:21.450000,7463831787,441.95,201.92,72.07,109.42,547.74,929.25,846.98,832.26
291,2023-02-24T00:25:21.455000,7463831788,442.27,202.11,72.14,109.83,547.76,929.26,847.05,831.95
292,2023-02-24T00:25:21.460000,7463831789,441.94,201.73,72.78,109.32,547.98,928.31,847.05,831.46
293,2023-02-24T00:25:21.465000,7463831790,442.16,201.82,71.92,109,547.39,928.81,846.86,832.03
294,2023-02-24T00:25:21.470000,7463831791,443.15,201.79,72.47,109.42,547.87,928.93,846.88,831.75
295,2023-02-24T00:25:21.475000,7463831792,442.52,201.21,71.99,109.25,547.61,928.74,847.01,831.69
296,2023-02-24T00:25:21.480000,7463831793,441.91,201.7,72.05,108.61,547.32,928.4,847.14,831.87
297,2023-02-24T00:25:21.485000,7463831794,442.74,201.95,72.37,109.14,547.73,928.11,846.77,832.24
298,2023-02-24T00:25:21.490000,7463831795,442.22,201.9,72.25,109.42,548.03,928.96,847.48,832.38
299,2023-02-24T00:25:21.495000,7463831796,442.03,201.39,72.39,109.83,547.43,928.75,846.58,831.6
300,2023-02-24T00:25:21.500000,7463831797,442.16,201.94,72.32,108.63,548.04,929.15,847.33,831.8
301,2023-02-24T00:25:21.505000,7463831798,442.65,201.63,72.16,109.14,547.69,928.9,847.59,831.82
302,2023-02-24T00:25:21.510000,7463831799,441.99,202.14,72.1,109.3,548.05,929.43,847.11,831.75
303,2023-02-24T00:25:21.515000,7463831800,441.45,201.82,71.72,109.59,547.62,929.17,847.05,832.63
304,2023-02-24T00:25:21.520000,7463831801,441.9,201.74,71.75,109.72,547.54,929.01,846.63,831.95
305,2023-02-24T00:25:21.525000,7463831802,442.1,201.56,72.77,109.4,547.29,928.81,847.16,832.18
306,2023-02-24T00:25:21.530000,7463831803,442.2,201.28,72.62,109.31,547.7,928.87,847.54,832.18
307,2023-02-24T00:25:21.535000,7463831804,442.24,201.8,72.47,108.89,547.65,929.1,847.32,831.43
308,2023-02-24T00:25:21.540000,7463831805,442.13,201.77,72.14,108.87,547.68,928.99,847.2,831.29
309,2023-02-24T00:25:21.545000,7463831806,442.17,200.97,72.1,109.54,547.61,929.42,846.87,831.9
310,2023-02-24T00:25:21.550000,7463831807,441.71,202.05,72.03,109.68,547.56,929.79,847.23,831.89
311,2023-02-24T00:25:21.555000,7463831808,442.69,201.69,72.55,109.45,547.79,929.16,846.95,832.05
312,2023-02-24T00:25:21.560000,7463831809,442.01,201.04,72.36,108.97,547.19,928.59,846.85,831.52
313,2023-02-24T00:25:21.565000,7463831810,442.11,201.69,72.19,109.14,547.92,929.12,847.1,831.86
314,2023-02-24T00:25:21.570000,7463831811,442.95,201.12,72.4,109.49,547.2,929.44,847.13,831.68
315,2023-02-24T00:25:21.575000,7463831812,442.28,202.02,72.09,108.68,547.76,928.77,847.29,832.11
316,2023-02-24T00:25:21.580000,7463831813,442.38,201.89,71.79,109.53,546.63,928.75,846.96,831.45
317,2023-02-24T00:25:21.585000,7463831814,442.59,201.69,72.39,109.39,547.38,929.41,847.1,832.01
318,2023-02-24T00:25:21.590000,7463831815,442.3,200.95,72.06,109.06,548.01,929.42,847.21,832.3
319,2023-02-24T00:25:21.595000,7463831816,442.58,201.55,72.35,108.93,547.58,929.28,847.14,832.24
320,2023-02-24T00:25:21.600000,7463831817,442.95,201.65,71.84,108.72,547.59,928.62,847.31,832.16
321,2023-02-24T00:25:21.605000,7463831818,442.92,201.55,72.4,109.1,547.73,928.26,847.67,832.08
322,2023-02-24T00:25:21.610000,7463831819,442.64,202.07,72.34,108.89,547.81,928.93,847.43,831.94
323,2023-02-24T00:25:21.615000,7463831820,442.45,201.66,72.33,108.78,547.34,928.87,847.15,832.55
324,2023-02-24T00:25:21.620000,7463831821,442.41,201.86,72.62,108.93,547.66,928.98,847.2,831.95
325,2023-02-24T00:25:21.625000,7463831822,443.19,201.79,71.92,108.97,547.64,929.39,847.41,832.2
326,2023-02-24T00:25:21.630000,7463831823,442.58,202.26,72.13,109.11,547.61,928.73,847.45,831.92
327,2023-02-24T00:25:21.635000,7463831824,442.26,201.26,72.16,109.43,547.41,928.83,847.31,832.27
328,2023-02-24T00:25:21.640000,7463831825,442.02,201.71,71.73,108.62,547.14,929.39,847.61,832.11
329,2023-02-24T00:25:21.645000,7463831826,442.21,201.43,72.03,109.53,547.62,928.88,847.04,832.04
330,2023-02-24T00:25:21.650000,7463831827,441.5,201.82,72.28,109.26,547.81,928.91,847.58,832.32
331,2023-02-24T00:25:21.655000,7463831828,442.53,202.51,72.29,109,547.99,928.78,847.39,832.62
332,2023-02-24T00:25:21.660000,7463831829,442.1,202.52,72.42,108.77,547.4,928.21,847.14,832.38
333,2023-02-24T00:25:21.665000,7463831830,442.62,201.37,72.49,109.6,547.78,928.98,847.52,831.82
334,2023-02-24T00:25:21.670000,7463831831,442.42,201.99,72.06,109.87,547.99,929.02,847.09,832.28
335,2023-02-24T00:25:21.675000,7463831832,442.35,201.83,72.21,109.59,548.1,929.47,846.95,831.68
336,2023-02-24T00:25:21.680000,7463831833,442.09,202.14,71.73,109.11,547.77,928.58,847.05,831.68
337,2023-02-24T00:25:21.685000,7463831834,442.27,201.66,72.48,109.09,547.76,928.62,846.89,831.9
338,2023-02-24T00:25:21.690000,7463831835,442.14,201.93,72.71,109.07,548.2,929.04,847.35,831.85
339,2023-02-24T00:25:21.695000,7463831836,442.06,201.07,71.74,108.85,547.62,929.11,846.67,831.78
340,2023-02-24T00:25:21.700000,7463831837,442.05,201.19,72.17,109.02,547.58,928.74,846.34,831.46
341,2023-02-24T00:25:21.705000,7463831838,442.44,201.38,71.34,109.07,547.84,928.55,847.18,831.72
342,2023-02-24T00:25:21.710000,7463831839,442.36,201.74,72.14,109.49,547.58,929.31,847.48,831.61
343,2023-02-24T00:25:21.715000,7463831840,442.88,201.87,71.91,109.65,547.66,929.18,847.28,831.96
344,2023-02-24T00:25:21.720000,7463831841,442.42,201.59,71.97,109.57,547.78,929.08,846.41,832.01
345,2023-02-24T00:25:21.725000,7463831842,441.94,202.3,72.69,109.11,548.16,929.13,847.09,832.52
346,2023-02-24T00:25:21.730000,7463831843,442.6,202.42,72.61,109.53,547.91,928.45,847.3,832.47
347,2023-02-24T00:25:21.735000,7463831844,441.99,201.97,72.32,108.5,548.06,929.45,847.04,832.05
348,2023-02-24T00:25:21.740000,7463831845,442.06,202.36,72.42,109.08,547.76,929.14,846.91,831.68
349,2023-02-24T00:25:21.745000,7463831846,442.54,201.92,72.14,109.74,548.09,929.38,847.46,832.53
350,2023-02-24T00:25:21.750000,7463831847,442.53,201.34,71.41,109.12,547.52,929.19,847.46,832.38
351,2023-02-24T00:25:21.755000,7463831848,442.6,202.04,71.65,109.44,547.43,928.64,846.89,831.94
352,2023-02-24T00:25:21.760000,7463831849,442.65,201.58,71.96,109.23,547.49,928.57,847.19,832.1
353,2023-02-24T00:25:21.765000,7463831850,442.74,202.11,72.3,109.23,548.02,929.38,848.02,832.15
354,2023-02-24T00:25:21.770000,7463831851,442.48,201.76,72.2,108.86,548.02,928.92,847.65,832.18
355,2023-02-24T00:25:21.775000,7463831852,441.85,201.6,72.12,109.48,547.42,929.13,847.5,831.25
356,2023-02-24T00:25:21.780000,7463831853,441.56,201.44,71.97,109.13,547.3,928.77,846.91,831.78
357,2023-02-24T00:25:21.785000,7463831854,442.41,202.18,71.87,109.05,547.76,929.22,846.97,831.4
358,2023-02-24T00:25:21.790000,7463831855,442.69,201.91,72.24,108.93,548.17,929.43,847.86,832.25
359,2023-02-24T00:25:21.795000,7463831856,442.2,201.37,72.54,109.52,547.59,928.96,847.2,832.28
360,2023-02-24T00:25:21.800000,7463831857,442.64,201.15,71.85,108.63,547.69,928.95,846.41,831.41
361,2023-02-24T00:25:21.805000,7463831858,442.45,201.61,72.1,109.12,547.59,928.86,846.98,831.97
362,2023-02-24T00:25:21.810000,7463831859,443.15,202.04,72.18,109.15,547.95,929.16,847.27,831.5
363,2023-02-24T00:25:21.815000,7463831860,442.32,202.05,72.14,109.41,547.52,929.07,847.44,831.96
364,2023-02-24T00:25:21.820000,7463831861,442.43,201,72.09,109.44,547.27,928.89,846.81,832.33
365,2023-02-24T00:25:21.825000,7463831862,442.64,201.68,72.36,109.71,547.45,929.11,847.61,832.03
366,2023-02-24T00:25:21.830000,7463831863,442.19,201.38,72.39,109.56,547.48,929.09,847.63,831.69
367,2023-02-24T00:25:21.835000,7463831864,442.56,201.67,72.14,109.1,547.45,928.64,847.15,831.98
368,2023-02-24T00:25:21.840000,7463831865,442.27,201.64,72.02,109.36,547.63,928.39,847.39,832.04
369,2023-02-24T00:25:21.845000,7463831866,442.66,201.94,72.3,109.31,547.29,929.35,847.86,831.76
370,2023-02-24T00:25:21.850000,7463831867,442.39,201.66,72.32,109.17,547.82,928.8,847.55,831.65
371,2023-02-24T00:25:21.855000,7463831868,442.59,201.82,71.95,109.56,547.39,928.95,846.87,832.11
372,2023-02-24T00:25:21.860000,7463831869,442.48,202.4,72.14,109.25,547.19,928.36,846.79,832
373,2023-02-24T00:25:21.865000,7463831870,442.87,201.93,72.23,109.41,547.4,928.87,847.85,831.66
374,2023-02-24T00:25:21.870000,7463831871,442.06,201.65,72.22,109.62,547.48,929.07,847.26,832.01
375,2023-02-24T00:25:21.875000,7463831872,442.44,201.62,71.87,109.02,547.62,929.4,846.94,831.86
376,2023-02-24T00:25:21.880000,7463831873,442,201.91,72.04,109.31,547.52,929.2,846.94,832.05
377,2023-02-24T00:25:21.885000,7463831874,442.6,202.17,71.62,109.74,547.55,929.35,846.79,832.13
378,2023-02-24T00:25:21.890000,7463831875,442.45,201.71,72.14,109.2,547.91,929.57,847.15,831.95
379,2023-02-24T00:25:21.895000,7463831876,442.68,201.81,72.49,108.72,547.53,929.13,847.08,832.09
380,2023-02-24T00:25:21.900000,7463831877,442.52,201.81,71.95,109,547.54,929.33,846.88,831.33
381,2023-02-24T00:25:21.905000,7463831878,441.71,202.26,71.69,108.57,547.91,929.04,847.24,832.05
382,2023-02-24T00:25:21.910000,7463831879,441.59,201.97,71.73,108.9,547.85,929.35,847.15,832.29
383,2023-02-24T00:25:21.915000,7463831880,442.21,201.59,72.66,109.07,547.45,928.77,846.93,831.49
384,2023-02-24T00:25:21.920000,7463831881,442.42,202,72.07,108.83,547.24,928.53,846.93,832.41
385,2023-02-24T00:25:21.925000,7463831882,442.27,201.29,72.21,109.36,547.38,929.43,847.23,832.46
386,2023-02-24T00:25:21.930000,7463831883,442.07,201.6,72.3,109.15,547.57,928.86,846.84,832.2
387,2023-02-24T00:25:21.935000,7463831884,441.72,202.12,72.18,109.19,547.68,929.02,847.13,831.89
388,2023-02-24T00:25:21.940000,7463831885,442.32,201.54,71.92,108.94,547.6,928.46,846.98,832.19
389,2023-02-24T00:25:21.945000,7463831886,442.7,201.89,71.8,109.72,548.25,929.51,847.4,832.48
390,2023-02-24T00:25:21.950000,7463831887,442.57,201.78,71.92,109.29,547.24,929.22,847.11,832.69
391,2023-02-24T00:25:21.955000,7463831888,441.97,201.56,72.76,109.06,547.85,929.21,846.89,832.05
392,2023-02-24T00:25:21.960000,7463831889,441.85,201.31,72,109.05,547.27,928.68,846.66,831.95
393,2023-02-24T00:25:21.965000,7463831890,441.98,202.21,72.35,109.52,547.3,928.99,847.17,831.6
394,2023-02-24T00:25:21.970000,7463831891,442.74,201.56,71.76,109.2,547.79,929.18,847.31,831.74
395,2023-02-24T00:25:21.975000,7463831892,441.97,201.24,71.78,108.75,547.57,928.74,847.61,831.75
396,2023-02-24T00:25:21.980000,7463831893,442.89,201.84,72.06,109.15,546.82,928.76,847.2,831.75
397,2023-02-24T00:25:21.985000,7463831894,442.42,201.51,71.43,109.1,546.8,928.79,847.22,832.52
398,2023-02-24T00:25:21.990000,7463831895,442.04,201.93,72.49,109.42,547.71,929.08,847.3,831.7
399,2023-02-24T00:25:21.995000,7463831896,442.2,201.72,72.11,108.71,547.85,929.01,847.61,832.03
400,2023-02-24T00:25:22,7463831897,441.86,201.63,71.95,108.44,547.25,929.04,847.21,831.77
401,2023-02-24T00:25:22.005000,7463831898,442.31,201.87,72.24,109.11,548.21,929.27,847.89,831.6
402,2023-02-24T00:25:22.010000,7463831899,442.43,202.59,71.76,108.78,547.58,929.62,847.15,832.24
403,2023-02-24T00:25:22.015000,7463831900,442.36,202.36,71.63,109.57,547.47,929.53,847.16,831.9
404,2023-02-24T00:25:22.020000,7463831901,442.44,201.71,71.49,109.13,547.37,929.47,846.65,831.83
405,2023-02-24T00:25:22.025000,7463831902,441.97,201.31,72.29,109.34,547.31,928.9,847.25,832.08
406,2023-02-24T00:25:22.030000,7463831903,442.1,201.37,72.36,109.06,548.12,929.1,847.26,831.71
407,2023-02-24T00:25:22.035000,7463831904,441.78,201.57,71.81,108.67,548.09,928.69,847.08,831.84
408,2023-02-24T00:25:22.040000,7463831905,442.01,201.3,71.92,109.44,547.76,928.56,846.71,832.31
409,2023-02-24T00:25:22.045000,7463831906,441.83,202.07,72.5,110,547.64,929.03,846.83,831.96
410,2023-02-24T00:25:22.050000,7463831907,442.9,201.77,72.44,109.1,548.24,929.02,847.36,832.36
411,2023-02-24T00:25:22.055000,7463831908,442.67,201.58,71.43,109.2,547.48,928.95,848.08,831.91
412,2023-02-24T00:25:22.060000,7463831909,442.66,201.27,71.66,109.28,547.91,928.35,847.25,832.04
413,2023-02-24T00:25:22.065000,7463831910,442.69,201.61,72.07,109.04,547.55,928.36,847.48,831.87
414,2023-02-24T00:25:22.070000,7463831911,442.17,202.03,72.11,109.4,547.44,929.29,847.45,832.31
415,2023-02-24T00:25:22.075000,7463831912,442.05,201.48,72.03,109.06,547.34,928.73,847.41,831.57
416,2023-02-24T00:25:22.080000,7463831913,442.46,201.49,71.92,108.58,547.82,928.71,846.65,831.68
417,2023-02-24T00:25:22.085000,7463831914,442.8,201.51,72.43,108.71,547.93,928.85,847.05,831.24
418,2023-02-24T00:25:22.090000,7463831915,441.92,201.8,72.57,109.49,547.64,929.06,847.61,831.5
419,2023-02-24T00:25:22.095000,7463831916,442.19,201.23,72.22,109.07,547.74,929.01,846.82,831.6
420,2023-02-24T00:25:22.100000,7463831917,442.07,201,71.66,109.06,547.71,929.04,846.82,831.4
421,2023-02-24T00:25:22.105000,7463831918,441.95,201.27,72.31,109.78,547.63,928.63,847.06,832.48
422,2023-02-24T00:25:22.110000,7463831919,442.5,201.53,71.99,108.96,548.57,929.24,847.63,832.27
423,2023-02-24T00:25:22.115000,7463831920,442.12,200.97,71.57,109.4,547.79,928.91,847.57,831.92
424,2023-02-24T00:25:22.120000,7463831921,442.28,201.56,72.16,109.42,547.99,928.77,846.96,832.12
425,2023-02-24T00:25:22.125000,7463831922,442.05,201.82,72.18,109.23,547.73,928.43,847.01,831.71
426,2023-02-24T00:25:22.130000,7463831923,442.72,201.9,72.22,109.84,547.62,928.86,847.2,831.68
427,2023-02-24T00:25:22.135000,7463831924,442.52,201.96,72.08,109.26,547.71,929.41,847.31,832
428,2023-02-24T00:25:22.140000,7463831925,442.98,201.61,71.59,109.42,547.39,928.61,846.75,831.87
429,2023-02-24T00:25:22.145000,7463831926,442.5,202,72.15,109.1,547.33,929.18,847.04,832.18
430,2023-02-24T00:25:22.150000,7463831927,442.2,202.08,72.04,109.4,547.72,928.85,847.31,832.13
431,2023-02-24T00:25:22.155000,7463831928,442.44,201.32,72.29,109.24,547.18,928.33,847.41,831.58
432,2023-02-24T00:25:22.160000,7463831929,442.07,202.04,72.41,109.5,547.47,929.11,847.11,831.99
433,2023-02-24T00:25:22.165000,7463831930,441.49,201.62,72.23,109.67,548.1,928.76,847.26,831.08
434,2023-02-24T00:25:22.170000,7463831931,442.81,201.85,72.13,109.65,547.61,929.1,846.82,832.15
435,2023-02-24T00:25:22.175000,7463831932,441.67,201.48,71.73,108.81,547.77,929.12,846.95,831.78
436,2023-02-24T00:25:22.180000,7463831933,441.61,201.71,71.42,108.98,547.49,928.45,846.83,831.86
437,2023-02-24T00:25:22.185000,7463831934,442.06,201.73,71.82,109.19,547.76,928.83,846.75,832.28
438,2023-02-24T00:25:22.190000,7463831935,442.51,202.58,72.4,109.15,548.58,929.43,847.36,832.36
439,2023-02-24T00:25:22.195000,7463831936,442.89,201.78,72.23,109.55,548.13,928.54,847.09,831.66
440,2023-02-24T00:25:22.200000,7463831937,442.23,201.06,72.28,109.45,547.26,928.68,846.87,831.54
441,2023-02-24T00:25:22.205000,7463831938,442.54,201.62,72.21,109,547.46,929.07,847.62,832.06
442,2023-02-24T00:25:22.210000,7463831939,442.69,201.34,71.58,108.79,548.53,928.71,847.5,831.71
443,2023-02-24T00:25:22.215000,7463831940,443.14,201.66,72.42,109,548.16,929.13,847.42,832.08
444,2023-02-24T00:25:22.220000,7463831941,442.45,202.12,71.89,109.14,547.61,928.73,846.78,831.68
445,2023-02-24T00:25:22.225000,7463831942,442.39,201.74,71.74,109.25,547.25,928.72,846.98,832.27
446,2023-02-24T00:25:22.230000,7463831943,442.89,202.25,71.63,109.27,548.19,929.71,846.9,831.75
447,2023-02-24T00:25:22.235000,7463831944,441.97,201.76,71.95,109.17,547.27,927.84,847.1,831.54
448,2023-02-24T00:25:22.240000,7463831945,441.59,201.43,71.75,108.75,547.9,928.39,847.06,832.14
449,2023-02-24T00:25:22.245000,7463831946,442.43,201.98,72.43,108.93,548.01,928.96,847.08,831.55
450,2023-02-24T00:25:22.250000,7463831947,441.81,201.72,72.89,109.38,547.56,929.52,847.34,831.51
451,2023-02-24T00:25:22.255000,7463831948,441.75,201.45,72.2,109.14,546.88,928.93,847.67,832.01
452,2023-02-24T00:25:22.260000,7463831949,442.31,201.37,72.14,109.6,547.7,929.07,847.37,831.75
453,2023-02-24T00:25:22.265000,7463831950,442.36,202.16,72.58,108.99,547.28,928.85,847.48,832.05
454,2023-02-24T00:25:22.270000,7463831951,442.35,201.98,71.9,109.22,547.84,929.09,847.29,831.9
455,2023-02-24T00:25:22.275000,7463831952,442.04,202.3,72.6,109.82,547.42,928.86,846.68,831.59
456,2023-02-24T00:25:22.280000,7463831953,441.94,201.28,71.99,108.99,548.28,928.88,846.48,831.51
457,2023-02-24T00:25:22.285000,7463831954,441.42,201.79,71.97,109.19,547.34,928.6,847.56,831.88
458,2023-02-24T00:25:22.290000,7463831955,442.57,201.52,72.54,109.29,547.59,929.11,847.2,831.91
459,2023-02-24T00:25:22.295000,7463831956,441.77,201.81,71.74,109.32,547.43,928.84,847.01,832.28
460,2023-02-24T00:25:22.300000,7463831957,441.97,201.6,72.01,109.02,547.29,928.53,847.02,831.35
461,2023-02-24T00:25:22.305000,7463831958,441.89,201.86,71.95,108.84,548.29,928.61,846.69,831.57
462,2023-02-24T00:25:22.310000,7463831959,442.48,201.66,72.23,109.58,548.26,929.75,847.72,832.23
463,2023-02-24T00:25:22.315000,7463831960,441.65,201.57,71.68,109.08,547.58,929.03,847.82,831.3
464,2023-02-24T00:25:22.320000,7463831961,441.94,201.01,71.82,108.78,547.51,929.09,846.79,831.59
465,2023-02-24T00:25:22.325000,7463831962,441.72,201.42,72,109.39,547.67,929.1,847.03,831.56
466,2023-02-24T00:25:22.330000,7463831963,441.67,202.01,71.41,109.34,547.91,929.06,847.08,832.31
467,2023-02-24T00:25:22.335000,7463831964,442.95,202.26,72.24,108.99,547.89,929.61,847.32,832.03
468,2023-02-24T00:25:22.340000,7463831965,442.48,201.46,72.51,109.13,548.1,928.91,846.47,831.98
469,2023-02-24T00:25:22.345000,7463831966,442.43,201.91,72.09,108.6,547.48,929.34,847.57,832.08
470,2023-02-24T00:25:22.350000,7463831967,442.45,202.1,71.78,108.93,547.99,929.6,848.32,831.99
471,2023-02-24T00:25:22.355000,7463831968,442.06,201.53,72.42,109,548.13,929.25,847.35,832.13
472,2023-02-24T00:25:22.360000,7463831969,442.26,201.43,72.39,108.91,547.59,928.66,847,832.04
473,2023-02-24T00:25:22.365000,7463831970,442.38,202.14,71.31,109.11,547.61,928.75,846.95,831.49
474,2023-02-24T00:25:22.370000,7463831971,442.78,201.68,72.34,109.69,547.62,929.6,847.17,832.17
475,2023-02-24T00:25:22.375000,7463831972,441.87,201.76,71.94,108.82,547.28,928.86,847.13,831.5
476,2023-02-24T00:25:22.380000,7463831973,442.15,201.95,72.01,109.62,548.03,929.03,846.83,831.67
477,2023-02-24T00:25:22.385000,7463831974,442.85,201.99,72.57,109.42,548.3,928.76,847.55,831.62
478,2023-02-24T00:25:22.390000,7463831975,442.25,201.76,72.29,109.12,547.84,929.18,847.71,832.8
479,2023-02-24T00:25:22.395000,7463831976,442.1,201.53,72.38,109.53,547.95,928.72,847.04,832.03
480,2023-02-24T00:25:22.400000,7463831977,442.07,201.07,72.17,108.56,547.21,928.59,847.16,831.79
481,2023-02-24T00:25:22.405000,7463831978,442.12,202.23,72.3,108.83,548.24,929.3,847.49,831.56
482,2023-02-24T00:25:22.410000,7463831979,442.75,202.33,72.27,109,547.9,928.51,847.37,832.04
483,2023-02-24T00:25:22.415000,7463831980,442.36,201.26,72.56,109.32,548,928.52,846.76,832.11
484,2023-02-24T00:25:22.420000,7463831981,441.7,201.34,72.23,109.25,547.18,928.37,847.43,831.93
485,2023-02-24T00:25:22.425000,7463831982,442.15,201.71,71.46,109.52,547.8,928.66,847.23,832.19
486,2023-02-24T00:25:22.430000,7463831983,442.61,201.78,71.47,110,547.74,929.08,847.62,832.04
487,2023-02-24T00:25:22.435000,7463831984,442.45,201.71,72.04,109.38,547.34,928.81,847.07,831.9
488,2023-02-24T00:25:22.440000,7463831985,441.85,201.48,71.99,109.32,547.47,928.71,846.79,831.31
489,2023-02-24T00:25:22.445000,7463831986,442.16,201.65,71.84,109.06,547.69,928.92,847.16,831.69
490,2023-02-24T00:25:22.450000,7463831987,442.42,202.05,71.96,109.45,547.91,928.91,847.55,832.1
491,2023-02-24T00:25:22.455000,7463831988,442.36,201.77,72,108.84,547.45,929.36,847.08,831.91
492,2023-02-24T00:25:22.460000,7463831989,442.37,201.46,71.89,108.79,547.89,928.74,846.95,831.73
493,2023-02-24T00:25:22.465000,7463831990,441.66,201.9,72.52,109.05,547.55,928.74,846.91,831.86
494,2023-02-24T00:25:22.470000,7463831991,442.02,202.45,71.87,109.53,548.46,928.95,847.16,831.46
495,2023-02-24T00:25:22.475000,7463831992,442.35,201.71,72.2,108.99,547.94,928.9,846.97,831.97
496,2023-02-24T00:25:22.480000,7463831993,441.99,201.29,71.92,108.81,547.13,929.02,846.99,831.77
497,2023-02-24T00:25:22.485000,7463831994,442.86,202.17,71.74,110.1,547.91,929.29,848.16,831.47
498,2023-02-24T00:25:22.490000,7463831995,442.54,201.74,71.99,109.55,547.71,929.09,847.35,832.08
499,2023-02-24T00:25:22.495000,7463831996,442.21,201.92,72.26,109.83,547.68,929.06,846.76,832.01
500,2023-02-24T00:25:22.500000,7463831997,441.77,201.32,72.81,109.26,547.88,928.65,846.9,831.46
501,2023-02-24T00:25:22.505000,7463831998,441.9,201.82,72.7,109.17,547.82,929.42,846.48,831.63
502,2023-02-24T00:25:22.510000,7463831999,442.5,201.62,72.47,109.57,547.79,929.45,847.67,831.64
503,2023-02-24T00:25:22.515000,7463832000,442.11,201.61,72.79,109.39,547.41,928.9,847.49,832.28
504,2023-02-24T00:25:22.520000,7463832001,442.02,201.06,71.93,108.66,547.65,928.83,846.83,831.72
505,2023-02-24T00:25:22.525000,7463832002,442.38,201.48,71.66,109.44,547.2,928.47,847.09,831.6
506,2023-02-24T00:25:22.530000,7463832003,442.54,201.5,72.63,109.39,548,929.04,847.56,832.3
507,2023-02-24T00:25:22.535000,7463832004,442.33,202.04,72.02,109.39,548.08,928.57,846.82,832.63
508,2023-02-24T00:25:22.540000,7463832005,441.89,201.62,72.26,109.48,547,928.48,846.25,831.77
509,2023-02-24T00:25:22.545000,7463832006,442.11,201.62,72.36,109.11,547.44,928.94,847.04,832.16
510,2023-02-24T00:25:22.550000,7463832007,442.69,201.64,71.91,109.54,547.66,929.38,847.5,831.88
511,2023-02-24T00:25:22.555000,7463832008,443.09,202.06,72.23,109.19,546.93,929.4,847.21,831.95
512,2023-02-24T00:25:22.560000,7463832009,442.46,201.42,72.28,108.7,547.28,928.85,846.78,831.97
513,2023-02-24T00:25:22.565000,7463832010,442.6,201.65,72.23,109.24,547.78,928.51,846.68,832.44
514,2023-02-24T00:25:22.570000,7463832011,442.28,202.18,72.33,109.46,547.65,929.01,847.09,831.49
515,2023-02-24T00:25:22.575000,7463832012,442.14,201.86,72.16,109.26,547.42,929.29,847.4,831.55
516,2023-02-24T00:25:22.580000,7463832013,441.87,201.69,71.73,109.3,547.63,929.04,847,832.31
517,2023-02-24T00:25:22.585000,7463832014,441.77,201.98,72.13,108.95,547.39,928.8,846.79,831.55
518,2023-02-24T00:25:22.590000,7463832015,442.75,201.94,72.64,109.21,548.61,929.32,847.41,831.93
519,2023-02-24T00:25:22.595000,7463832016,442.3,202.15,72.09,109.63,547.85,928.9,847.28,831.79
520,2023-02-24T00:25:22.600000,7463832017,442.03,201.36,72.19,109.46,547.28,928.89,847.44,831.65
521,2023-02-24T00:25:22.605000,7463832018,442.71,201.21,71.55,109.34,547.61,928.61,847.24,831.91
522,2023-02-24T00:25:22.610000,7463832019,442.49,201.76,71.63,109.26,547.65,929.64,847.4,832.2
523,2023-02-24T00:25:22.615000,7463832020,442.02,201.25,72.01,109.28,547.6,929.08,847.12,831.73
524,2023-02-24T00:25:22.620000,7463832021,441.98,201.95,71.89,109.32,547.43,929.04,847.19,831.92
525,2023-02-24T00:25:22.625000,7463832022,442.48,201.52,72.32,108.91,547.36,928.91,847.28,831.72
526,2023-02-24T00:25:22.630000,7463832023,442,201.82,71.68,109.58,547.59,928.59,847.41,831.82
527,2023-02-24T00:25:22.635000,7463832024,441.94,201.86,71.69,109.27,547.17,929.56,847.02,831.76
528,2023-02-24T00:25:22.640000,7463832025,442.5,201.36,72.64,109.94,547.06,928.61,847.15,831.66
529,2023-02-24T00:25:22.645000,7463832026,442.25,201.67,72.04,109.86,547.6,928.76,847.36,832.06
530,2023-02-24T00:25:22.650000,7463832027,442.11,201.44,72.7,109.43,548.44,929.41,847.57,831.96
531,2023-02-24T00:25:22.655000,7463832028,442.12,202.15,72.24,109.44,547.84,929.42,847.24,831.79
532,2023-02-24T00:25:22.660000,7463832029,442.69,201.39,72.12,109.3,548.19,928.3,846.84,831.75
533,2023-02-24T00:25:22.665000,7463832030,441.98,201.23,71.28,109.29,548.07,928.77,847.53,832.13
534,2023-02-24T00:25:22.670000,7463832031,442.36,202.09,71.76,109.86,547.73,929.74,847.34,831.96
535,2023-02-24T00:25:22.675000,7463832032,442.71,202.11,72.15,109.29,548.25,929.38,847.32,831.86
536,2023-02-24T00:25:22.680000,7463832033,442.52,201.55,72.19,109.05,547.66,929.14,846.66,832.25
537,2023-02-24T00:25:22.685000,7463832034,442.62,202.03,71.8,108.73,547.51,928.97,847.04,832.28
538,2023-02-24T00:25:22.690000,7463832035,442.32,201.33,71.76,109.53,547.82,929.2,847.4,832.2
539,2023-02-24T00:25:22.695000,7463832036,442.98,201.97,72.23,110.09,547.77,929.04,846.93,832.15
540,2023-02-24T00:25:22.700000,7463832037,442.7,201.56,72.53,108.94,547.89,928.81,847.18,831.83
541,2023-02-24T00:25:22.705000,7463832038,442.41,201.74,72.37,109.14,548.18,928.84,846.77,831.99
542,2023-02-24T00:25:22.710000,7463832039,443.21,201.81,72.48,109.17,548,929.41,847.68,831.86
543,2023-02-24T00:25:22.715000,7463832040,442.99,201.13,71.99,109.13,547.66,929.2,847.31,831.54
544,2023-02-24T00:25:22.720000,7463832041,442.76,201.36,72.31,109.16,547.24,928.48,846.91,832.19
545,2023-02-24T00:25:22.725000,7463832042,443.01,202.01,72.21,109.34,548.06,929.59,847.02,832.01
546,2023-02-24T00:25:22.730000,7463832043,441.67,201.93,72.11,109.2,547.36,929.17,847.08,831.85
547,2023-02-24T00:25:22.735000,7463832044,441.98,202.01,71.79,109.41,547.62,929.17,846.57,831.61
548,2023-02-24T00:25:22.740000,7463832045,442.12,201.36,71.65,109.49,547.26,928.15,846.74,831.84
549,2023-02-24T00:25:22.745000,7463832046,442.66,201.61,72.57,109.09,548.06,928.66,847.42,832.41
550,2023-02-24T00:25:22.750000,7463832047,442.5,201.75,72.37,108.98,547.78,929.07,847.07,831.68
551,2023-02-24T00:25:22.755000,7463832048,442.52,201.74,72.05,108.88,547.44,928.13,846.84,831.57
552,2023-02-24T00:25:22.760000,7463832049,442.39,201.61,71.94,108.75,547.77,928.95,846.92,831.32
553,2023-02-24T00:25:22.765000,7463832050,442.46,201.97,72.49,109.08,547.89,928.84,846.87,831.5
554,2023-02-24T00:25:22.770000,7463832051,442.55,202.19,72.36,109.12,547.91,929.2,847.62,832.23
555,2023-02-24T00:25:22.775000,7463832052,442.45,201.74,72.41,109.44,547.4,929.21,847.57,832.14
556,2023-02-24T00:25:22.780000,7463832053,441.91,201.39,72.14,109.4,547.76,928.45,847.03,831.75
557,2023-02-24T00:25:22.785000,7463832054,442.59,201.37,72.22,109.07,547.95,928.95,847.19,832.31
558,2023-02-24T00:25:22.790000,7463832055,442.37,201.71,72.13,108.61,548.12,929.31,847.4,831.91
559,2023-02-24T00:25:22.795000,7463832056,442.17,201.73,71.98,109.14,547.33,929.35,846.77,831.72
560,2023-02-24T00:25:22.800000,7463832057,442.51,201.28,72.35,109.32,547.16,928.96,846.91,831.84
561,2023-02-24T00:25:22.805000,7463832058,442.66,201.96,72.22,109.81,547.36,929.33,847.04,832.38
562,2023-02-24T00:25:22.810000,7463832059,441.98,201.26,72.06,109.49,547.99,929.36,846.73,831.77
563,2023-02-24T00:25:22.815000,7463832060,442.55,201.68,72.05,109.6,547.31,928.64,847.21,832.23
564,2023-02-24T00:25:22.820000,7463832061,442.61,201.1,72.19,109.06,547.61,928.23,847.18,832.06
565,2023-02-24T00:25:22.825000,7463832062,442.29,201.06,72.15,109.11,547.85,928.85,846.86,831.99
566,2023-02-24T00:25:22.830000,7463832063,442.57,201.72,72.27,108.78,547.88,929.58,846.68,831.84
567,2023-02-24T00:25:22.835000,7463832064,442.86,201.62,72.17,108.85,547.78,929.06,847.32,832.1
568,2023-02-24T00:25:22.840000,7463832065,441.9,201.16,71.71,109.22,547.51,928.4,846.78,831.34
569,2023-02-24T00:25:22.845000,7463832066,442.07,201.43,71.9,109.3,547.79,928.64,846.69,831.62
570,2023-02-24T00:25:22.850000,7463832067,442.24,201.94,72.5,109.1,547.68,928.75,847.59,831.82
571,2023-02-24T00:25:22.855000,7463832068,442.31,201.86,71.86,108.69,547.8,928.65,847.29,832.38
572,2023-02-24T00:25:22.860000,7463832069,442.32,201.5,72.09,109.42,546.98,928.83,847.08,832.19
573,2023-02-24T00:25:22.865000,7463832070,442.68,201.69,72.24,109.4,547.18,929.06,847.58,832.22
574,2023-02-24T00:25:22.870000,7463832071,442.8,201.46,72.26,109.29,547.38,929.02,847,832.54
575,2023-02-24T00:25:22.875000,7463832072,442.19,202.41,72.41,109.14,547.64,928.57,847.61,832.14
576,2023-02-24T00:25:22.880000,7463832073,442.05,201.79,71.58,108.69,547.79,928.66,846.59,831.55
577,2023-02-24T00:25:22.885000,7463832074,443.02,201.88,72.17,108.99,548.29,929.01,846.76,831.57
578,2023-02-24T00:25:22.890000,7463832075,442.6,201.86,72.12,109.18,547.93,929.67,847.65,832.17
579,2023-02-24T00:25:22.895000,7463832076,442.42,201.62,72.49,108.96,547.67,929.02,847.46,831.58
580,2023-02-24T00:25:22.900000,7463832077,441.54,201.52,72.23,109.43,547.33,928.92,847.21,831.45
581,2023-02-24T00:25:22.905000,7463832078,443.17,201.54,72.17,109.45,548.01,928.6,847.14,831.76
582,2023-02-24T00:25:22.910000,7463832079,441.81,201.78,72.22,109.31,548.03,929.13,847.63,831.73
583,2023-02-24T00:25:22.915000,7463832080,442.63,202.6,71.88,109.12,547.69,929.36,847.47,831.81
584,2023-02-24T00:25:22.920000,7463832081,442.11,201.84,71.84,109.07,547.21,928.85,847.08,831.76
585,2023-02-24T00:25:22.925000,7463832082,442.3,201.73,72.39,108.81,547.69,928.81,846.76,832.32
586,2023-02-24T00:25:22.930000,7463832083,441.88,201.88,72.12,109.7,548.08,929.16,847.22,831.76
587,2023-02-24T00:25:22.935000,7463832084,443.3,201.85,71.88,109.25,548.09,929.35,846.98,831.84
588,2023-02-24T00:25:22.940000,7463832085,442.12,202.08,72.53,109.22,547.34,928.4,846.73,831.74
589,2023-02-24T00:25:22.945000,7463832086,442.28,201.87,72.43,108.88,547.91,929.5,846.97,831.51
590,2023-02-24T00:25:22.950000,7463832087,442.77,201.73,72.23,109.37,547.85,929.31,847.61,831.82
591,2023-02-24T00:25:22.955000,7463832088,442.58,201.81,72.14,109.65,548.03,928.82,846.87,832.14
592,2023-02-24T00:25:22.960000,7463832089,442.44,201.5,72.32,109.37,547.66,928.56,847.24,831.66
593,2023-02-24T00:25:22.965000,7463832090,442.28,202.09,72.15,109.1,547.82,929.07,847.58,831.91
594,2023-02-24T00:25:22.970000,7463832091,442.09,202.33,72.34,109.07,547.46,929.24,847.06,831.54
595,2023-02-24T00:25:22.975000,7463832092,442.24,201.83,72.35,109,547.58,929.54,847.31,831.45
596,2023-02-24T00:25:22.980000,7463832093,441.76,201.26,72.01,108.96,547.78,928.93,847.36,832.26
597,2023-02-24T00:25:22.985000,7463832094,442.01,202.09,71.95,108.89,547.89,928.98,846.87,832.29
598,2023-02-24T00:25:22.990000,7463832095,442.87,201.64,71.63,109.43,547.49,928.64,846.96,831.64
599,2023-02-24T00:25:22.995000,7463832096,442.02,201.83,72.44,109.22,547.4,928.65,847.16,831.98
600,2023-02-24T00:25:23,7463832097,441.83,201.99,71.68,108.92,548.02,928.46,846.74,831.61
601,2023-02-24T00:25:23.005000,7463832098,442.36,201.72,72.1,109.13,547.76,928.9,847.44,832.05
602,2023-02-24T00:25:23.010000,7463832099,442.98,202.09,73.02,109.9,547.71,929.43,847.7,831.52
603,2023-02-24T00:25:23.015000,7463832100,443.16,201.86,72.29,109.04,547.51,928.6,847.05,832.18
604,2023-02-24T00:25:23.020000,7463832101,442.95,201.96,72.16,109.67,547.74,928.98,846.95,832.14
605,2023-02-24T00:25:23.025000,7463832102,441.64,202.03,72,109.62,547.79,928.88,846.71,832.05
606,2023-02-24T00:25:23.030000,7463832103,442.77,200.99,72.67,109.34,547.86,929.34,847.02,831.69
607,2023-02-24T00:25:23.035000,7463832104,442.65,201.57,71.75,109.13,548.31,928.78,846.94,831.48
608,2023-02-24T00:25:23.040000,7463832105,441.8,201.59,72.28,108.7,547.91,928.12,846.8,831.97
609,2023-02-24T00:25:23.045000,7463832106,442.06,202.44,72.78,109.12,548.13,929.45,847.21,831.77
610,2023-02-24T00:25:23.050000,7463832107,442.48,202.32,72.34,109,548.14,929.64,847.85,832.23
611,2023-02-24T00:25:23.055000,7463832108,442.25,201.51,72.17,109.22,547.7,928.79,846.76,831.84
612,2023-02-24T00:25:23.060000,7463832109,441.86,201.14,71.72,108.54,547.23,928.69,846.88,831.76
613,2023-02-24T00:25:23.065000,7463832110,442.16,201.06,71.84,109.58,547.86,929.53,846.89,832.22
614,2023-02-24T00:25:23.070000,7463832111,442.77,201.77,72.38,109.93,547.7,928.65,847.71,832.35
615,2023-02-24T00:25:23.075000,7463832112,442.27,201.31,72.34,109.27,547.41,929.33,847.77,832.05
616,2023-02-24T00:25:23.080000,7463832113,442.51,201.5,72.46,109.02,547.09,928.64,847.5,832.02
617,2023-02-24T00:25:23.085000,7463832114,441.97,201.22,71.61,109.28,547.1,928.8,846.7,831.88
618,2023-02-24T00:25:23.090000,7463832115,442.17,201.56,72.5,109.37,547.69,928.93,848.13,831.87
619,2023-02-24T00:25:23.095000,7463832116,442.35,201.95,72.53,109.61,547.69,928.7,847.39,832.13
620,2023-02-24T00:25:23.100000,7463832117,442.58,201.6,72.21,108.98,547.46,928.89,847.68,831.3
621,2023-02-24T00:25:23.105000,7463832118,442.44,201.15,72.81,108.99,548.21,928.91,847.94,831.48
622,2023-02-24T00:25:23.110000,7463832119,442.67,202.04,72.49,109.34,547.75,928.88,847.06,832.07
623,2023-02-24T00:25:23.115000,7463832120,442.42,201.55,72.33,108.42,547.83,929.58,847.1,831.94
624,2023-02-24T00:25:23.120000,7463832121,442.31,201.55,71.92,109.3,548.13,928.84,846.67,831.48
625,2023-02-24T00:25:23.125000,7463832122,442.33,202.03,71.9,108.96,547.52,928.78,847.4,831.98
626,2023-02-24T00:25:23.130000,7463832123,442.13,202.42,72.64,108.98,547.75,929.73,847.52,831.91
627,2023-02-24T00:25:23.135000,7463832124,442.07,202.43,72.37,109.31,547.9,929.2,847.08,831.59
628,2023-02-24T00:25:23.140000,7463832125,442.14,200.99,72.14,108.82,547.63,928.79,847.03,831.64
629,2023-02-24T00:25:23.145000,7463832126,442.78,201.74,71.8,109.13,547.3,929.36,846.76,832.22
630,2023-02-24T00:25:23.150000,7463832127,441.96,201.68,72.19,109.57,547.97,929.16,847.07,831.75
631,2023-02-24T00:25:23.155000,7463832128,442.83,201.47,72.3,109.13,548.25,929.71,847.45,832.41
632,2023-02-24T00:25:23.160000,7463832129,442.52,201.98,71.77,109.38,547.86,928.56,847.55,832.01
633,2023-02-24T00:25:23.165000,7463832130,442.66,201.81,72.09,109.88,548.17,929.16,847.16,831.33
634,2023-02-24T00:25:23.170000,7463832131,442.57,202.26,72.2,109.39,547.69,928.9,847.39,832.22
635,2023-02-24T00:25:23.175000,7463832132,442.18,201.51,72.5,109.56,548.14,928.81,847.24,832.41
636,2023-02-24T00:25:23.180000,7463832133,442.47,201.96,72.3,109.11,547.68,929.28,847.03,832.51
637,2023-02-24T00:25:23.185000,7463832134,441.9,201.44,72.03,108.97,548.09,928.66,846.67,832
638,2023-02-24T00:25:23.190000,7463832135,442.67,202.23,72.2,109.46,547.58,928.88,847.46,832
639,2023-02-24T00:25:23.195000,7463832136,442.36,201.75,72.13,108.66,547.56,928.71,846.84,832.52
640,2023-02-24T00:25:23.200000,7463832137,443,201.71,71.99,109.7,547.76,928.9,846.82,832.19
641,2023-02-24T00:25:23.205000,7463832138,442.58,201.29,72.12,109.41,547.64,928.97,846.95,831.39
642,2023-02-24T00:25:23.210000,7463832139,442.36,201.51,73.03,109.12,547.61,929.13,847.73,832.03
643,2023-02-24T00:25:23.215000,7463832140,442.21,201.57,72.43,108.97,547.81,929.33,847.3,831.68
644,2023-02-24T00:25:23.220000,7463832141,442.1,201.72,72.27,109.35,547.54,929.04,847.19,831.85
645,2023-02-24T00:25:23.225000,7463832142,441.85,201.43,72.07,109.2,547.37,928.56,846.91,831.64
646,2023-02-24T00:25:23.230000,7463832143,441.94,201.34,72.04,109.49,547.72,929.37,847.19,832.23
647,2023-02-24T00:25:23.235000,7463832144,442.65,202.04,71.76,109.84,547.71,929.6,847.11,831.96
648,2023-02-24T00:25:23.240000,7463832145,442.75,201.34,71.75,109.24,547.47,928.98,847.56,831.57
649,2023-02-24T00:25:23.245000,7463832146,442.42,201.81,71.62,109.4,548.06,929.54,847.16,832.12
650,2023-02-24T00:25:23.250000,7463832147,442.4,201.79,72.12,109.27,547.9,929.2,847.12,832.42
651,2023-02-24T00:25:23.255000,7463832148,442.4,201.76,72.16,109.29,547.03,928.69,846.4,831.88
652,2023-02-24T00:25:23.260000,7463832149,442.04,201.35,72.06,108.97,547.07,928.7,847.28,831.62
653,2023-02-24T00:25:23.265000,7463832150,442,201.32,71.91,109,547.95,928.56,847.54,831.19
654,2023-02-24T00:25:23.270000,7463832151,442.34,201.4,72.14,108.92,547.75,929.7,846.98,831.96
655,2023-02-24T00:25:23.275000,7463832152,442.1,201.2,72.27,109.59,547.93,928.45,846.76,832.51
656,2023-02-24T00:25:23.280000,7463832153,442.08,201.44,72.36,109.43,547.49,929,847.1,832.19
657,2023-02-24T00:25:23.285000,7463832154,442.32,201.7,72.37,109.14,547.17,928.73,846.98,831.26
658,2023-02-24T00:25:23.290000,7463832155,442.43,202.65,72.75,109.26,547.92,928.83,847.57,831.56
659,2023-02-24T00:25:23.295000,7463832156,442.52,201.73,72.14,108.88,547.91,928.73,847.6,831.8
660,2023-02-24T00:25:23.300000,7463832157,442.68,201.64,71.94,109.52,548.03,929.29,847.12,832.02
661,2023-02-24T00:25:23.305000,7463832158,442.65,200.99,72.14,109.22,547.05,928.75,847.25,832.1
662,2023-02-24T00:25:23.310000,7463832159,442.61,202.07,72.46,109.98,548.1,929.45,847.96,832.22
663,2023-02-24T00:25:23.315000,7463832160,442.86,201.07,71.88,109.02,548.28,928.75,847.04,832.01
664,2023-02-24T00:25:23.320000,7463832161,442.85,201.33,72.05,109.2,547.37,928.69,847.23,831.88
665,2023-02-24T00:25:23.325000,7463832162,442.2,201.92,72.31,109,547.52,929.04,847.63,831.89
666,2023-02-24T00:25:23.330000,7463832163,442.67,201.78,72.16,109.68,548.43,929.09,847.62,831.96
667,2023-02-24T00:25:23.335000,7463832164,442.53,201.68,71.82,109.06,547.41,929.23,846.81,831.54
668,2023-02-24T00:25:23.340000,7463832165,442.42,201.47,72.42,108.67,547.56,928.77,846.37,831.89
669,2023-02-24T00:25:23.345000,7463832166,441.83,201.71,72.01,108.93,547.88,928.84,846.35,831.53
670,2023-02-24T00:25:23.350000,7463832167,442.32,201.58,72.43,109.32,547.68,928.99,847.76,831.61
671,2023-02-24T00:25:23.355000,7463832168,442.18,201.76,72.32,109.47,547.65,928.6,847.23,831.67
672,2023-02-24T00:25:23.360000,7463832169,441.61,201.49,71.77,109.25,547.61,928.21,846.67,832.23
673,2023-02-24T00:25:23.365000,7463832170,441.47,202.01,71.98,109.17,548.07,928.69,846.57,832.12
674,2023-02-24T00:25:23.370000,7463832171,442.09,201.46,72.53,109.56,547.73,929.16,847.24,831.91
675,2023-02-24T00:25:23.375000,7463832172,442.66,201.29,71.95,109.11,547.89,929,847.75,831.78
676,2023-02-24T00:25:23.380000,7463832173,441.93,201.84,72.01,109.06,548.01,929.06,847,831.61
677,2023-02-24T00:25:23.385000,7463832174,442.44,201.96,71.94,108.78,547.83,928.98,847.42,831.75
678,2023-02-24T00:25:23.390000,7463832175,442.54,201.94,72.34,109.02,548.2,929.37,847.19,831.97
679,2023-02-24T00:25:23.395000,7463832176,441.99,201.77,71.98,109.37,547.46,929.03,846.78,832
680,2023-02-24T00:25:23.400000,7463832177,441.71,201.65,71.91,109.24,548.11,929.17,846.98,831.82
681,2023-02-24T00:25:23.405000,7463832178,441.62,201.16,72.39,109.29,548.41,929.4,847.08,831.87
682,2023-02-24T00:25:23.410000,7463832179,442.37,201.75,72.75,109.06,547.68,929.07,847.48,831.67
683,2023-02-24T00:25:23.415000,7463832180,442.4,201.61,71.57,108.49,548,929.01,847.01,831.95
684,2023-02-24T00:25:23.420000,7463832181,441.89,201.26,71.74,110.02,548,929.25,847.41,831.8
685,2023-02-24T00:25:23.425000,7463832182,442.19,201.34,72.35,109.23,547.76,928.93,846.76,831.74
686,2023-02-24T00:25:23.430000,7463832183,442.84,201.9,72.79,109.22,547.85,929.4,847.71,831.8
687,2023-02-24T00:25:23.435000,7463832184,442.14,201.61,72.06,108.91,546.93,929.26,847.19,832.2
688,2023-02-24T00:25:23.440000,7463832185,441.63,201.49,71.91,108.65,547.39,929.25,847.13,831.96
689,2023-02-24T00:25:23.445000,7463832186,441.78,202.04,71.74,109.01,547.29,929.16,847.03,831.96
690,2023-02-24T00:25:23.450000,7463832187,442.37,201.72,72.48,109.46,547.07,928.41,847.14,831.86
691,2023-02-24T00:25:23.455000,7463832188,442.27,201.61,72.18,109.34,547.74,928.68,847.32,832.15
692,2023-02-24T00:25:23.460000,7463832189,442.44,201.93,72.14,108.78,547.68,928.57,846.54,831.81
693,2023-02-24T00:25:23.465000,7463832190,442.96,201.56,71.98,109.07,548.34,928.47,847.41,832.04
694,2023-02-24T00:25:23.470000,7463832191,442.82,201.98,72.39,109.11,547.52,929.55,847.68,831.7
695,2023-02-24T00:25:23.475000,7463832192,442.7,202.29,72.23,109.13,547.26,929.67,846.75,832.32
696,2023-02-24T00:25:23.480000,7463832193,442.46,201.63,72.41,108.92,547.69,928.43,847.23,831.59
697,2023-02-24T00:25:23.485000,7463832194,441.79,201.56,72.1,109.15,547.48,928.6,847.04,831.66
698,2023-02-24T00:25:23.490000,7463832195,442.12,201.72,72.53,108.88,547.87,928.71,847.37,832
699,2023-02-24T00:25:23.495000,7463832196,442.33,201.58,71.77,109.34,547.51,929.02,847.43,831.85
700,2023-02-24T00:25:23.500000,7463832197,442.02,201.85,72.15,109.59,547.97,929.02,847.01,832.42
701,2023-02-24T00:25:23.505000,7463832198,442.33,202.02,72.11,109.67,548.18,929.01,847.59,832.55
702,2023-02-24T00:25:23.510000,7463832199,442.38,201.98,72.37,109.53,547.76,929.78,847.09,832.65
703,2023-02-24T00:25:23.515000,7463832200,442.29,201.58,71.92,109.56,547.64,928.77,847.05,832.26
704,2023-02-24T00:25:23.520000,7463832201,442.51,201.39,71.87,109.39,547.5,928.76,846.81,831.61
705,2023-02-24T00:25:23.525000,7463832202,443.13,201.82,72.56,109.81,547.57,929.51,846.94,831.48
706,2023-02-24T00:25:23.530000,7463832203,443.04,201.86,72.26,109.15,547.48,929.01,847.64,831.53
707,2023-02-24T00:25:23.535000,7463832204,442.45,201.32,72.18,109.02,548.39,928.93,847.11,831.92
708,2023-02-24T00:25:23.540000,7463832205,442.43,201.87,71.91,108.62,547.59,928.5,847.26,831.68
709,2023-02-24T00:25:23.545000,7463832206,442.28,201.91,72.06,108.89,548.18,929.21,847.53,831.66
710,2023-02-24T00:25:23.550000,7463832207,442.26,202.02,71.54,109.09,548.03,929.05,847.56,832.16
711,2023-02-24T00:25:23.555000,7463832208,442.55,201.39,72.03,109.24,547.78,928.7,846.84,832.44
712,2023-02-24T00:25:23.560000,7463832209,442.72,201.37,71.81,109.43,548.51,929.08,847.13,831.68
713,2023-02-24T00:25:23.565000,7463832210,442.37,201.43,72.17,109.47,547.84,928.98,847.06,831.98
714,2023-02-24T00:25:23.570000,7463832211,442.6,201.6,72.53,109.97,547.24,929.35,847.23,831.89
715,2023-02-24T00:25:23.575000,7463832212,442.46,201.66,72.17,109.41,547.55,929.31,847.09,831.88
716,2023-02-24T00:25:23.580000,7463832213,442.07,201.52,72.39,109.08,547.45,928.98,847.29,832.23
717,2023-02-24T00:25:23.585000,7463832214,442.8,201.87,71.96,109.38,547.47,928.26,847.31,832.17
718,2023-02-24T00:25:23.590000,7463832215,443.36,202.49,72.51,109.44,547.81,929.31,847.63,832.24
719,2023-02-24T00:25:23.595000,7463832216,442.41,201.36,71.94,108.77,548.11,929.01,846.84,831.59
720,2023-02-24T00:25:23.600000,7463832217,441.93,201.71,72.26,108.93,547.71,928.7,846.7,832.03
721,2023-02-24T00:25:23.605000,7463832218,442.23,201.46,72.97,109.15,547.66,928.33,846.38,831.95
722,2023-02-24T00:25:23.610000,7463832219,442.19,202.09,72.41,109.35,547.46,929.65,847.85,832.42
723,2023-02-24T00:25:23.615000,7463832220,442.95,201.77,72.34,108.7,547.32,928.31,847.29,831.57
724,2023-02-24T00:25:23.620000,7463832221,441.97,202.11,71.97,108.75,547.35,928.81,846.85,831.49
725,2023-02-24T00:25:23.625000,7463832222,442.25,201.69,72.02,109.02,547.93,929.38,847.35,832.03
726,2023-02-24T00:25:23.630000,7463832223,442.14,202.11,72.32,109.59,547.37,929.36,847.62,832.24
727,2023-02-24T00:25:23.635000,7463832224,442.04,201.83,72.26,109.09,547.9,928.87,846.73,831.57
728,2023-02-24T00:25:23.640000,7463832225,442.38,202.28,71.51,109.07,547.43,929.3,847.29,831.95
729,2023-02-24T00:25:23.645000,7463832226,441.47,201.67,72.75,109.45,547.69,929.14,847.54,831.75
730,2023-02-24T00:25:23.650000,7463832227,441.94,201.79,72.17,109.9,548.06,929.39,847.11,832.1
731,2023-02-24T00:25:23.655000,7463832228,442.39,201.55,71.88,109.62,546.9,928.9,846.53,831.81
732,2023-02-24T00:25:23.660000,7463832229,441.63,201.46,72.12,108.82,547.98,928.82,846.52,831.57
733,2023-02-24T00:25:23.665000,7463832230,442.14,201.41,72.01,109.19,548.36,928.93,847.07,832.1
734,2023-02-24T00:25:23.670000,7463832231,442.12,201.88,72.71,109.14,547.71,929.59,847.33,832.42
735,2023-02-24T00:25:23.675000,7463832232,442.35,201.71,72.16,109.27,547.59,928.8,846.85,831.76
736,2023-02-24T00:25:23.680000,7463832233,442.08,201.27,72.22,108.95,547.23,928.73,846.94,831.8
737,2023-02-24T00:25:23.685000,7463832234,442.68,202.05,72.05,109.29,547.25,929.22,847.05,832.03
738,2023-02-24T00:25:23.690000,7463832235,442.8,201.84,72.26,109.56,547.89,929.46,846.88,831.88
739,2023-02-24T00:25:23.695000,7463832236,442.64,201.83,72.44,109.21,547.99,929.35,847.51,831.99
740,2023-02-24T00:25:23.700000,7463832237,442.05,201.56,72.15,108.93,547.98,928.75,847.04,831.92
741,2023-02-24T00:25:23.705000,7463832238,442.06,201.47,71.73,109.26,547.76,929.47,847.4,831.93
742,2023-02-24T00:25:23.710000,7463832239,442.33,202.5,72.38,109.25,547.36,928.94,847.3,832.47
743,2023-02-24T00:25:23.715000,7463832240,442.74,201.51,72.73,109.13,547.38,928.57,847.5,832.01
744,2023-02-24T00:25:23.720000,7463832241,442.09,201.59,72.07,108.69,547.2,929.01,846.89,831.7
745,2023-02-24T00:25:23.725000,7463832242,442.91,201.87,72.15,108.68,547.33,928.89,847.86,832.15
746,2023-02-24T00:25:23.730000,7463832243,442.81,202.04,72.05,109.18,548.16,929.58,847.49,832.4
747,2023-02-24T00:25:23.735000,7463832244,442.49,201.17,72.18,109.05,547.56,929.35,847.45,831.71
748,2023-02-24T00:25:23.740000,7463832245,441.78,201.43,72.01,110.19,547.17,928.95,846.43,831.8
749,2023-02-24T00:25:23.745000,7463832246,442.15,202.06,72.46,109.5,547.91,928.4,846.91,832.05
750,2023-02-24T00:25:23.750000,7463832247,442.39,201.54,71.74,109.33,547.81,928.84,847.5,831.87
751,2023-02-24T00:25:23.755000,7463832248,442.87,201.83,72.08,109.17,546.95,929.27,847.25,831.99
752,2023-02-24T00:25:23.760000,7463832249,442.37,201.66,71.77,108.79,547.36,927.92,846.63,831.43
753,2023-02-24T00:25:23.765000,7463832250,442.44,201.24,72.16,108.8,547.28,929.15,847.09,831.53
754,2023-02-24T00:25:23.770000,7463832251,442.68,201.28,72.13,109.09,547.91,929.04,847.73,831.7
755,2023-02-24T00:25:23.775000,7463832252,442.54,202.22,72.01,108.94,547.36,929.11,847.07,831.65
756,2023-02-24T00:25:23.780000,7463832253,442.46,201.93,72.12,109.09,547.31,928.93,847.05,831.81
757,2023-02-24T00:25:23.785000,7463832254,441.88,201.9,72.18,109.14,548.08,929.32,847.5,831.56
758,2023-02-24T00:25:23.790000,7463832255,442.44,202.25,72.53,108.96,548.26,929.31,847.67,832.19
759,2023-02-24T00:25:23.795000,7463832256,442.9,201.79,72.29,109.4,547.7,928.48,847.51,831.56
760,2023-02-24T00:25:23.800000,7463832257,442.35,201.81,72.26,109.31,548.06,928.77,847.03,831.85
761,2023-02-24T00:25:23.805000,7463832258,442.93,201.82,72.01,109.02,547.69,929.31,847.27,832.1
762,2023-02-24T00:25:23.810000,7463832259,442.75,202,72.77,109.73,547.98,929.23,847.07,831.96
763,2023-02-24T00:25:23.815000,7463832260,442.33,201.77,72.07,109.76,547.57,929.09,847.01,831.82
764,2023-02-24T00:25:23.820000,7463832261,441.95,201.39,71.96,109.33,547.8,929.16,846.71,832.04
765,2023-02-24T00:25:23.825000,7463832262,442.12,201.19,72.36,109.37,548.05,928.94,846.6,831.68
766,2023-02-24T00:25:23.830000,7463832263,442.46,201.72,72.55,109.21,547.82,929.16,847.32,831.77
767,2023-02-24T00:25:23.835000,7463832264,442.01,201.31,72.41,109.13,547.55,928.37,846.99,831.6
768,2023-02-24T00:25:23.840000,7463832265,441.92,201.81,71.62,109.24,547.45,928.25,846.82,831.84
769,2023-02-24T00:25:23.845000,7463832266,442.08,201.84,72.17,109.45,547.75,929.13,847.26,831.97
770,2023-02-24T00:25:23.850000,7463832267,442.54,201.98,72.29,109.12,547.47,929.09,847.52,831.9
771,2023-02-24T00:25:23.855000,7463832268,442.51,201.77,72.28,109.62,547.41,929.09,847.3,831.3
772,2023-02-24T00:25:23.860000,7463832269,442.55,201.72,71.93,109.1,546.88,928.78,847.04,831.58
773,2023-02-24T00:25:23.865000,7463832270,441.68,201.83,72.03,109.56,547.66,929.19,846.91,831.59
774,2023-02-24T00:25:23.870000,7463832271,442.56,201.98,72.58,109.15,547.67,929.41,847.08,831.93
775,2023-02-24T00:25:23.875000,7463832272,442.19,201.65,72.04,108.44,547.59,928.95,846.82,832.03
776,2023-02-24T00:25:23.880000,7463832273,441.93,201.42,72.5,109.04,547.52,928.78,846.01,831.35
777,2023-02-24T00:25:23.885000,7463832274,442,201.95,71.89,109.08,547.56,928.83,847.19,831.7
778,2023-02-24T00:25:23.890000,7463832275,442.11,201.11,72.23,109.8,547.63,928.75,847.2,832.2
779,2023-02-24T00:25:23.895000,7463832276,442.51,201.82,72.1,109.18,548.26,929.03,847.62,832.08
780,2023-02-24T00:25:23.900000,7463832277,442.15,201.94,72.29,109.55,547.53,928.64,847.12,832.58
781,2023-02-24T00:25:23.905000,7463832278,442.5,201.22,72.37,109.44,548.05,929.03,847.59,831.6
782,2023-02-24T00:25:23.910000,7463832279,441.71,201.99,72.05,109.16,547.61,929.58,846.9,831.81
783,2023-02-24T00:25:23.915000,7463832280,442.69,201.56,71.78,109.29,547.58,929.12,846.91,831.13
784,2023-02-24T00:25:23.920000,7463832281,442.56,201.45,71.88,109.55,547.33,928.81,847.29,832.06
785,2023-02-24T00:25:23.925000,7463832282,442.4,202.2,71.43,109.23,547.97,929.01,847.1,831.7
786,2023-02-24T00:25:23.930000,7463832283,442.55,201.97,71.99,109.23,547.66,929.33,847.45,832.63
787,2023-02-24T00:25:23.935000,7463832284,442.77,201.97,71.75,108.98,547.64,928.9,847.59,832.13
788,2023-02-24T00:25:23.940000,7463832285,441.66,201.68,71.64,109.19,547.95,928.9,846.84,831.58
789,2023-02-24T00:25:23.945000,7463832286,442,201.59,72.33,108.98,547.59,928.97,847.36,831.72
790,2023-02-24T00:25:23.950000,7463832287,442.66,201.92,72.27,108.85,547.71,929.16,847.4,831.87
791,2023-02-24T00:25:23.955000,7463832288,441.85,201.41,71.8,109.44,547.43,928.88,847.34,832.14
792,2023-02-24T00:25:23.960000,7463832289,441.91,201.59,72.02,108.66,547.28,928.84,847.4,831.58
793,2023-02-24T00:25:23.965000,7463832290,442.12,202.35,72.24,108.63,547.79,928.67,846.97,831.57
794,2023-02-24T00:25:23.970000,7463832291,441.75,201.41,72.95,109.35,548.23,929.15,847.25,832.12
795,2023-02-24T00:25:23.975000,7463832292,442.83,201.44,72.06,109.47,547.94,928.92,847.18,831.81
796,2023-02-24T00:25:23.980000,7463832293,442.44,201.56,72.2,109.43,547.17,929.18,846.63,831.59
797,2023-02-24T00:25:23.985000,7463832294,442.78,201.83,72.59,108.98,547.81,928.62,847.63,831.91
798,2023-02-24T00:25:23.990000,7463832295,442.6,202.15,72.8,109.52,548.05,929.23,846.83,831.84
799,2023-02-24T00:25:23.995000,7463832296,442.15,201.91,72.31,109.02,547.51,928.97,846.9,831.7
800,2023-02-24T00:25:24,7463832297,442.07,202.01,71.49,109.03,547.32,928.83,847.07,831.55
801,2023-02-24T00:25:24.005000,7463832298,442.44,201.85,71.53,108.83,548.02,929.18,847.12,831.62
802,2023-02-24T00:25:24.010000,7463832299,442.41,202.1,71.89,109.36,548.09,929.11,847.24,831.62
803,2023-02-24T00:25:24.015000,7463832300,441.82,202.18,71.73,109.61,548.13,929.15,847.39,832.28
804,2023-02-24T00:25:24.020000,7463832301,442.83,201.48,72.01,108.61,548.06,928.88,846.98,831.61
805,2023-02-24T00:25:24.025000,7463832302,442.77,202.12,73.05,108.9,548.07,929.44,847.25,831.81
806,2023-02-24T00:25:24.030000,7463832303,442.91,201.94,72.91,109.71,548.08,929.05,847.39,832.46
807,2023-02-24T00:25:24.035000,7463832304,443.1,201.21,72.13,109.27,547.42,928.58,847.32,831.67
808,2023-02-24T00:25:24.040000,7463832305,442.24,201.65,71.79,108.95,547.22,928.87,846.22,831.09
809,2023-02-24T00:25:24.045000,7463832306,442.52,201.76,71.75,108.87,546.99,928.86,847.21,831.31
810,2023-02-24T00:25:24.050000,7463832307,442.14,201.9,72.38,109.28,547.71,929.19,846.94,831.87
811,2023-02-24T00:25:24.055000,7463832308,442.58,201.48,72.54,109,548.49,928.92,846.92,832.28
812,2023-02-24T00:25:24.060000,7463832309,442.65,201.74,72.57,109,547.86,929,846.75,832.21
813,2023-02-24T00:25:24.065000,7463832310,441.73,201.86,72.44,109.34,547.6,928.72,846.94,831.77
814,2023-02-24T00:25:24.070000,7463832311,442.94,201.9,72.6,109.64,548.07,929.53,847.61,832.4
815,2023-02-24T00:25:24.075000,7463832312,441.7,201.64,71.97,109.53,547.77,928.9,847.64,831.92
816,2023-02-24T00:25:24.080000,7463832313,442.07,201.6,71.94,108.93,547.52,928.98,846.41,831.16
817,2023-02-24T00:25:24.085000,7463832314,441.96,201.77,72.58,110.1,547.83,928.67,846.71,831.74
818,2023-02-24T00:25:24.090000,7463832315,442.04,202.06,72.33,109.18,547.7,929.36,846.69,832.38
819,2023-02-24T00:25:24.095000,7463832316,441.81,201.85,71.73,108.78,547.87,928.87,847.16,832.34
820,2023-02-24T00:25:24.100000,7463832317,442.12,201.31,72.13,108.52,547.77,929.17,847.13,832.18
821,2023-02-24T00:25:24.105000,7463832318,442.72,201.22,72.58,108.96,546.92,929.65,847.58,831.53
822,2023-02-24T00:25:24.110000,7463832319,442.57,201.99,72.85,109.63,547.52,929.71,847.65,831.85
823,2023-02-24T00:25:24.115000,7463832320,442.69,201.27,72.57,109.87,547.73,928.63,847.51,831.91
824,2023-02-24T00:25:24.120000,7463832321,441.92,201.3,72.06,108.9,547.25,929.05,847.31,832.05
825,2023-02-24T00:25:24.125000,7463832322,442.48,201.47,72.19,108.98,547.66,929.36,847.05,831.9
826,2023-02-24T00:25:24.130000,7463832323,442.31,201.97,71.95,109.54,547.73,928.98,847.04,832.65
827,2023-02-24T00:25:24.135000,7463832324,442.11,201.4,71.89,109.18,547.69,928.55,847.3,831.72
828,2023-02-24T00:25:24.140000,7463832325,442.76,201.5,72.51,109.2,547.53,929.13,847.02,831.82
829,2023-02-24T00:25:24.145000,7463832326,442.37,201.46,71.9,109.49,547.35,928.8,847.32,832.24
830,2023-02-24T00:25:24.150000,7463832327,442.66,201.47,72.21,109.93,548.23,929.46,847.38,832.04
831,2023-02-24T00:25:24.155000,7463832328,442.32,201.93,72.16,109.06,547.79,929.05,847.22,832.2
832,2023-02-24T00:25:24.160000,7463832329,442.08,201.57,71.77,109.49,547.77,928.71,846.93,831.77
833,2023-02-24T00:25:24.165000,7463832330,442.43,201.42,72.24,109.46,547.32,928.65,847.15,831.27
834,2023-02-24T00:25:24.170000,7463832331,442.12,201.61,71.74,109.16,547.88,928.95,847.04,831.64
835,2023-02-24T00:25:24.175000,7463832332,442.92,202.18,72.04,109.33,547.73,929.4,846.97,832.22
836,2023-02-24T00:25:24.180000,7463832333,442.27,201.95,71.93,109.3,547.84,928.49,846.99,831.27
837,2023-02-24T00:25:24.185000,7463832334,442.47,201.83,72.05,109.37,547.99,929.38,847.17,832.28
838,2023-02-24T00:25:24.190000,7463832335,442.59,202.16,72.42,109.28,547.74,929.06,847.33,832.18
839,2023-02-24T00:25:24.195000,7463832336,442.26,201.96,72.17,109,547.83,928.85,847.63,832.32
840,2023-02-24T00:25:24.200000,7463832337,442.03,201.7,72.3,109.01,547.68,928.51,847.01,832.34
841,2023-02-24T00:25:24.205000,7463832338,441.96,202.01,71.76,108.99,548.32,929.02,846.85,831.74
842,2023-02-24T00:25:24.210000,7463832339,441.95,202.49,72.47,109.09,548.11,929.22,847.35,832.01
843,2023-02-24T00:25:24.215000,7463832340,442.31,201.84,71.96,109.45,548.22,929.18,846.85,831.93
844,2023-02-24T00:25:24.220000,7463832341,442.48,201.49,71.81,109.32,547.81,928.43,847.42,832.16
845,2023-02-24T00:25:24.225000,7463832342,442.91,200.84,72.23,109.14,547.76,928.48,847.05,831.55
846,2023-02-24T00:25:24.230000,7463832343,442.99,202.04,72.77,109.66,548.38,929.18,847.39,832.24
847,2023-02-24T00:25:24.235000,7463832344,442.59,202.21,72.23,108.87,547.74,929.09,846.81,831.79
848,2023-02-24T00:25:24.240000,7463832345,442.32,201.97,71.93,109.01,546.92,928.42,846.88,831.96
849,2023-02-24T00:25:24.245000,7463832346,442.44,201.65,72.69,109.17,547.87,929.56,847.96,832.14
850,2023-02-24T00:25:24.250000,7463832347,443.13,202.17,72.48,109.53,547.29,929.41,847.64,831.55
851,2023-02-24T00:25:24.255000,7463832348,442.24,201.65,72.01,108.95,546.87,928.96,847.35,831.69
852,2023-02-24T00:25:24.260000,7463832349,442.3,201.26,72.11,108.78,547.04,928.58,846.69,831.05
853,2023-02-24T00:25:24.265000,7463832350,442.8,201.82,72.84,109.54,547.65,928.87,847.51,831.65
854,2023-02-24T00:25:24.270000,7463832351,442.14,201.61,72.32,109.38,547.91,929.08,847.36,832.11
855,2023-02-24T00:25:24.275000,7463832352,442.14,201.67,71.99,108.75,547.77,929.73,847.43,831.85
856,2023-02-24T00:25:24.280000,7463832353,441.82,201.03,71.68,109.12,547.77,928.32,847.16,831.61
857,2023-02-24T00:25:24.285000,7463832354,442.39,201.79,72.29,108.73,547.37,929.04,847.18,832.15
858,2023-02-24T00:25:24.290000,7463832355,441.76,202.06,71.98,108.67,547.65,929.03,846.76,832.18
859,2023-02-24T00:25:24.295000,7463832356,442.07,202.07,72.51,109.21,548.08,929.57,846.91,831.76
860,2023-02-24T00:25:24.300000,7463832357,441.11,202.05,71.69,109.19,547.36,928.44,847.4,831.87
861,2023-02-24T00:25:24.305000,7463832358,441.8,201.89,72.1,108.84,547.53,928.25,847.56,832.58
862,2023-02-24T00:25:24.310000,7463832359,442.3,201.55,72.08,108.76,548.32,929.12,847.14,831.49
863,2023-02-24T00:25:24.315000,7463832360,442.7,202.02,72.51,109.1,547.75,928.77,846.96,831.71
864,2023-02-24T00:25:24.320000,7463832361,442.34,201.37,72.14,109.39,547.3,928.52,846.54,832.25
865,2023-02-24T00:25:24.325000,7463832362,441.82,201.89,72.26,109.3,547.29,928.98,847.12,831.63
866,2023-02-24T00:25:24.330000,7463832363,442.9,201.5,72.44,108.68,547.46,929.17,847.07,832.01
867,2023-02-24T00:25:24.335000,7463832364,441.93,201.53,72.43,109.19,547.33,928.82,847.08,832.25
868,2023-02-24T00:25:24.340000,7463832365,442.41,202,72.32,109.32,547.82,928.69,847.29,832.59
869,2023-02-24T00:25:24.345000,7463832366,442.48,201.9,72.26,109.4,548.47,928.73,846.91,831.86
870,2023-02-24T00:25:24.350000,7463832367,442.39,201.65,72.04,108.72,547.49,928.8,847.13,831.27
871,2023-02-24T00:25:24.355000,7463832368,442.39,201.53,72.37,109.48,547.57,928.98,847.28,831.33
872,2023-02-24T00:25:24.360000,7463832369,441.93,202.12,72.56,108.85,547.2,928.8,846.8,831.81
873,2023-02-24T00:25:24.365000,7463832370,442.78,201.55,71.46,109.33,548.05,928.96,846.93,831.5
874,2023-02-24T00:25:24.370000,7463832371,442.39,201.83,72.1,109.27,548.01,929.16,847.85,832.04
875,2023-02-24T00:25:24.375000,7463832372,441.66,201.48,72.47,109.2,547.59,928.66,847.59,831.94
876,2023-02-24T00:25:24.380000,7463832373,442.05,200.96,71.66,109.34,547.94,929.02,847.11,831.73
877,2023-02-24T00:25:24.385000,7463832374,442.6,201.87,72.51,108.68,547.26,928.94,847.06,831.61
878,2023-02-24T00:25:24.390000,7463832375,442.17,202.14,71.68,108.99,547.77,929.89,846.83,832.37
879,2023-02-24T00:25:24.395000,7463832376,442.08,201.57,72.01,109.12,547.92,929.2,847.39,831.98
880,2023-02-24T00:25:24.400000,7463832377,441.5,201.56,71.85,109.25,547.68,928.66,847.02,831.7
881,2023-02-24T00:25:24.405000,7463832378,443.15,201.88,72.3,108.94,548.29,929.45,847.18,831.45
882,2023-02-24T00:25:24.410000,7463832379,442.52,201.63,71.85,109.26,548.35,929.01,847.96,831.62
883,2023-02-24T00:25:24.415000,7463832380,443.02,201.52,71.98,109.16,547.53,928.97,847.73,832.56
884,2023-02-24T00:25:24.420000,7463832381,441.99,201.46,72.57,109.24,547.34,928.87,846.61,831.63
885,2023-02-24T00:25:24.425000,7463832382,442.61,201.68,72.41,109.29,547.35,928.73,847.2,832.06
886,2023-02-24T00:25:24.430000,7463832383,442.42,201.64,72.32,108.88,547.94,928.35,847.85,832.01
887,2023-02-24T00:25:24.435000,7463832384,442.8,202.24,72.18,109.03,548.07,929.33,847.18,831.97
888,2023-02-24T00:25:24.440000,7463832385,442.63,201.59,71.94,109.54,548.05,929.21,847.48,832
889,2023-02-24T00:25:24.445000,7463832386,442.51,201.99,71.65,109.34,548.13,928.91,846.76,832.23
890,2023-02-24T00:25:24.450000,7463832387,442.96,201.89,71.84,109.16,548.08,929.51,847.9,832.26
891,2023-02-24T00:25:24.455000,7463832388,442.71,201.39,71.97,108.72,547.77,928.74,847.3,831.91
892,2023-02-24T00:25:24.460000,7463832389,442.6,201.56,71.54,109.43,547.41,928.7,847.15,832.01
893,2023-02-24T00:25:24.465000,7463832390,442.45,201.61,72.37,109.28,547.97,928.87,847,831.68
894,2023-02-24T00:25:24.470000,7463832391,442.67,201.54,72.87,109.24,547.8,928.92,847.33,831.47
895,2023-02-24T00:25:24.475000,7463832392,442.52,201.89,72.27,109.5,548.02,929.04,847.5,831.75
896,2023-02-24T00:25:24.480000,7463832393,441.72,201.31,71.78,108.99,547.48,928.48,846.54,832.07
897,2023-02-24T00:25:24.485000,7463832394,442.47,201.43,72.22,108.93,547.7,928.84,847.32,832.03
898,2023-02-24T00:25:24.490000,7463832395,442.84,201.67,72.38,109.2,547.88,928.95,847.08,832.18
899,2023-02-24T00:25:24.495000,7463832396,442.64,201.94,73.08,109.2,547.66,929.29,847.62,831.97
900,2023-02-24T00:25:24.500000,7463832397,442.73,201.96,72.29,108.81,547.75,928.74,847.12,832.08
901,2023-02-24T00:25:24.505000,7463832398,442.6,201.76,72.35,109.2,547.25,928.65,847.32,832.33
902,2023-02-24T00:25:24.510000,7463832399,442.31,201.42,73.01,109.27,547.85,928.73,847.5,832.24
903,2023-02-24T00:25:24.515000,7463832400,443.3,201.74,72.12,109.25,547.68,928.95,846.83,832
904,2023-02-24T00:25:24.520000,7463832401,442.37,202.05,72.55,109.6,547.88,928.23,847.16,831.85
905,2023-02-24T00:25:24.525000,7463832402,442.57,201.63,72.19,109.34,547.25,928.73,847.06,832.08
906,2023-02-24T00:25:24.530000,7463832403,442.02,201.85,72.56,109.24,547.71,929.13,847.01,833.07
907,2023-02-24T00:25:24.535000,7463832404,442.45,201.82,72.56,109.2,547.43,928.38,847.23,831.71
908,2023-02-24T00:25:24.540000,7463832405,442,201.04,72.09,108.78,547.63,928.56,847.06,831.57
909,2023-02-24T00:25:24.545000,7463832406,442.27,201.57,72.56,108.94,547.71,928.6,847.06,832
910,2023-02-24T00:25:24.550000,7463832407,442.13,201.09,71.99,109.18,547.27,928.86,846.93,831.98
911,2023-02-24T00:25:24.555000,7463832408,442.17,202.08,72.47,109.35,547.35,929.45,847.64,831.92
912,2023-02-24T00:25:24.560000,7463832409,442.23,201.27,71.92,108.94,547.81,929.28,846.91,831.81
913,2023-02-24T00:25:24.565000,7463832410,441.58,201.61,71.88,109.36,547.13,928.76,847.07,832.07
914,2023-02-24T00:25:24.570000,7463832411,442.42,202.11,71.92,109.91,547.93,929.32,847.35,831.61
915,2023-02-24T00:25:24.575000,7463832412,441.99,202.11,72.32,109.3,548.04,928.92,846.73,831.79
916,2023-02-24T00:25:24.580000,7463832413,443.17,202.19,72.46,108.94,548.21,929.26,846.85,832.29
917,2023-02-24T00:25:24.585000,7463832414,442.39,201.49,72.22,109.2,547.47,929.2,847.14,832.23
918,2023-02-24T00:25:24.590000,7463832415,441.44,201.95,72.28,109.78,547.95,929.24,847.47,832.29
919,2023-02-24T00:25:24.595000,7463832416,442.81,202.21,71.62,109.15,547.83,929.21,847.14,831.89
920,2023-02-24T00:25:24.600000,7463832417,442.52,201.38,72.67,109.7,547.67,928.84,847.48,831.79
921,2023-02-24T00:25:24.605000,7463832418,442.24,201.55,71.96,108.9,547.64,929.51,847.44,831.75
922,2023-02-24T00:25:24.610000,7463832419,442.45,201.4,72.34,109.65,548.09,928.9,847.02,832.42
923,2023-02-24T00:25:24.615000,7463832420,443.05,202.25,71.69,108.73,547.51,929.24,847.15,831.67
924,2023-02-24T00:25:24.620000,7463832421,442.24,201.13,72.06,108.27,547.19,928.9,846.68,831.46
925,2023-02-24T00:25:24.625000,7463832422,441.38,201.39,72.21,109.25,547.19,928.75,846.75,832.08
926,2023-02-24T00:25:24.630000,7463832423,442.43,201.54,72.29,109.2,548.17,929.25,847.38,832.71
927,2023-02-24T00:25:24.635000,7463832424,442.34,201.89,72.32,109.45,548.33,929.16,846.62,832.54
928,2023-02-24T00:25:24.640000,7463832425,441.77,201.87,71.8,109.05,547.39,928.71,846.6,831.38
929,2023-02-24T00:25:24.645000,7463832426,442.03,202.27,72.19,108.92,547.04,929.68,847.5,831.75
930,2023-02-24T00:25:24.650000,7463832427,442.32,201.49,72.34,108.87,547.7,929.09,847.97,831.65
931,2023-02-24T00:25:24.655000,7463832428,441.62,201.64,71.97,109.4,547.67,929.06,846.6,832.43
932,2023-02-24T00:25:24.660000,7463832429,441.49,201.95,72.67,108.65,547.28,928.82,847.02,831.9
933,2023-02-24T00:25:24.665000,7463832430,442.13,201.62,72.22,109.2,547.17,929.41,847.14,831.73
934,2023-02-24T00:25:24.670000,7463832431,441.78,201.79,72.66,109.33,547.52,928.63,847.5,831.79
935,2023-02-24T00:25:24.675000,7463832432,442.97,201.95,71.97,109.1,547.62,928.78,847.46,832
936,2023-02-24T00:25:24.680000,7463832433,441.22,201.7,71.92,108.81,547.67,929.22,846.99,831.97
937,2023-02-24T00:25:24.685000,7463832434,441.92,201.41,72.02,108.87,547.54,929.06,846.84,831.81
938,2023-02-24T00:25:24.690000,7463832435,442.47,201.87,72.03,109.09,547.79,929.19,847.78,831.93
939,2023-02-24T00:25:24.695000,7463832436,442.6,202.15,71.47,109.4,547.63,929.25,847.36,832.44
940,2023-02-24T00:25:24.700000,7463832437,441.91,201.67,71.86,108.96,546.83,928.89,846.94,831.39
941,2023-02-24T00:25:24.705000,7463832438,442.57,201.13,71.58,108.54,547.12,929.02,846.88,831.57
942,2023-02-24T00:25:24.710000,7463832439,442.56,201.4,71.38,109.35,548.11,928.88,846.9,831.92
943,2023-02-24T00:25:24.715000,7463832440,442.45,201.21,71.96,108.88,548.18,928.94,847.36,831.71
944,2023-02-24T00:25:24.720000,7463832441,441.79,201.67,71.43,109.4,547.72,928.59,846.99,831.89
945,2023-02-24T00:25:24.725000,7463832442,442.76,201.9,71.86,109.3,547.27,929.62,847.98,831.59
946,2023-02-24T00:25:24.730000,7463832443,442.11,201.77,71.95,109.6,546.9,929.38,847.35,832.26
947,2023-02-24T00:25:24.735000,7463832444,441.84,201.81,72.73,109.1,547.81,929.1,847.65,831.92
948,2023-02-24T00:25:24.740000,7463832445,442.13,201.53,72.12,108.95,547.9,928.79,847.06,832.34
949,2023-02-24T00:25:24.745000,7463832446,442.57,201.16,71.53,109.42,547.74,928.87,847.15,831.81
950,2023-02-24T00:25:24.750000,7463832447,442.66,201.96,72.17,109.52,547.9,929.19,847.43,831.79
951,2023-02-24T00:25:24.755000,7463832448,442.47,201.86,72.47,108.72,548.36,928.62,846.93,832.19
952,2023-02-24T00:25:24.760000,7463832449,442.43,201.19,71.86,109.26,547.96,928.93,846.96,831.31
953,2023-02-24T00:25:24.765000,7463832450,442.95,202.01,72.37,109.5,548.03,929.42,847.42,832.16
954,2023-02-24T00:25:24.770000,7463832451,442.37,202.29,71.72,109.21,547.29,929.18,848.07,832.2
955,2023-02-24T00:25:24.775000,7463832452,442.27,201.67,72.14,109.61,547.8,928.94,847.36,832.1
956,2023-02-24T00:25:24.780000,7463832453,442.22,201.35,71.29,108.63,547.86,928.83,846.76,831.93
957,2023-02-24T00:25:24.785000,7463832454,442.64,201.75,72.07,109.22,548.15,928.77,846.68,831.46
958,2023-02-24T00:25:24.790000,7463832455,442.43,201.56,72.48,109.13,547.69,929.61,847.15,832.05
959,2023-02-24T00:25:24.795000,7463832456,442.15,201.77,72.4,109.19,547.57,929.35,846.76,831.36
960,2023-02-24T00:25:24.800000,7463832457,442,201.52,71.38,109.42,547.25,928.96,846.55,831.92
961,2023-02-24T00:25:24.805000,7463832458,441.81,201.34,72.22,108.87,547.06,929.28,846.63,831.64
962,2023-02-24T00:25:24.810000,7463832459,442.54,202.03,72.22,109.67,547.54,928.86,847.14,832.3
963,2023-02-24T00:25:24.815000,7463832460,442.64,202.27,71.84,109.1,547.8,929.35,847.47,832.28
964,2023-02-24T00:25:24.820000,7463832461,442.4,201.6,71.85,109.12,547.39,928.45,846.8,832.07
965,2023-02-24T00:25:24.825000,7463832462,442.52,201.73,71.99,109.07,547.5,929.25,846.91,831.86
966,2023-02-24T00:25:24.830000,7463832463,441.91,201.66,72.25,109.63,547.8,929.01,847.56,832.17
967,2023-02-24T00:25:24.835000,7463832464,441.99,201.64,71.82,109.37,547.49,929.28,847.16,832.26
968,2023-02-24T00:25:24.840000,7463832465,442.47,201.46,72.04,109.16,547.38,929.13,847.33,831.48
969,2023-02-24T00:25:24.845000,7463832466,442.31,202.12,72.11,109.68,547.67,928.93,847.8,831.95
970,2023-02-24T00:25:24.850000,7463832467,442.43,201.59,72.65,109.49,547.78,929.62,847.47,832.65
971,2023-02-24T00:25:24.855000,7463832468,442.35,201.67,72.54,109.3,547.96,929.32,847.12,832.14
972,2023-02-24T00:25:24.860000,7463832469,441.86,201.62,72.43,109.6,547.58,929.58,847.68,831.31
973,2023-02-24T00:25:24.865000,7463832470,442.41,201.87,72.68,109.35,547.46,928.62,847.09,832.09
974,2023-02-24T00:25:24.870000,7463832471,443.02,202.03,72.54,109.39,548.28,929.36,847.14,832.57
975,2023-02-24T00:25:24.875000,7463832472,442.05,201.99,72.01,109.53,548.06,928.81,847.13,832.08
976,2023-02-24T00:25:24.880000,7463832473,442.18,202,71.77,108.58,547.52,928.82,846.34,830.91
977,2023-02-24T00:25:24.885000,7463832474,442.1,201.88,72.37,109.29,547.8,929.16,846.91,831.84
978,2023-02-24T00:25:24.890000,7463832475,442.49,201.45,72.59,109.38,547.63,928.99,847.25,832.14
979,2023-02-24T00:25:24.895000,7463832476,442.25,202.33,72.35,109.37,548.18,928.91,847.65,831.7
980,2023-02-24T00:25:24.900000,7463832477,442.41,201.66,71.84,108.78,547.55,929.24,847.37,831.47
981,2023-02-24T00:25:24.905000,7463832478,441.68,201.65,71.31,109.72,548.08,928.91,847.48,832.13
982,2023-02-24T00:25:24.910000,7463832479,442.94,201.58,72.52,109.39,547.7,929.45,848.06,832.51
983,2023-02-24T00:25:24.915000,7463832480,441.71,201.8,72.08,108.79,547.16,928.86,847.55,831.75
984,2023-02-24T00:25:24.920000,7463832481,442.21,202.14,71.73,108.96,547.39,928.81,847.03,831.62
985,2023-02-24T00:25:24.925000,7463832482,442.12,202.18,72.68,109.15,548.04,929.23,847.21,832.21
986,2023-02-24T00:25:24.930000,7463832483,441.94,201.92,71.86,109.01,547.67,929.21,847.45,832.26
987,2023-02-24T00:25:24.935000,7463832484,441.63,201.64,71.87,108.84,547.24,929.42,846.95,832.17
988,2023-02-24T00:25:24.940000,7463832485,441.94,201.54,72.09,109.14,547.19,928.74,846.81,831.55
989,2023-02-24T00:25:24.945000,7463832486,442.06,201.42,71.95,109.61,547.62,929.1,846.92,831.43
990,2023-02-24T00:25:24.950000,7463832487,442.7,201.77,71.95,109.45,547.41,928.7,846.59,831.65
991,2023-02-24T00:25:24.955000,7463832488,442.6,202.15,72.41,109.83,547.74,928.79,847.24,831.71
992,2023-02-24T00:25:24.960000,7463832489,442.39,201.84,72.1,109.7,547.05,928.95,847.28,832.12
993,2023-02-24T00:25:24.965000,7463832490,442.03,201.78,72.32,109.17,547.55,929.25,847.29,831.27
994,2023-02-24T00:25:24.970000,7463832491,442.45,201.52,72.28,109.67,547.53,929.5,847.44,832.32
995,2023-02-24T00:25:24.975000,7463832492,441.94,201.46,71.77,109.23,547.98,929.61,847.65,832.05
996,2023-02-24T00:25:24.980000,7463832493,443,201.12,72.12,108.9,547.2,929.06,846.71,832.05
997,2023-02-24T00:25:24.985000,7463832494,442.55,201.53,72.16,109.14,547.04,929.28,847.58,831.82
998,2023-02-24T00:25:24.990000,7463832495,442.51,201.99,72.14,109.53,546.94,929.55,847.48,831.84
999,2023-02-24T00:25:24.995000,7463832496,442.28,201.13,72.35,109.33,547.93,929.53,847.39,832.06
1000,2023-02-24T00:25:25,7463832497,442.14,201.48,71.55,109.23,547.33,928.83,847.08,831.9
1001,2023-02-24T00:25:25.005000,7463832498,442.18,201.84,72.36,109.05,547.7,928.37,847.01,832.02
1002,2023-02-24T00:25:25.010000,7463832499,442.32,201.65,72.97,109.2,547.86,928.93,846.89,832.28
1003,2023-02-24T00:25:25.015000,7463832500,442.77,201.71,72.72,109.45,548.07,928.6,847,831.92
1004,2023-02-24T00:25:25.020000,7463832501,442.88,201.94,71.31,109.26,547.44,928.56,847.34,831.25
1005,2023-02-24T00:25:25.025000,7463832502,442.06,201.86,72.37,108.8,548.07,929.14,847.07,832.2
1006,2023-02-24T00:25:25.030000,7463832503,442,202.06,71.47,109.44,548.12,929.51,847.27,831.71
1007,2023-02-24T00:25:25.035000,7463832504,442.47,201.88,72.21,109.78,548.11,928.93,847.61,831.6
1008,2023-02-24T00:25:25.040000,7463832505,442.07,201.73,72.18,108.52,547.8,928.71,846.92,831.81
1009,2023-02-24T00:25:25.045000,7463832506,442.67,201.93,71.94,109.02,547.52,929.2,846.44,831.7
1010,2023-02-24T00:25:25.050000,7463832507,442.5,202.19,72.24,109.49,547.3,928.96,847.08,831.56
1011,2023-02-24T00:25:25.055000,7463832508,442.36,201.72,72.44,109.51,547.14,929.27,847.43,832.66
1012,2023-02-24T00:25:25.060000,7463832509,442.99,201.83,72.17,109.47,547.38,928.41,846.86,831.96
1013,2023-02-24T00:25:25.065000,7463832510,442.52,201.5,71.83,108.98,547.93,928.4,846.81,831.77
1014,2023-02-24T00:25:25.070000,7463832511,442.87,201.5,72.12,109.6,547.97,929.54,847.73,831.68
1015,2023-02-24T00:25:25.075000,7463832512,442.15,201.6,71.63,109.51,547.6,929.07,847.48,832.19
1016,2023-02-24T00:25:25.080000,7463832513,442.54,201.75,72.51,109.27,547.29,928.9,847.38,831.83
1017,2023-02-24T00:25:25.085000,7463832514,441.94,201.36,71.47,109.01,547.35,928.6,846.95,831.77
1018,2023-02-24T00:25:25.090000,7463832515,442.55,201.63,72.49,109.62,547.66,929.3,847.77,832.21
1019,2023-02-24T00:25:25.095000,7463832516,442,201.9,72.37,108.5,547.54,928.97,847.12,832.03
1020,2023-02-24T00:25:25.100000,7463832517,441.77,201.59,71.97,108.95,547.62,928.41,846.39,831.88
1021,2023-02-24T00:25:25.105000,7463832518,441.97,201.57,72.23,108.89,547.83,929.36,846.67,832.22
1022,2023-02-24T00:25:25.110000,7463832519,442.72,202.37,72.43,109.59,547.56,929.19,847.16,832.07
1023,2023-02-24T00:25:25.115000,7463832520,441.58,201.47,71.99,109.54,547.27,928.83,846.96,831.59
1024,2023-02-24T00:25:25.120000,7463832521,441.81,201.18,71.71,109.49,547.69,928.7,847.09,832.3
1025,2023-02-24T00:25:25.125000,7463832522,441.87,201.76,71.45,110,547.54,928.91,847.32,831.9
1026,2023-02-24T00:25:25.130000,7463832523,442.56,202.06,72.13,109.29,547.56,929.31,848.13,831.59
1027,2023-02-24T00:25:25.135000,7463832524,442.3,201.75,72.12,108.84,547.83,928.38,847.56,831.98
1028,2023-02-24T00:25:25.140000,7463832525,442.47,201.68,72.08,109.72,547.39,928.9,847.25,831.81
1029,2023-02-24T00:25:25.145000,7463832526,442.37,201.76,72.35,109.15,547.44,928.92,847.4,831.78
1030,2023-02-24T00:25:25.150000,7463832527,442.7,201.86,72.87,109.55,547.69,928.68,847.57,832.44
1031,2023-02-24T00:25:25.155000,7463832528,442.62,200.99,72.28,109.57,548.04,928.73,847.43,831.59
1032,2023-02-24T00:25:25.160000,7463832529,442.43,201.25,72.06,108.7,547.94,928.66,846.57,832.06
1033,2023-02-24T00:25:25.165000,7463832530,442.67,201.52,72.61,109.49,547.31,929.01,847.12,831.95
1034,2023-02-24T00:25:25.170000,7463832531,442.36,201.67,72.06,109.51,547.8,928.39,846.62,832.17
1035,2023-02-24T00:25:25.175000,7463832532,442.58,202.05,72.24,109.98,548,928.59,847.62,832.4
1036,2023-02-24T00:25:25.180000,7463832533,442.07,201.42,72.08,108.72,547.45,928.67,846.93,831.75
1037,2023-02-24T00:25:25.185000,7463832534,442.27,202.01,72,109.62,547.36,928.7,847.06,831.67
1038,2023-02-24T00:25:25.190000,7463832535,442.9,202.02,72,108.97,547.83,929.25,847.36,832.74
1039,2023-02-24T00:25:25.195000,7463832536,443.01,201.68,71.88,108.74,547.35,929.37,846.81,832.42
1040,2023-02-24T00:25:25.200000,7463832537,442.65,201.28,71.48,108.87,547.79,927.94,846.59,831.2
1041,2023-02-24T00:25:25.205000,7463832538,442.52,202.6,72.35,109.89,547.4,928.99,847.55,831.6
1042,2023-02-24T00:25:25.210000,7463832539,442.37,202.07,72.43,109.81,547.44,929.54,847.63,831.33
1043,2023-02-24T00:25:25.215000,7463832540,441.91,201.69,72.74,109.66,547.84,929.15,846.96,831.48
1044,2023-02-24T00:25:25.220000,7463832541,441.95,200.84,72.9,108.73,547.34,928.31,847.19,831.25
1045,2023-02-24T00:25:25.225000,7463832542,442.63,201.63,72.04,109.38,547.3,928.57,847.42,832.1
1046,2023-02-24T00:25:25.230000,7463832543,442.51,202.02,72.17,109.61,548.01,929.14,847.01,831.86
1047,2023-02-24T00:25:25.235000,7463832544,442.32,201.47,71.68,109.08,548.11,928.59,847.02,831.93
1048,2023-02-24T00:25:25.240000,7463832545,441.91,201.85,71.7,109.18,547.89,928.93,846.53,832.02
1049,2023-02-24T00:25:25.245000,7463832546,442.66,202.19,72.13,109.45,548.04,928.88,846.8,832.03
1050,2023-02-24T00:25:25.250000,7463832547,442.72,202.19,72.47,109.56,547.53,929.05,846.96,831.75
1051,2023-02-24T00:25:25.255000,7463832548,442.29,201.9,71.94,109.3,547.25,928.15,846.63,832.35
1052,2023-02-24T00:25:25.260000,7463832549,442.02,201.59,71.84,108.8,547.5,928.76,847.09,831.48
1053,2023-02-24T00:25:25.265000,7463832550,442.18,201.59,71.87,108.91,547.54,928.94,847.43,831.57
1054,2023-02-24T00:25:25.270000,7463832551,442.37,201.71,72.48,109.83,548.11,929.1,847.36,831.61
1055,2023-02-24T00:25:25.275000,7463832552,442.57,201.92,71.97,109.45,547.79,928.48,846.98,831.5
1056,2023-02-24T00:25:25.280000,7463832553,442.34,202.36,71.54,109.15,547.36,928.98,847.2,831.54
1057,2023-02-24T00:25:25.285000,7463832554,442.22,202,72.15,109.08,547.46,929,846.66,831.74
1058,2023-02-24T00:25:25.290000,7463832555,442.03,201.9,72.4,109.34,547.95,929.23,847.08,832.54
1059,2023-02-24T00:25:25.295000,7463832556,443.24,202.04,72.15,108.94,547.96,929.24,847.19,831.71
1060,2023-02-24T00:25:25.300000,7463832557,442.7,202.33,71.53,108.78,547.36,929.06,847.32,831.92
1061,2023-02-24T00:25:25.305000,7463832558,442.76,201.7,72.53,109.29,547.37,929.1,847.38,832.25
1062,2023-02-24T00:25:25.310000,7463832559,442.53,202.42,71.94,109.1,547.1,928.94,847,832.06
1063,2023-02-24T00:25:25.315000,7463832560,442.1,201.97,72.39,109.91,547.76,929,847.57,831.63
1064,2023-02-24T00:25:25.320000,7463832561,441.85,201.47,72.01,108.68,548.48,928.67,846.88,831.81
1065,2023-02-24T00:25:25.325000,7463832562,442.3,201.63,71.97,109.23,547.95,928.85,847.64,831.75
1066,2023-02-24T00:25:25.330000,7463832563,442.17,201.58,71.81,108.84,548.06,929.18,847.26,831.34
1067,2023-02-24T00:25:25.335000,7463832564,442.74,201.11,71.93,109.15,548.16,929.03,846.98,832.25
1068,2023-02-24T00:25:25.340000,7463832565,441.78,201.86,72.12,108.95,547.11,928.49,847.75,831.38
1069,2023-02-24T00:25:25.345000,7463832566,442.08,202.41,72.76,109.25,547.42,929.48,847.04,832.23
1070,2023-02-24T00:25:25.350000,7463832567,442.01,202.13,72.94,108.95,547.98,929.08,847.15,831.79
1071,2023-02-24T00:25:25.355000,7463832568,442.39,201.47,72.39,109.33,547.88,928.73,846.98,831.56
1072,2023-02-24T00:25:25.360000,7463832569,443,201.85,72.31,108.85,547.48,928.65,846.87,831.9
1073,2023-02-24T00:25:25.365000,7463832570,442.82,202.04,72.23,109.23,547.59,928.94,847.01,831.95
1074,2023-02-24T00:25:25.370000,7463832571,442.63,202.25,72.12,108.89,548.14,929.38,847.18,831.83
1075,2023-02-24T00:25:25.375000,7463832572,442.48,201.76,72.3,108.92,547.61,928.79,846.67,832.03
1076,2023-02-24T00:25:25.380000,7463832573,442.5,201.42,72.46,109.17,547.52,929.33,847.32,831.57
1077,2023-02-24T00:25:25.385000,7463832574,442.28,202.16,71.83,109.28,547.49,929.27,846.94,832.07
1078,2023-02-24T00:25:25.390000,7463832575,442.48,201.46,71.73,108.92,547.77,929.11,846.96,832.01
1079,2023-02-24T00:25:25.395000,7463832576,442.7,202.09,71.89,109.3,547.18,928.87,846.64,832.37
1080,2023-02-24T00:25:25.400000,7463832577,442.21,201.57,71.31,109.06,547.74,929.34,846.54,831.89
1081,2023-02-24T00:25:25.405000,7463832578,442.75,201.55,72.19,108.89,547.99,928.52,846.91,831.93
1082,2023-02-24T00:25:25.410000,7463832579,442.64,201.36,72.07,109.02,547.51,928.85,847.22,832.22
1083,2023-02-24T00:25:25.415000,7463832580,442.45,201.77,72.31,109.31,548.08,929.11,847.3,832.27
1084,2023-02-24T00:25:25.420000,7463832581,441.9,201.48,72.34,109.26,547.31,929.2,847.17,831.5
1085,2023-02-24T00:25:25.425000,7463832582,442.41,201.93,71.88,109.09,547.63,929.46,847.37,831.68
1086,2023-02-24T00:25:25.430000,7463832583,442.41,202.06,72.1,109.6,547.78,929.23,847.65,831.69
1087,2023-02-24T00:25:25.435000,7463832584,442.67,201.46,72.34,109.11,547.2,928.58,847.08,831.72
1088,2023-02-24T00:25:25.440000,7463832585,442.14,202.05,72.25,109.52,547.14,928.69,847.48,832
1089,2023-02-24T00:25:25.445000,7463832586,442.35,201.45,72.46,108.93,547.55,928.68,846.97,831.98
1090,2023-02-24T00:25:25.450000,7463832587,441.63,201.47,72.36,108.62,547.68,929.23,847.68,831.9
1091,2023-02-24T00:25:25.455000,7463832588,441.88,201.25,71.71,109.14,547.64,928.74,847.24,831.93
1092,2023-02-24T00:25:25.460000,7463832589,442.25,201.44,71.95,109.27,547.64,929.2,846.77,831.96
1093,2023-02-24T00:25:25.465000,7463832590,442.32,201.37,71.92,108.82,548.06,928.93,846.83,831.79
1094,2023-02-24T00:25:25.470000,7463832591,442.42,202.05,72.17,109.82,547.86,929.43,846.96,832.11
1095,2023-02-24T00:25:25.475000,7463832592,441.84,201.04,71.71,109.57,547.49,928.4,847.35,832.26
1096,2023-02-24T00:25:25.480000,7463832593,441.83,201.86,71.69,108.81,547.47,928.42,846.91,831.76
1097,2023-02-24T00:25:25.485000,7463832594,442.96,201.05,71.62,108.81,547.03,927.9,847,831.55
1098,2023-02-24T00:25:25.490000,7463832595,442.56,201.58,72.22,109.98,548.06,929.15,847.7,832.15
1099,2023-02-24T00:25:25.495000,7463832596,442.87,201.74,72.42,109.17,548.05,928.62,847.03,832.07
1100,2023-02-24T00:25:25.500000,7463832597,442.66,202.03,72.09,109.24,547.83,929.06,847.3,832.25
1101,2023-02-24T00:25:25.505000,7463832598,442.14,202.5,72.01,109.54,548.15,929.76,846.96,831.67
1102,2023-02-24T00:25:25.510000,7463832599,442.23,202.17,72.01,109.92,548.04,929.27,847.91,832.2
1103,2023-02-24T00:25:25.515000,7463832600,442.6,201.67,72.5,109.57,548,929.37,847.55,831.85
1104,2023-02-24T00:25:25.520000,7463832601,442.5,201.23,72.12,109.45,546.9,929.02,847.14,832.48
1105,2023-02-24T00:25:25.525000,7463832602,442.39,200.99,72.15,109.12,547.43,929.21,846.85,831.99
1106,2023-02-24T00:25:25.530000,7463832603,442.44,201.83,72.35,109.39,548.25,929.04,847.86,832.64
1107,2023-02-24T00:25:25.535000,7463832604,442.75,201.71,72.55,109.45,547.77,928.94,847.29,832.69
1108,2023-02-24T00:25:25.540000,7463832605,442.13,201.15,72.22,109.45,547.36,928.72,846.78,831.53
1109,2023-02-24T00:25:25.545000,7463832606,442.15,201.47,72,109.04,547.45,929.04,847.05,831.86
1110,2023-02-24T00:25:25.550000,7463832607,441.89,202.16,72.63,108.99,548.03,929.77,847.34,832.21
1111,2023-02-24T00:25:25.555000,7463832608,441.92,201.74,72.38,109.12,547.06,928.45,846.92,832.14
1112,2023-02-24T00:25:25.560000,7463832609,441.96,201.65,71.99,109.3,547.2,928.66,847.4,831.75
1113,2023-02-24T00:25:25.565000,7463832610,442.39,202.21,72.23,109.67,547.81,928.65,846.91,831.79
1114,2023-02-24T00:25:25.570000,7463832611,442.65,202.15,71.86,108.77,548.18,929.09,847.01,832.23
1115,2023-02-24T00:25:25.575000,7463832612,442.84,201.86,71.39,109.03,547.06,928.47,846.74,832.12
1116,2023-02-24T00:25:25.580000,7463832613,442.48,202.11,72.26,108.83,547.59,929.08,846.87,831.64
1117,2023-02-24T00:25:25.585000,7463832614,441.81,201.71,72.69,109.27,547.92,929.23,847.21,831.75
1118,2023-02-24T00:25:25.590000,7463832615,441.74,201.72,72.34,109.36,547.82,929.42,847.05,831.76
1119,2023-02-24T00:25:25.595000,7463832616,442.36,201.42,72.32,108.66,547.64,929.1,847.59,831.71
1120,2023-02-24T00:25:25.600000,7463832617,442.25,201.4,72.33,109.1,547.4,928.77,847.16,831.9
1121,2023-02-24T00:25:25.605000,7463832618,442.99,201.69,72.07,109.15,547.91,929.29,847.2,831.49
1122,2023-02-24T00:25:25.610000,7463832619,442.6,202.39,71.93,109.77,548.19,929.54,847.75,831.87
1123,2023-02-24T00:25:25.615000,7463832620,442.39,201.91,72.08,108.99,547.81,928.62,846.98,832.2
1124,2023-02-24T00:25:25.620000,7463832621,441.7,201.86,72.48,109.27,547.56,928.6,847.34,832.1
1125,2023-02-24T00:25:25.625000,7463832622,442.13,201.72,72.21,109.37,548.18,928.63,846.72,832.2
1126,2023-02-24T00:25:25.630000,7463832623,442.28,201.45,71.94,109.15,547.64,928.54,846.67,832.17
1127,2023-02-24T00:25:25.635000,7463832624,442.87,201.66,71.74,108.41,547.64,928.63,846.83,831.81
1128,2023-02-24T00:25:25.640000,7463832625,441.87,201.97,72.16,108.83,547.32,929,846.65,831.74
1129,2023-02-24T00:25:25.645000,7463832626,442.18,202.12,72.02,109.56,548.09,929.07,847.47,832.31
1130,2023-02-24T00:25:25.650000,7463832627,442.67,202.1,72.41,109.47,548.07,929.22,847.25,832.21
1131,2023-02-24T00:25:25.655000,7463832628,441.9,202.4,72.53,108.95,547.51,928.81,847.38,831.83
1132,2023-02-24T00:25:25.660000,7463832629,441.69,201.46,71.83,109.15,547.16,928.68,847.06,831.92
1133,2023-02-24T00:25:25.665000,7463832630,442.45,201.66,71.52,109.57,548.27,929.53,847.04,832.3
1134,2023-02-24T00:25:25.670000,7463832631,442.55,202.23,72.46,110.12,547.99,929.33,847.05,832.39
1135,2023-02-24T00:25:25.675000,7463832632,441.9,201.93,72.34,108.76,548.04,929.18,847.11,832.01
1136,2023-02-24T00:25:25.680000,7463832633,441.78,201.25,71.73,109.3,547.43,929.06,847.23,832.13
1137,2023-02-24T00:25:25.685000,7463832634,442.61,201.38,71.64,110.09,547.59,928.83,847.07,831.82
1138,2023-02-24T00:25:25.690000,7463832635,442.35,201.86,72.59,109.47,547.68,929.15,847.77,832.66
1139,2023-02-24T00:25:25.695000,7463832636,441.7,201.52,72.01,109.12,547.7,929.65,847.05,831.8
1140,2023-02-24T00:25:25.700000,7463832637,442,201.68,72.08,109.11,547.23,929.6,846.53,831.63
1141,2023-02-24T00:25:25.705000,7463832638,441.63,202.12,72.02,109.1,547.74,929.33,846.82,832.38
1142,2023-02-24T00:25:25.710000,7463832639,442.5,201.79,72.15,109.5,547.56,929.15,847.41,831.89
1143,2023-02-24T00:25:25.715000,7463832640,442.49,201.53,71.86,109.33,548.04,929.3,847.02,831.42
1144,2023-02-24T00:25:25.720000,7463832641,441.29,201.27,72.04,108.45,547.79,928.76,846.46,831.1
1145,2023-02-24T00:25:25.725000,7463832642,441.63,201.49,72.31,109.52,547.93,929.13,847.19,832.08
1146,2023-02-24T00:25:25.730000,7463832643,441.78,201.38,72.37,109.79,547.74,928.76,847.15,832.01
1147,2023-02-24T00:25:25.735000,7463832644,441.42,201.71,72.62,109.47,547.43,929.23,847.21,831.88
1148,2023-02-24T00:25:25.740000,7463832645,442.14,201.65,71.43,108.48,546.97,928.86,846.57,831.37
1149,2023-02-24T00:25:25.745000,7463832646,442.39,201.51,72.19,109.06,547.64,928.75,847.52,831.76
1150,2023-02-24T00:25:25.750000,7463832647,442.8,202.31,72.63,108.43,547.79,928.8,847.69,831.93
1151,2023-02-24T00:25:25.755000,7463832648,442.46,201.65,72.44,108.88,547.88,929.33,847.59,831.88
1152,2023-02-24T00:25:25.760000,7463832649,442.64,202.13,72.05,108.8,546.83,928.81,846.35,831.03
1153,2023-02-24T00:25:25.765000,7463832650,442.12,201.54,72.09,109.1,547.28,929.2,847.73,832.41
1154,2023-02-24T00:25:25.770000,7463832651,442.59,201.64,72.53,109.35,546.95,928.83,847.17,831.88
1155,2023-02-24T00:25:25.775000,7463832652,442.66,201.65,72.05,109.05,547.46,928.73,846.99,832.07
1156,2023-02-24T00:25:25.780000,7463832653,441.61,201.78,71.98,109.38,547.49,928.86,846.9,831.64
1157,2023-02-24T00:25:25.785000,7463832654,442.24,202.13,72.39,109.43,547.77,929.03,846.87,831.28
1158,2023-02-24T00:25:25.790000,7463832655,442.79,201.68,72.25,109.5,547.73,929.52,847.31,832.03
1159,2023-02-24T00:25:25.795000,7463832656,442.18,201.79,72.05,109.45,548.24,929.25,847.1,832.45
1160,2023-02-24T00:25:25.800000,7463832657,441.59,201.33,71.97,109.26,547.53,928.83,846.7,831.87
1161,2023-02-24T00:25:25.805000,7463832658,442.22,201.84,71.96,109.69,547.41,928.98,847.04,831.87
1162,2023-02-24T00:25:25.810000,7463832659,442.34,202.13,72.11,109.11,547.58,929.23,847.15,832.39
1163,2023-02-24T00:25:25.815000,7463832660,442.06,201.9,72.15,109.1,547.53,929.14,846.71,832.02
1164,2023-02-24T00:25:25.820000,7463832661,442.34,201.78,71.99,109.3,548.07,929.19,847.01,831.61
1165,2023-02-24T00:25:25.825000,7463832662,442.13,201.24,72.09,109.27,547.58,929.35,846.69,831.94
1166,2023-02-24T00:25:25.830000,7463832663,442.27,201.81,72.62,109.73,547.93,929.13,847.33,832.12
1167,2023-02-24T00:25:25.835000,7463832664,441.34,202.04,71.8,109.09,547.84,929.13,847.57,832.18
1168,2023-02-24T00:25:25.840000,7463832665,442.08,201.21,71.84,108.57,547.67,928.87,847.45,831.91
1169,2023-02-24T00:25:25.845000,7463832666,442.39,202.06,71.83,109.34,547.82,928.86,846.8,831.98
1170,2023-02-24T00:25:25.850000,7463832667,442.17,201.36,72.14,109.32,547.42,928.84,846.88,831.22
1171,2023-02-24T00:25:25.855000,7463832668,442.72,201.51,72.41,109.4,547.44,928.96,847.8,832.03
1172,2023-02-24T00:25:25.860000,7463832669,442.55,201.24,72.45,109.2,547.5,928.88,846.91,831.98
1173,2023-02-24T00:25:25.865000,7463832670,442.44,201.49,72.17,109.66,547.46,928.86,847.28,831.54
1174,2023-02-24T00:25:25.870000,7463832671,442.4,201.86,72.06,109.51,547.91,928.93,847.05,832.48
1175,2023-02-24T00:25:25.875000,7463832672,442.67,201.51,72.21,109.51,547.4,928.51,846.45,831.52
1176,2023-02-24T00:25:25.880000,7463832673,442.32,201.55,71.66,109.37,547.56,928.7,847.03,831.79
1177,2023-02-24T00:25:25.885000,7463832674,443.24,201.78,72.09,109.41,548.38,929.33,847.24,831.54
1178,2023-02-24T00:25:25.890000,7463832675,442.65,201.73,72.25,109.2,547.89,929.29,847.75,832.24
1179,2023-02-24T00:25:25.895000,7463832676,442.72,201.91,72.34,109.5,547.75,928.81,847.62,831.98
1180,2023-02-24T00:25:25.900000,7463832677,442.58,201.46,71.8,109.17,547.46,928.9,847.32,831.75
1181,2023-02-24T00:25:25.905000,7463832678,441.99,202.11,72.28,109.88,548.19,929.06,847.58,831.58
1182,2023-02-24T00:25:25.910000,7463832679,443.16,201.71,72.25,109.4,547.99,929.05,847.66,831.89
1183,2023-02-24T00:25:25.915000,7463832680,442.45,202.01,71.91,109.22,548.19,929.66,847.16,831.85
1184,2023-02-24T00:25:25.920000,7463832681,442.7,201.51,72,108.6,547.6,928.81,846.42,831.24
1185,2023-02-24T00:25:25.925000,7463832682,443.19,202.02,72.37,109.41,547.82,929.26,846.51,831.63
1186,2023-02-24T00:25:25.930000,7463832683,442.86,201.56,71.99,109.37,548.25,929.06,847.59,831.94
1187,2023-02-24T00:25:25.935000,7463832684,442.2,201.47,72.19,108.66,547.6,929.35,846.86,831.73
1188,2023-02-24T00:25:25.940000,7463832685,442.32,201.77,72.13,109.06,547.43,928.78,847.1,831.47
1189,2023-02-24T00:25:25.945000,7463832686,442.84,202.34,72.45,109.4,548.16,928.76,847.49,832
1190,2023-02-24T00:25:25.950000,7463832687,441.56,202.28,72.21,109.72,547.92,929.53,847.35,831.86
1191,2023-02-24T00:25:25.955000,7463832688,441.95,201.87,72.12,109.23,547.74,929.23,847.39,831.76
1192,2023-02-24T00:25:25.960000,7463832689,442.02,201.58,72.25,109.04,547.65,929.15,846.56,831.56
1193,2023-02-24T00:25:25.965000,7463832690,442.25,201.78,72,109.34,547.32,929.18,847.16,831.45
1194,2023-02-24T00:25:25.970000,7463832691,442.75,202.3,72.89,109.64,548.07,928.99,847.91,832.36
1195,2023-02-24T00:25:25.975000,7463832692,442.34,201.85,72.23,109.24,547.63,929.04,847.67,831.4
1196,2023-02-24T00:25:25.980000,7463832693,441.95,201.49,71.67,108.7,547.21,928.53,846.86,831.4
1197,2023-02-24T00:25:25.985000,7463832694,442.39,202.03,71.52,109.2,547.91,928.64,847.18,832.16
1198,2023-02-24T00:25:25.990000,7463832695,442.64,202.28,72,109.37,547.75,929.11,847.31,832.18
1199,2023-02-24T00:25:25.995000,7463832696,442.42,202.06,72.49,109.37,547.68,928.63,846.56,831.53
1200,2023-02-24T00:25:26,7463832697,442.51,201.25,71.73,109.17,547.52,928.65,847.07,832.05
1201,2023-02-24T00:25:26.005000,7463832698,442.33,201.42,72.54,109.11,547.67,928.69,847.43,832.18
1202,2023-02-24T00:25:26.010000,7463832699,441.63,201.43,72.53,109.64,547.69,929.11,847.16,832.08
1203,2023-02-24T00:25:26.015000,7463832700,442.21,201.71,72.48,108.88,548.22,928.67,847.32,831.45
1204,2023-02-24T00:25:26.020000,7463832701,442.42,201.9,71.83,109.05,547.76,929.46,847.12,831.46
1205,2023-02-24T00:25:26.025000,7463832702,442.35,201.75,72.07,109.29,547.56,928.95,847.41,831.82
1206,2023-02-24T00:25:26.030000,7463832703,442.18,201.34,72.44,109.5,548.1,928.9,847.53,831.71
1207,2023-02-24T00:25:26.035000,7463832704,442.52,202.03,71.96,109.19,547.51,928.79,847.3,831.83
1208,2023-02-24T00:25:26.040000,7463832705,442.58,201.83,71.63,108.79,547.39,929.02,846.66,831.58
1209,2023-02-24T00:25:26.045000,7463832706,442.39,201.64,72.02,109.54,547.4,929.15,846.64,832.01
1210,2023-02-24T00:25:26.050000,7463832707,442.69,202.03,72.26,109.87,547.39,929.19,847.62,832.34
1211,2023-02-24T00:25:26.055000,7463832708,442.38,201.89,72.04,108.96,547.19,929.1,847.06,831.9
1212,2023-02-24T00:25:26.060000,7463832709,442.37,201.14,71.87,109.09,547.53,928.97,847.28,831.91
1213,2023-02-24T00:25:26.065000,7463832710,442.87,201.38,72.12,109.53,548.22,928.39,847.5,831.87
1214,2023-02-24T00:25:26.070000,7463832711,442.28,201.68,72.27,109.45,548.13,928.52,846.93,831.81
1215,2023-02-24T00:25:26.075000,7463832712,441.89,201.79,72.49,109.25,547.89,929.37,847.02,831.63
1216,2023-02-24T00:25:26.080000,7463832713,442.66,201.34,71.89,108.56,547.37,928.84,846.7,831.7
1217,2023-02-24T00:25:26.085000,7463832714,443.18,201.64,72.11,108.82,547.4,929.53,846.7,831.96
1218,2023-02-24T00:25:26.090000,7463832715,442.64,202.18,72.23,109.51,547.62,929.07,847.32,832.35
1219,2023-02-24T00:25:26.095000,7463832716,441.81,201.88,72.62,109.48,547.4,929.09,847.4,832.11
1220,2023-02-24T00:25:26.100000,7463832717,442.33,201.79,72.68,108.69,548.09,928.72,846.38,831.6
1221,2023-02-24T00:25:26.105000,7463832718,442.12,201.49,72.36,108.56,547.79,929.03,847.07,831.76
1222,2023-02-24T00:25:26.110000,7463832719,442.03,202.01,72.5,108.77,548.41,929.02,847.27,831.86
1223,2023-02-24T00:25:26.115000,7463832720,441.51,201.41,72.21,109.46,547.57,928.61,847.18,831.81
1224,2023-02-24T00:25:26.120000,7463832721,442.34,201.74,72.45,108.86,547.62,928.85,847.24,832.07
1225,2023-02-24T00:25:26.125000,7463832722,442.22,201.69,72.19,109.19,548.06,929.02,846.53,831.84
1226,2023-02-24T00:25:26.130000,7463832723,443,201.86,72.29,110.09,547.83,929.31,846.75,831.83
1227,2023-02-24T00:25:26.135000,7463832724,442.42,201.61,72.2,109.67,547.72,929,846.97,831.88
1228,2023-02-24T00:25:26.140000,7463832725,442.16,201.09,71.19,109.15,547.29,928.77,847.08,831.87
1229,2023-02-24T00:25:26.145000,7463832726,442.55,201.23,72.31,109.43,547.66,929.07,847.33,832.05
1230,2023-02-24T00:25:26.150000,7463832727,441.64,201.93,72.48,109.35,548.23,928.86,846.95,832.36
1231,2023-02-24T00:25:26.155000,7463832728,442.09,201.1,71.69,109.37,547.5,928.85,847.36,831.28
1232,2023-02-24T00:25:26.160000,7463832729,442.87,201.82,72.31,109.31,547.28,928.82,847.01,831.42
1233,2023-02-24T00:25:26.165000,7463832730,441.91,202.59,71.71,108.4,547.56,928.71,846.95,832.4
1234,2023-02-24T00:25:26.170000,7463832731,442.15,201.69,72.04,109.63,548.56,928.91,847.16,831.94
1235,2023-02-24T00:25:26.175000,7463832732,442.43,201.53,72.28,109.09,547.64,928.18,847.42,831.62
1236,2023-02-24T00:25:26.180000,7463832733,442.67,201.88,71.78,109.11,548.1,928.71,847.17,831.79
1237,2023-02-24T00:25:26.185000,7463832734,442.42,201.54,71.84,109.31,548.11,929.09,847.33,831.91
1238,2023-02-24T00:25:26.190000,7463832735,442.1,202.26,72.45,109.4,547.48,928.91,847.36,832.03
1239,2023-02-24T00:25:26.195000,7463832736,442.11,201.98,72.27,109.14,547.25,929.39,846.71,831.54
1240,2023-02-24T00:25:26.200000,7463832737,442.29,201.49,72.08,108.92,547.6,928.99,847.14,832.25
1241,2023-02-24T00:25:26.205000,7463832738,442.04,201.32,72.43,108.49,547.66,928.99,847.66,832.18
1242,2023-02-24T00:25:26.210000,7463832739,442.3,201.93,71.89,109.02,547.74,929.05,847.33,831.94
1243,2023-02-24T00:25:26.215000,7463832740,441.95,201.7,72.03,109.12,546.95,928.91,847.26,832.45
1244,2023-02-24T00:25:26.220000,7463832741,442.47,201.49,71.62,109.69,547.81,928.9,847.24,831.61
1245,2023-02-24T00:25:26.225000,7463832742,442.17,201.71,72.54,109.66,548.02,928.71,847.7,831.55
1246,2023-02-24T00:25:26.230000,7463832743,442.5,201.95,72.75,109.19,548.22,929.2,847.56,831.59
1247,2023-02-24T00:25:26.235000,7463832744,442.53,202.33,71.8,109.3,547.91,928.67,846.46,832.19
1248,2023-02-24T00:25:26.240000,7463832745,441.56,201.4,72.3,109.09,548.01,928.88,847.05,832.27
1249,2023-02-24T00:25:26.245000,7463832746,442.27,201.05,72.3,109.11,547.51,929.07,846.93,832.12
1250,2023-02-24T00:25:26.250000,7463832747,442.24,202.06,72.16,109.19,547.84,929.07,847.44,831.39
1251,2023-02-24T00:25:26.255000,7463832748,442.09,201.92,71.59,108.77,547.74,929.31,846.76,831.68
1252,2023-02-24T00:25:26.260000,7463832749,442.1,201.95,72.22,108.85,547.44,929.05,847.37,832.41
1253,2023-02-24T00:25:26.265000,7463832750,441.97,201.19,72.17,109.21,548.11,928.72,847.03,831.6
1254,2023-02-24T00:25:26.270000,7463832751,441.81,201.74,72.58,110.06,548.14,929.49,846.83,832.07
1255,2023-02-24T00:25:26.275000,7463832752,442.42,201.89,72.75,109.17,547.34,929.35,847.17,831.19
1256,2023-02-24T00:25:26.280000,7463832753,441.99,201.36,71.89,108.8,547.98,929.29,846.36,831.8
1257,2023-02-24T00:25:26.285000,7463832754,442.71,201.62,72.29,109,547.26,928.88,847.35,831.68
1258,2023-02-24T00:25:26.290000,7463832755,442.79,201.99,72.12,109.05,547.83,928.72,847.39,832.42
1259,2023-02-24T00:25:26.295000,7463832756,442.44,202.05,72.44,109.37,547.92,929.37,847.09,831.73
1260,2023-02-24T00:25:26.300000,7463832757,442.46,201.6,72.36,109.09,547.72,928.99,846.65,832.21
1261,2023-02-24T00:25:26.305000,7463832758,442.09,201.31,71.78,109.27,547.74,928.71,847.46,832
1262,2023-02-24T00:25:26.310000,7463832759,442.31,201.58,72.09,109.38,547.33,929.26,847.46,831.98
1263,2023-02-24T00:25:26.315000,7463832760,442.83,201.58,72.37,109.24,547.49,929.04,847.18,831.61
1264,2023-02-24T00:25:26.320000,7463832761,442.49,201.06,72.36,109.36,547.63,928.9,846.73,831.69
1265,2023-02-24T00:25:26.325000,7463832762,442.47,201.89,72.18,109.97,547.73,929.26,847.56,832.06
1266,2023-02-24T00:25:26.330000,7463832763,442.45,201.44,72.37,109.57,547.92,929.61,847.21,832.03
1267,2023-02-24T00:25:26.335000,7463832764,441.94,201.7,71.91,109.15,547.92,929.27,847.6,832.02
1268,2023-02-24T00:25:26.340000,7463832765,442.62,201.86,72.24,109.29,547.17,928.96,847.3,831.82
1269,2023-02-24T00:25:26.345000,7463832766,442.43,201.83,72.41,109.56,547.93,928.6,846.75,831.51
1270,2023-02-24T00:25:26.350000,7463832767,443.28,201.82,72.26,109.33,547.74,928.71,846.99,831.73
1271,2023-02-24T00:25:26.355000,7463832768,443.01,201.11,71.84,109.08,547.77,928.62,846.78,831.78
1272,2023-02-24T00:25:26.360000,7463832769,442.43,201.53,72.35,108.66,547.95,928.59,847.38,832.25
1273,2023-02-24T00:25:26.365000,7463832770,443.09,201.32,72.46,109.02,548.11,929.14,847.27,831.99
1274,2023-02-24T00:25:26.370000,7463832771,442.76,201.82,72.25,109.09,547.72,929.32,847.36,832.13
1275,2023-02-24T00:25:26.375000,7463832772,442.36,201.9,72.1,108.74,547.49,929.2,846.42,831.12
1276,2023-02-24T00:25:26.380000,7463832773,442.28,201.42,72.5,109.2,547.65,928.88,847.36,831.48
1277,2023-02-24T00:25:26.385000,7463832774,442.07,201.4,72.34,109.61,547.74,929.2,847.14,832.09
1278,2023-02-24T00:25:26.390000,7463832775,441.84,202.03,72.71,109.24,547.45,928.66,847.06,831.94
1279,2023-02-24T00:25:26.395000,7463832776,442.4,202.11,71.59,109.25,547.94,929.2,846.61,831.58
1280,2023-02-24T00:25:26.400000,7463832777,442.29,201.68,72.07,109.39,547.62,929.28,846.98,831.29
1281,2023-02-24T00:25:26.405000,7463832778,442.57,201.79,72.4,109.33,547.76,928.94,846.7,831.66
1282,2023-02-24T00:25:26.410000,7463832779,442.56,202.45,72.21,109.17,547.54,928.82,847.68,832.32
1283,2023-02-24T00:25:26.415000,7463832780,441.99,202.1,71.72,109.78,547.73,928.83,847.87,832.05
1284,2023-02-24T00:25:26.420000,7463832781,442.46,202.18,71.71,109.67,547.98,928.6,847.09,832.09
1285,2023-02-24T00:25:26.425000,7463832782,442.38,201.83,72.31,109.39,547.67,928.99,847.07,832.02
1286,2023-02-24T00:25:26.430000,7463832783,442.54,201.97,72.26,109.73,548.1,929.2,847.23,831.77
1287,2023-02-24T00:25:26.435000,7463832784,442.74,200.79,72.13,108.74,547.93,929.28,847.35,831.3
1288,2023-02-24T00:25:26.440000,7463832785,441.56,201.7,72.41,108.9,547.29,928.73,847.07,831.31
1289,2023-02-24T00:25:26.445000,7463832786,442.38,202.13,72.41,109.93,547.51,929.44,847.44,831.79
1290,2023-02-24T00:25:26.450000,7463832787,442.84,200.64,71.84,109.95,547.89,928.47,847.61,832.52
1291,2023-02-24T00:25:26.455000,7463832788,441.72,201.32,71.84,109.38,547.59,929.17,847.43,831.94
1292,2023-02-24T00:25:26.460000,7463832789,441.92,201.21,72.16,109.77,547.79,928.72,846.7,831.31
1293,2023-02-24T00:25:26.465000,7463832790,441.51,201.5,72.35,109.5,547.42,928.81,847.1,831.59
1294,2023-02-24T00:25:26.470000,7463832791,442.25,202.02,71.94,108.84,547.93,928.66,847.44,831.63
1295,2023-02-24T00:25:26.475000,7463832792,442.35,201.92,72.29,108.99,547.73,928.54,847.27,831.99
1296,2023-02-24T00:25:26.480000,7463832793,442.16,201.18,72.07,109.21,547.63,928.72,847.09,831.34
1297,2023-02-24T00:25:26.485000,7463832794,442.34,201.56,71.84,108.8,547.74,929.25,847.19,831.91
1298,2023-02-24T00:25:26.490000,7463832795,442.16,201.15,72.61,108.88,548.33,929.39,847.36,832.18
1299,2023-02-24T00:25:26.495000,7463832796,442.4,201.93,72.73,108.98,547.91,928.51,847.56,831.94
1300,2023-02-24T00:25:26.500000,7463832797,441.79,202.33,72.05,108.96,547.4,928.37,847.34,832.21
1301,2023-02-24T00:25:26.505000,7463832798,442.44,202.21,71.58,109.58,547.22,928.59,847.3,832.07
1302,2023-02-24T00:25:26.510000,7463832799,442.24,200.92,72.04,109.3,547.18,929.44,847.04,832.13
1303,2023-02-24T00:25:26.515000,7463832800,442.21,201.53,71.81,109.54,547.54,928.7,846.84,831.95
1304,2023-02-24T00:25:26.520000,7463832801,442.72,201.68,71.55,109.68,547.56,929.23,847.41,832.24
1305,2023-02-24T00:25:26.525000,7463832802,442.8,202.12,72.21,109.5,547.85,929.17,847.5,832.16
1306,2023-02-24T00:25:26.530000,7463832803,442.56,201.87,72.31,109,547.17,929.01,846.9,832.28
1307,2023-02-24T00:25:26.535000,7463832804,441.69,201.75,72.01,109,547.76,929.94,847.28,832.1
1308,2023-02-24T00:25:26.540000,7463832805,442.62,201.49,72.11,109.5,548.11,928.86,847.23,831.18
1309,2023-02-24T00:25:26.545000,7463832806,441.84,201.19,71.57,109.16,547.45,928.88,846.79,831.93
1310,2023-02-24T00:25:26.550000,7463832807,441.92,201.32,71.91,108.71,547.64,928.92,846.64,831.93
1311,2023-02-24T00:25:26.555000,7463832808,442.32,201.68,72.5,108.82,547.15,928.95,846.95,831.8
1312,2023-02-24T00:25:26.560000,7463832809,441.93,201.61,72.13,109.12,547.31,929.52,847.58,831.9
1313,2023-02-24T00:25:26.565000,7463832810,442.18,201.78,72.3,109.87,547.64,928.98,847.68,831.74
1314,2023-02-24T00:25:26.570000,7463832811,442.72,201.66,72.61,109.43,547.23,928.59,847.4,831.57
1315,2023-02-24T00:25:26.575000,7463832812,442.17,202.04,72.41,108.98,547.46,928.74,847.19,832.06
1316,2023-02-24T00:25:26.580000,7463832813,442.46,201.92,72.04,109.2,547.76,929.36,847.54,832.43
1317,2023-02-24T00:25:26.585000,7463832814,442.68,201.98,72.29,109.88,548.06,928.71,846.92,832.05
1318,2023-02-24T00:25:26.590000,7463832815,442.4,201.78,71.79,109.34,547.59,929.53,847.2,832.29
1319,2023-02-24T00:25:26.595000,7463832816,442.65,201.46,71.66,109.2,547.91,929,846.76,832.2
1320,2023-02-24T00:25:26.600000,7463832817,442.05,201.43,72.19,109.68,547.78,928.31,846.65,831.98
1321,2023-02-24T00:25:26.605000,7463832818,442.15,201.18,72.29,109.26,547.59,928.22,846.8,832.23
1322,2023-02-24T00:25:26.610000,7463832819,442.04,201.64,72.54,109.39,547.74,928.85,846.93,831.85
1323,2023-02-24T00:25:26.615000,7463832820,442.42,201.75,71.96,109.77,547.41,928.95,847.31,832.12
1324,2023-02-24T00:25:26.620000,7463832821,442.73,201.35,71.97,109.33,547.38,929.28,846.25,832.34
1325,2023-02-24T00:25:26.625000,7463832822,442.13,201.29,72.44,109.39,547.64,928.93,846.3,831.63
1326,2023-02-24T00:25:26.630000,7463832823,442.46,201.76,72.58,109.07,548.25,928.82,847.11,832.12
1327,2023-02-24T00:25:26.635000,7463832824,442.77,201.56,72.16,109.54,548.09,928.7,846.98,831.89
1328,2023-02-24T00:25:26.640000,7463832825,442.79,202.06,72.54,108.77,547.8,929.25,846.71,832.3
1329,2023-02-24T00:25:26.645000,7463832826,442.19,202.32,71.95,109.1,548.16,929.21,846.95,831.81
1330,2023-02-24T00:25:26.650000,7463832827,442.52,201.65,72.22,109.54,547.94,929,846.87,832.27
1331,2023-02-24T00:25:26.655000,7463832828,442.7,201.96,72.22,109.32,547.67,929.49,847.43,831.61
1332,2023-02-24T00:25:26.660000,7463832829,441.68,201.58,72.51,109.64,547.98,928.78,847.2,831.97
1333,2023-02-24T00:25:26.665000,7463832830,442.12,202.67,72.27,109.25,547.5,929.24,847.06,831.72
1334,2023-02-24T00:25:26.670000,7463832831,443.14,201.84,72.76,109.69,547.74,929.43,846.96,831.82
1335,2023-02-24T00:25:26.675000,7463832832,442.11,201.63,72.6,109.1,547.96,929.2,847.06,831.87
1336,2023-02-24T00:25:26.680000,7463832833,441.32,201.21,72.56,109.1,547.34,929.28,847.41,831.12
1337,2023-02-24T00:25:26.685000,7463832834,441.55,202,71.72,109.05,547.23,928.7,846.79,831.96
1338,2023-02-24T00:25:26.690000,7463832835,442.27,202.5,72.27,109.49,548.15,928.63,846.8,832.58
1339,2023-02-24T00:25:26.695000,7463832836,441.59,201.35,72.72,109.1,547.75,928.84,846.83,831.99
1340,2023-02-24T00:25:26.700000,7463832837,442.22,201.85,72.54,108.94,547.86,928.62,847.18,832.3
1341,2023-02-24T00:25:26.705000,7463832838,442.97,201.61,72.73,109.22,547.58,929.08,847.5,832.19
1342,2023-02-24T00:25:26.710000,7463832839,442.58,201.92,72.08,109.35,548.03,929.13,846.64,832.36
1343,2023-02-24T00:25:26.715000,7463832840,442,201.83,72.21,108.71,547.51,929.26,847.15,831.75
1344,2023-02-24T00:25:26.720000,7463832841,442.65,201.79,72.56,109.12,547.75,929.28,847.38,832.29
1345,2023-02-24T00:25:26.725000,7463832842,441.9,201.51,72.09,109.05,548.03,928.4,847.2,831.93
1346,2023-02-24T00:25:26.730000,7463832843,441.91,201.27,72.58,109.45,547.9,929.01,846.93,832.23
1347,2023-02-24T00:25:26.735000,7463832844,442.14,200.96,72.5,108.94,547.42,928.96,847.19,832.5
1348,2023-02-24T00:25:26.740000,7463832845,442.29,201.52,72.22,109.07,547.31,928.61,847.58,831.94
1349,2023-02-24T00:25:26.745000,7463832846,442.73,201.4,71.55,109.1,547.26,929.18,847.39,831.88
1350,2023-02-24T00:25:26.750000,7463832847,442.5,201.95,71.74,109.56,547.5,928.58,846.98,832.04
1351,2023-02-24T00:25:26.755000,7463832848,442.4,201.61,72.91,108.56,548,929.44,847.11,831.71
1352,2023-02-24T00:25:26.760000,7463832849,442.69,202.16,72.41,109.73,547.88,929.05,847.7,831.97
1353,2023-02-24T00:25:26.765000,7463832850,442.57,201.93,72.21,109.22,547.69,928.92,847.22,832.38
1354,2023-02-24T00:25:26.770000,7463832851,441.64,202.15,72.44,109.39,547.53,928.94,847.1,831.8
1355,2023-02-24T00:25:26.775000,7463832852,442.65,201.75,72.41,109.53,547.82,928.94,847.56,832.07
1356,2023-02-24T00:25:26.780000,7463832853,442.19,202.12,71.81,109.69,547.78,929.15,847.1,832.03
1357,2023-02-24T00:25:26.785000,7463832854,442.36,202.22,71.8,108.7,547.92,928.78,846.87,832.16
1358,2023-02-24T00:25:26.790000,7463832855,442.02,202.06,71.96,109.55,547.79,929.33,847.22,831.77
1359,2023-02-24T00:25:26.795000,7463832856,442.13,201.82,71.69,109.26,547.65,929.46,846.65,831.55
1360,2023-02-24T00:25:26.800000,7463832857,442.58,201.24,72.3,109.4,547.58,928.94,847.13,831.99
1361,2023-02-24T00:25:26.805000,7463832858,442.1,201.36,72.33,109.12,547.37,929.24,847.22,832.08
1362,2023-02-24T00:25:26.810000,7463832859,442.4,201.92,72.13,108.69,546.82,929.04,846.99,831.66
1363,2023-02-24T00:25:26.815000,7463832860,442.61,201.79,71.95,108.86,547.14,929.45,847.5,832.16
1364,2023-02-24T00:25:26.820000,7463832861,442.65,201.84,72.48,109.41,548.22,929.37,846.91,832.07
1365,2023-02-24T00:25:26.825000,7463832862,442.18,201.77,72.66,108.93,547.87,929.01,847.12,831.63
1366,2023-02-24T00:25:26.830000,7463832863,442.14,201.66,72.68,108.93,547.02,928.7,846.43,831.26
1367,2023-02-24T00:25:26.835000,7463832864,441.73,202.04,72.13,109.92,548.01,929.4,847,831.61
1368,2023-02-24T00:25:26.840000,7463832865,442.28,201.64,72.67,109.42,547.44,929.3,847.48,831.68
1369,2023-02-24T00:25:26.845000,7463832866,442.74,201.29,71.98,108.84,548.13,928.75,846.56,831.66
1370,2023-02-24T00:25:26.850000,7463832867,442.59,201.89,72.11,109.15,548.26,929.01,846.61,831.74
1371,2023-02-24T00:25:26.855000,7463832868,443,201.75,71.85,108.92,548.18,929.27,847.05,831.96
1372,2023-02-24T00:25:26.860000,7463832869,442.85,201.87,72.14,109.64,548.12,928.39,847.32,831.84
1373,2023-02-24T00:25:26.865000,7463832870,442.09,201.68,72.38,109.33,547.72,929.09,847.08,831.57
1374,2023-02-24T00:25:26.870000,7463832871,442.21,201.69,72.3,108.61,547.44,929.05,846.86,832.15
1375,2023-02-24T00:25:26.875000,7463832872,441.79,201.99,71.88,108.85,546.99,928.66,847.19,831.88
1376,2023-02-24T00:25:26.880000,7463832873,442.35,201.71,72.04,109.01,547.81,929.01,846.43,832.39
1377,2023-02-24T00:25:26.885000,7463832874,443,202.01,72.05,109.15,547.86,929.49,847.17,831.78
1378,2023-02-24T00:25:26.890000,7463832875,442.29,201.72,72.33,108.99,546.91,928.43,846.75,831.63
1379,2023-02-24T00:25:26.895000,7463832876,441.9,201.81,72.14,109.19,547.71,929.23,847,831.36
1380,2023-02-24T00:25:26.900000,7463832877,442.69,201.08,72.2,108.84,547.91,929.15,847.37,832.27
1381,2023-02-24T00:25:26.905000,7463832878,442.11,201.34,71.8,109.32,547.8,928.85,847.24,831.27
1382,2023-02-24T00:25:26.910000,7463832879,442.1,201.61,72.22,108.78,547.65,928.4,846.45,832.04
1383,2023-02-24T00:25:26.915000,7463832880,442.61,202.05,72.21,109,547.73,929.14,846.77,831.84
1384,2023-02-24T00:25:26.920000,7463832881,442.86,202.23,72.02,109.75,548.36,928.58,846.67,831.88
1385,2023-02-24T00:25:26.925000,7463832882,442.88,202.14,72.11,109.26,547.59,928.81,846.86,832.15
1386,2023-02-24T00:25:26.930000,7463832883,442.34,201.4,71.89,108.99,547.68,928.75,847.45,831.76
1387,2023-02-24T00:25:26.935000,7463832884,441.61,201.79,72.04,109.2,548.09,929.03,847.46,831.64
1388,2023-02-24T00:25:26.940000,7463832885,442.92,202.13,71.42,109.87,547.94,929.09,847.37,832.39
1389,2023-02-24T00:25:26.945000,7463832886,442.45,201.4,71.61,108.82,547.75,928.95,847,832.12
1390,2023-02-24T00:25:26.950000,7463832887,442.33,201.61,71.58,108.47,548.02,928.62,846.73,831.54
1391,2023-02-24T00:25:26.955000,7463832888,442.69,201.34,72.65,109.4,547.15,928.86,847.23,832.27
1392,2023-02-24T00:25:26.960000,7463832889,442.86,201.89,72.56,109.15,547.98,929.06,847.31,832.18
1393,2023-02-24T00:25:26.965000,7463832890,442.49,201.53,71.66,109.53,547.25,928.27,847.11,832.06
1394,2023-02-24T00:25:26.970000,7463832891,442.2,201.88,72.2,109.34,547.67,928.81,846.78,832.14
1395,2023-02-24T00:25:26.975000,7463832892,442.1,201.17,72.14,108.69,547.93,929.06,846.96,831.75
1396,2023-02-24T00:25:26.980000,7463832893,442.48,201.87,72.61,108.7,546.86,929.18,847.03,831.93
1397,2023-02-24T00:25:26.985000,7463832894,442.75,201.66,72.07,108.98,547.91,929.1,847.22,832.44
1398,2023-02-24T00:25:26.990000,7463832895,442.91,201.83,72.18,109,547.58,929.2,846.58,832.01
1399,2023-02-24T00:25:26.995000,7463832896,442.45,201.14,72.44,108.87,547.72,929.13,847.48,831.67
1400,2023-02-24T00:25:27,7463832897,442.08,201.63,72.88,108.58,547.54,929.35,847.64,832.2
1401,2023-02-24T00:25:27.005000,7463832898,442.15,202.11,72.71,109.04,547.59,929.09,847.48,832.05
1402,2023-02-24T00:25:27.010000,7463832899,441.87,201.87,72.36,108.97,547.82,928.99,847.53,832.2
1403,2023-02-24T00:25:27.015000,7463832900,442.37,201.28,72.11,109.19,547.49,928.89,847.16,831.99
1404,2023-02-24T00:25:27.020000,7463832901,442.48,201.31,72.28,109.42,547.82,929.16,847.12,831.15
1405,2023-02-24T00:25:27.025000,7463832902,442.12,201.63,72.23,109.25,547.51,928.75,846.72,831.97
1406,2023-02-24T00:25:27.030000,7463832903,442.25,201.57,72.57,109.64,547.81,929.17,846.5,831.88
1407,2023-02-24T00:25:27.035000,7463832904,441.65,201.33,71.79,109.68,547.79,928.99,847.34,831.96
1408,2023-02-24T00:25:27.040000,7463832905,442.33,202.03,72.36,109.17,547.64,928.69,847.58,832.34
1409,2023-02-24T00:25:27.045000,7463832906,441.59,201.59,71.59,109.56,547.91,928.62,846.59,831.91
1410,2023-02-24T00:25:27.050000,7463832907,442.47,201.53,71.87,109.3,547.44,928.83,846.7,831.4
1411,2023-02-24T00:25:27.055000,7463832908,443.02,201.97,72.4,109.22,548.11,928.9,847.3,831.82
1412,2023-02-24T00:25:27.060000,7463832909,442.24,201.52,71.96,109.06,547.78,928.92,847.02,832.43
1413,2023-02-24T00:25:27.065000,7463832910,443.1,200.89,71.86,109.17,547.45,929.03,847.31,832.05
1414,2023-02-24T00:25:27.070000,7463832911,442.1,201.52,71.99,109.08,547.64,928.77,846.52,831.68
1415,2023-02-24T00:25:27.075000,7463832912,442.2,201.93,72.28,109.2,547.96,928.63,847.49,831.8
1416,2023-02-24T00:25:27.080000,7463832913,442.17,201.89,72.2,109.13,547.76,928.42,847.8,832.03
1417,2023-02-24T00:25:27.085000,7463832914,442.44,201.56,72.24,109.5,547.23,928.58,847.14,832
1418,2023-02-24T00:25:27.090000,7463832915,442.75,201.73,72.21,108.8,547.25,928.95,846.43,831.84
1419,2023-02-24T00:25:27.095000,7463832916,442.21,201.5,72.2,109.13,547.52,928.42,847.57,831.93
1420,2023-02-24T00:25:27.100000,7463832917,442.9,202.47,71.92,109.07,547.66,928.82,847.51,831.58
1421,2023-02-24T00:25:27.105000,7463832918,442.65,201.81,72.1,109.37,547.62,929.05,846.61,831.88
1422,2023-02-24T00:25:27.110000,7463832919,442.46,201.91,71.76,109.24,547.11,928.96,847,831.38
1423,2023-02-24T00:25:27.115000,7463832920,442.59,201.84,72.24,109.54,547.82,929.17,846.89,832.36
1424,2023-02-24T00:25:27.120000,7463832921,442.36,201.87,72.54,108.9,547.3,928.95,847.19,831.29
1425,2023-02-24T00:25:27.125000,7463832922,441.88,202.12,72.72,109.12,547.78,929.19,846.91,832.06
1426,2023-02-24T00:25:27.130000,7463832923,441.97,201.62,72.02,109.2,547.88,928.41,846.7,832.21
1427,2023-02-24T00:25:27.135000,7463832924,443.04,201.37,71.95,109.79,548.36,929.09,847.56,832.05
1428,2023-02-24T00:25:27.140000,7463832925,442.32,202.32,72.09,109.44,548.2,929.16,847.97,832.18
1429,2023-02-24T00:25:27.145000,7463832926,441.76,201.7,72.34,109.08,548.28,929.23,846.66,831.55
1430,2023-02-24T00:25:27.150000,7463832927,441.99,201.18,72.21,108.94,547.31,929.32,846.76,832.2
1431,2023-02-24T00:25:27.155000,7463832928,442.83,201.77,72.41,108.91,547.59,929.25,846.91,831.88
1432,2023-02-24T00:25:27.160000,7463832929,442.24,201.95,72.38,109.16,547.73,929.66,847.01,831.83
1433,2023-02-24T00:25:27.165000,7463832930,442.62,201.84,71.93,109.18,547.65,928.9,847.62,832.08
1434,2023-02-24T00:25:27.170000,7463832931,442.88,201.83,71.92,108.78,547.29,929.07,847.31,832.01
1435,2023-02-24T00:25:27.175000,7463832932,441.92,201.5,71.94,109.19,547.75,929.28,847.15,832.16
1436,2023-02-24T00:25:27.180000,7463832933,442.71,202.46,72.82,109.78,547.66,929.55,846.68,832.3
1437,2023-02-24T00:25:27.185000,7463832934,442.44,202.04,72.12,109.3,547.44,929.08,847.21,831.78
1438,2023-02-24T00:25:27.190000,7463832935,442.21,202.14,72.14,109.05,547.24,928.29,846.68,831.58
1439,2023-02-24T00:25:27.195000,7463832936,442.39,201.53,72.44,108.95,547.57,929.11,847.04,831.94
1440,2023-02-24T00:25:27.200000,7463832937,442.72,202.12,72.37,109.42,548.14,929.01,847.45,831.92
1441,2023-02-24T00:25:27.205000,7463832938,442.39,201.76,72.94,109.42,547.95,928.66,847.36,831.89
1442,2023-02-24T00:25:27.210000,7463832939,442.12,201.59,71.73,108.27,547.94,929.01,846.3,832.47
1443,2023-02-24T00:25:27.215000,7463832940,442.22,201.41,72.25,109.25,547.46,929.45,847.38,832.47
1444,2023-02-24T00:25:27.220000,7463832941,442.17,201.86,72.32,109.61,548,929.25,847.77,831.65
1445,2023-02-24T00:25:27.225000,7463832942,442.6,201.45,72.4,109.35,548.02,928.87,847.02,832.04
1446,2023-02-24T00:25:27.230000,7463832943,441.76,201.56,72.02,108.88,547.73,928.35,846.96,831.79
1447,2023-02-24T00:25:27.235000,7463832944,442.49,201.95,72.42,108.97,547.88,928.87,846.83,832.11
1448,2023-02-24T00:25:27.240000,7463832945,443,201.94,72.09,109.32,547.64,928.84,846.82,832.44
1449,2023-02-24T00:25:27.245000,7463832946,443.46,201.65,71.63,109.42,548.13,929.34,847.63,832.03
1450,2023-02-24T00:25:27.250000,7463832947,442.14,201.29,71.69,109.56,547.62,928.31,847.05,831.93
1451,2023-02-24T00:25:27.255000,7463832948,442.47,201.02,72.4,109.65,547.72,929.19,847.48,832.11
1452,2023-02-24T00:25:27.260000,7463832949,442.48,201.05,72.31,109.46,547.07,929.01,847.74,831.81
1453,2023-02-24T00:25:27.265000,7463832950,443.56,201.69,72.22,108.93,547.2,928.98,847.48,831.64
1454,2023-02-24T00:25:27.270000,7463832951,442.41,201.89,71.95,108.91,547.46,928.71,846.29,832.14
1455,2023-02-24T00:25:27.275000,7463832952,442.23,202.01,72.32,109.33,547.5,929.05,847.64,832.05
1456,2023-02-24T00:25:27.280000,7463832953,442.93,201.57,72.56,109.77,548.22,929.49,847.52,832.28
1457,2023-02-24T00:25:27.285000,7463832954,442.48,201.76,72.04,109.04,547.75,928.88,846.91,832.5
1458,2023-02-24T00:25:27.290000,7463832955,442.42,201.78,72.01,109.4,547.28,928.61,847.11,831.88
1459,2023-02-24T00:25:27.295000,7463832956,441.84,201.29,72.03,109.81,547.73,928.81,847,832.05
1460,2023-02-24T00:25:27.300000,7463832957,442.62,201.73,72.51,109.79,548.38,929.31,847.58,832.19
1461,2023-02-24T00:25:27.305000,7463832958,441.77,201.49,71.99,109.27,547.69,929.09,847.53,831.8
1462,2023-02-24T00:25:27.310000,7463832959,442.22,201.93,71.93,109.25,547.7,928.63,847.29,831.4
1463,2023-02-24T00:25:27.315000,7463832960,442.46,202.01,72.17,109.41,547.69,929.13,846.91,831.93
1464,2023-02-24T00:25:27.320000,7463832961,441.96,202.26,72.54,109.09,547.82,929.34,847.08,832.12
1465,2023-02-24T00:25:27.325000,7463832962,442.55,202.37,72.54,109.56,547.37,929.2,846.76,832.6
1466,2023-02-24T00:25:27.330000,7463832963,442.64,201.31,71.76,109.69,547.52,928.57,847.08,831.85
1467,2023-02-24T00:25:27.335000,7463832964,442.62,201.67,72.26,108.94,547.64,928.8,847.76,831.87
1468,2023-02-24T00:25:27.340000,7463832965,442.72,201.64,71.96,109.28,547.42,929.49,847.68,831.93
1469,2023-02-24T00:25:27.345000,7463832966,442.62,201.47,72.32,109.5,547.42,928.89,847.09,831.9
1470,2023-02-24T00:25:27.350000,7463832967,442.24,201.22,71.61,109.33,547.93,928.65,847.11,831.72
1471,2023-02-24T00:25:27.355000,7463832968,442.7,201.23,71.82,109.69,547.75,929.19,847.47,832.03
1472,2023-02-24T00:25:27.360000,7463832969,441.74,202.09,71.8,109.37,548.18,929.57,847.83,831.82
1473,2023-02-24T00:25:27.365000,7463832970,442.14,201.72,72.02,109.37,547.92,929.26,847.51,831.78
1474,2023-02-24T00:25:27.370000,7463832971,442.51,201.74,72.47,109.55,547.41,929.3,846.86,832.44
1475,2023-02-24T00:25:27.375000,7463832972,442.32,202.04,72.22,109.2,547.67,929.06,847.15,832.27
1476,2023-02-24T00:25:27.380000,7463832973,442.26,202.2,72.31,109.61,548.22,929.55,848.21,832.14
1477,2023-02-24T00:25:27.385000,7463832974,443.84,201.89,72.43,109.08,547.89,929.03,847.14,832.33
1478,2023-02-24T00:25:27.390000,7463832975,442.57,201.72,72.37,109.48,548.06,928.59,846.74,831.6
1479,2023-02-24T00:25:27.395000,7463832976,442.62,201.65,72.05,109.22,547.71,928.95,846.96,831.93
1480,2023-02-24T00:25:27.400000,7463832977,442.11,201.84,72.73,109.21,547.3,928.63,847.23,831.71
1481,2023-02-24T00:25:27.405000,7463832978,442.04,201.59,72.01,109.17,547.53,928.85,846.8,832.68
1482,2023-02-24T00:25:27.410000,7463832979,442.06,201.43,72.12,109.82,547.71,928.39,846.84,832.09
1483,2023-02-24T00:25:27.415000,7463832980,441.36,201.74,72.18,109.16,547.22,928.71,847.78,831.74
1484,2023-02-24T00:25:27.420000,7463832981,442.95,202.06,72.18,109.8,548.24,928.8,848,832.25
1485,2023-02-24T00:25:27.425000,7463832982,442.69,201.5,72.31,109.24,547.55,928.6,847.66,831.89
1486,2023-02-24T00:25:27.430000,7463832983,442.47,201.76,72.45,109.26,547.99,928.78,846.78,831.78
1487,2023-02-24T00:25:27.435000,7463832984,442.59,201.73,71.82,108.96,547.68,928.85,847.43,831.71
1488,2023-02-24T00:25:27.440000,7463832985,442.22,201.81,72.18,109.18,547.5,929.03,846.83,831.4
1489,2023-02-24T00:25:27.445000,7463832986,441.69,201.84,72.27,109.26,548.13,928.82,847.33,831.91
1490,2023-02-24T00:25:27.450000,7463832987,442.74,201.6,72.16,108.67,547.46,928.89,846.88,831.76
1491,2023-02-24T00:25:27.455000,7463832988,441.71,201.9,72.41,109.25,547.92,929.22,847.19,832.24
1492,2023-02-24T00:25:27.460000,7463832989,442.84,201.99,72.07,109.03,547.84,929.18,847.51,832.1
1493,2023-02-24T00:25:27.465000,7463832990,442.45,201.37,72.37,109.09,547.93,929.07,847.22,831.72
1494,2023-02-24T00:25:27.470000,7463832991,443.1,201.54,72.08,109.22,547.38,928.91,847.03,831.56
1495,2023-02-24T00:25:27.475000,7463832992,442.57,201.25,72.34,109.46,548.12,929.31,847.2,831.66
1496,2023-02-24T00:25:27.480000,7463832993,442.05,201.51,71.8,109.55,548.43,929.38,847.5,832.37
1497,2023-02-24T00:25:27.485000,7463832994,441.74,201.56,72.26,109.85,547.62,928.95,846.84,832
1498,2023-02-24T00:25:27.490000,7463832995,442.42,201.57,72.51,108.7,547.86,928.53,847.15,831.63
1499,2023-02-24T00:25:27.495000,7463832996,442.55,201.53,71.97,108.69,548.22,928.41,847.04,831.92
1500,2023-02-24T00:25:27.500000,7463832997,442.95,202.43,72.99,109.18,547.47,929.02,847.87,832.13
1501,2023-02-24T00:25:27.505000,7463832998,442.29,201.46,72.42,109.37,547.75,928.83,846.73,831.6
1502,2023-02-24T00:25:27.510000,7463832999,442.19,201.04,71.49,109.81,547.8,928.41,846.99,831.68
1503,2023-02-24T00:25:27.515000,7463833000,442.8,201.55,72.35,109.55,547.38,929.24,846.87,832.26
1504,2023-02-24T00:25:27.520000,7463833001,442.88,202.21,72.41,109.97,547.81,929,847.42,831.9
1505,2023-02-24T00:25:27.525000,7463833002,441.52,201.47,71.9,109.22,547.84,928.58,846.76,831.63
1506,2023-02-24T00:25:27.530000,7463833003,441.63,201.72,72.48,108.69,547.85,928.53,846.48,831.7
1507,2023-02-24T00:25:27.535000,7463833004,442.52,201.97,72.07,109.4,547.72,929.2,847.22,832.31
1508,2023-02-24T00:25:27.540000,7463833005,442.03,202.12,72.33,109.38,547.58,929.31,847.63,831.82
1509,2023-02-24T00:25:27.545000,7463833006,442.29,201.59,71.78,109.36,547.45,929.36,846.94,831.93
1510,2023-02-24T00:25:27.550000,7463833007,442.31,201.32,71.62,109.45,547.46,928.68,846.7,831.84
1511,2023-02-24T00:25:27.555000,7463833008,442.36,201.9,71.84,109.07,547.81,929.12,847.16,831.93
1512,2023-02-24T00:25:27.560000,7463833009,442.7,201.87,72.37,109.11,547.53,929.24,847.46,831.84
1513,2023-02-24T00:25:27.565000,7463833010,442.36,201.72,72.02,109.22,548.26,929.19,847.72,831.65
1514,2023-02-24T00:25:27.570000,7463833011,441.54,201.76,71.98,108.96,547.85,928.61,846.83,832.66
1515,2023-02-24T00:25:27.575000,7463833012,441.82,201.89,71.9,109.34,547.93,929.12,847.46,831.36
1516,2023-02-24T00:25:27.580000,7463833013,442.34,201.67,72.17,109.21,547.57,929.3,847.76,832.07
1517,2023-02-24T00:25:27.585000,7463833014,443.1,201.97,72,109.48,547.34,929.41,847.62,831.93
1518,2023-02-24T00:25:27.590000,7463833015,442.5,201.61,71.39,109.13,547.48,928.7,847.34,832.12
1519,2023-02-24T00:25:27.595000,7463833016,442.92,201.63,71.53,108.8,548.09,928.82,847.28,832.3
1520,2023-02-24T00:25:27.600000,7463833017,442.17,201.94,72.25,109.39,547.51,929.01,847.42,831.65
1521,2023-02-24T00:25:27.605000,7463833018,442.06,201.85,72.12,108.4,547.4,929.21,847.04,832.37
1522,2023-02-24T00:25:27.610000,7463833019,442.33,201.87,71.68,109.09,547.88,929.06,846.7,831.4
1523,2023-02-24T00:25:27.615000,7463833020,442.23,201.8,72.46,108.88,547.45,928.95,846.94,831.58
1524,2023-02-24T00:25:27.620000,7463833021,442.66,202.54,72.57,109.66,547.71,928.96,847.09,831.55
1525,2023-02-24T00:25:27.625000,7463833022,442.38,202.05,72.16,109.02,547.78,929.3,847.34,831.83
1526,2023-02-24T00:25:27.630000,7463833023,442.32,201.49,72.35,108.58,547.4,928.7,846.52,832.33
1527,2023-02-24T00:25:27.635000,7463833024,443,201.97,72.21,108.95,547.33,928.86,846.78,831.95
1528,2023-02-24T00:25:27.640000,7463833025,442.67,202.31,71.99,108.85,547.85,929.61,847.43,831.63
1529,2023-02-24T00:25:27.645000,7463833026,441.88,201.68,72.1,109.17,547.82,928.89,847.04,831.65
1530,2023-02-24T00:25:27.650000,7463833027,441.7,201.93,72.54,108.14,547.64,929.04,846.7,832.04
1531,2023-02-24T00:25:27.655000,7463833028,442.02,201.52,71.97,109.03,546.88,929.01,847.55,831.68
1532,2023-02-24T00:25:27.660000,7463833029,442.62,202.21,72.36,109.73,547.86,929.43,847.4,831.96
1533,2023-02-24T00:25:27.665000,7463833030,442.12,202.03,72.04,109.32,548.13,929.07,847.45,832.13
1534,2023-02-24T00:25:27.670000,7463833031,442.19,201.76,71.47,108.97,547.49,928.45,846.6,832.13
1535,2023-02-24T00:25:27.675000,7463833032,441.42,201.71,72.37,109,548.09,929.04,847.78,831.77
1536,2023-02-24T00:25:27.680000,7463833033,442.29,201.61,72.21,108.58,547.98,929.68,847.51,832.44
1537,2023-02-24T00:25:27.685000,7463833034,442.32,201.84,72.69,109.09,548.49,929.05,847.54,831.75
1538,2023-02-24T00:25:27.690000,7463833035,442.42,201.57,71.98,108.9,547.29,929.36,847.14,831.19
1539,2023-02-24T00:25:27.695000,7463833036,442.5,201.69,72.06,109.19,547.75,928.56,847.24,831.38
1540,2023-02-24T00:25:27.700000,7463833037,442.32,201.51,72.49,109.34,547.82,929.25,846.88,832.28
1541,2023-02-24T00:25:27.705000,7463833038,442.22,201.59,72.74,109.7,547.72,929.18,846.74,832.31
1542,2023-02-24T00:25:27.710000,7463833039,442.32,201.7,72.52,109.12,547.24,928.94,846.93,831.92
1543,2023-02-24T00:25:27.715000,7463833040,442.17,201.45,71.87,108.99,547.41,929.24,846.73,831.99
1544,2023-02-24T00:25:27.720000,7463833041,442.15,201.93,71.74,109.23,547.72,929.06,847,831.74
1545,2023-02-24T00:25:27.725000,7463833042,442.8,202.06,71.91,108.94,547.47,928.99,846.87,831.8
1546,2023-02-24T00:25:27.730000,7463833043,442.23,202,71.68,109.56,548.13,928.4,846.26,831.48
1547,2023-02-24T00:25:27.735000,7463833044,442.65,201.95,72.72,109.1,547.77,929.06,847.14,831.71
1548,2023-02-24T00:25:27.740000,7463833045,441.94,201.99,72.45,109.57,548.24,929.02,847.15,832.06
1549,2023-02-24T00:25:27.745000,7463833046,442.15,201.15,72.09,108.96,546.8,928.95,847.44,832.41
1550,2023-02-24T00:25:27.750000,7463833047,442.42,201.71,72.56,109,547.33,928.87,847.03,832.47
1551,2023-02-24T00:25:27.755000,7463833048,441.64,201.38,72.28,109.22,547.96,929,846.62,832.08
1552,2023-02-24T00:25:27.760000,7463833049,441.83,201.84,71.84,109.05,548.14,928.62,847.1,832.2
1553,2023-02-24T00:25:27.765000,7463833050,442.44,202.03,72.36,109.7,547.53,929.22,846.96,832.09
1554,2023-02-24T00:25:27.770000,7463833051,442.44,201.84,71.77,109.77,547.72,928.78,846.89,832.61
1555,2023-02-24T00:25:27.775000,7463833052,442.09,201.86,71.59,109.12,547.47,928.51,847.51,832.55
1556,2023-02-24T00:25:27.780000,7463833053,442.71,201.69,71.94,108.81,547.13,929.08,847.78,831.37
1557,2023-02-24T00:25:27.785000,7463833054,442.07,201.9,72.17,109.69,548.06,929.09,847.05,832.07
1558,2023-02-24T00:25:27.790000,7463833055,442.38,201.88,72.72,109.55,547.68,928.81,846.86,831.51
1559,2023-02-24T00:25:27.795000,7463833056,442.55,201.72,71.91,108.99,547.54,928.93,846.93,831.96
1560,2023-02-24T00:25:27.800000,7463833057,443.05,202.03,72.19,108.64,547.73,928.76,847.18,831.59
1561,2023-02-24T00:25:27.805000,7463833058,442.46,201.49,72.31,109.58,547.44,928.85,847.03,832.3
1562,2023-02-24T00:25:27.810000,7463833059,441.6,202,72.4,109.42,547.37,928.72,847.1,831.72
1563,2023-02-24T00:25:27.815000,7463833060,441.86,201.37,71.92,109.13,547.23,928.93,847.33,831.95
1564,2023-02-24T00:25:27.820000,7463833061,442.77,202.32,72.77,109.28,547.89,929.14,847.15,832
1565,2023-02-24T00:25:27.825000,7463833062,442.42,201.9,72.21,108.89,547.47,929.36,846.59,831.54
1566,2023-02-24T00:25:27.830000,7463833063,441.95,201.49,71.87,109.36,547.62,928.93,846.75,831.42
1567,2023-02-24T00:25:27.835000,7463833064,441.83,201.72,72.03,108.97,547.78,929.08,847.02,831.87
1568,2023-02-24T00:25:27.840000,7463833065,441.49,201.6,72.51,109.13,547.4,928.89,847.14,832.59
1569,2023-02-24T00:25:27.845000,7463833066,442.35,202.07,72.47,109.18,547.62,928.94,847.35,831.63
1570,2023-02-24T00:25:27.850000,7463833067,441.94,201.79,72.54,109.05,547.93,928.86,847.16,831.69
1571,2023-02-24T00:25:27.855000,7463833068,442.08,201.96,71.81,109.17,548.11,929.1,847.16,831.94
1572,2023-02-24T00:25:27.860000,7463833069,443.64,201.61,72.45,109.83,547.85,929.43,846.97,832.09
1573,2023-02-24T00:25:27.865000,7463833070,442.74,201.42,72.23,109.87,547.84,928.61,847.65,831.64
1574,2023-02-24T00:25:27.870000,7463833071,442.87,201.76,72.57,109.14,547.44,928.92,846.66,831.58
1575,2023-02-24T00:25:27.875000,7463833072,442.6,200.93,71.92,109.05,547.47,928.58,847.19,831.76
1576,2023-02-24T00:25:27.880000,7463833073,441.99,201.83,72.06,109.57,548.03,929.11,847.27,831.93
1577,2023-02-24T00:25:27.885000,7463833074,443.05,202.33,71.43,108.91,547.08,929.01,847.11,831.99
1578,2023-02-24T00:25:27.890000,7463833075,442.58,201.33,72.31,109.41,547.55,928.92,847.71,832.04
1579,2023-02-24T00:25:27.895000,7463833076,442.32,201.41,72,109.37,547.53,929.03,847,831.66
1580,2023-02-24T00:25:27.900000,7463833077,441.47,201.72,72.21,108.89,547.16,929.25,846.89,831.91
1581,2023-02-24T00:25:27.905000,7463833078,441.89,201.85,71.71,109.61,548.18,928.94,846.9,832.12
1582,2023-02-24T00:25:27.910000,7463833079,442.57,201.94,71.49,109.35,547.55,928.76,846.63,831.63
1583,2023-02-24T00:25:27.915000,7463833080,442.68,201.32,72.02,109.02,547.96,929.36,846.96,832.28
1584,2023-02-24T00:25:27.920000,7463833081,442.19,201.04,72.83,109.23,547.49,928.85,847.5,832.05
1585,2023-02-24T00:25:27.925000,7463833082,442.88,201.46,72.61,109.63,547.98,929.18,847.37,832.92
1586,2023-02-24T00:25:27.930000,7463833083,442.68,201.16,71.97,108.94,547.34,928.55,846.65,831.98
1587,2023-02-24T00:25:27.935000,7463833084,442.25,201.74,71.73,109.18,547.86,928.38,847.43,831.52
1588,2023-02-24T00:25:27.940000,7463833085,443.12,201.42,72.56,108.56,548.37,928.59,846.56,832.06
1589,2023-02-24T00:25:27.945000,7463833086,441.43,201.27,72.06,108.85,547.34,927.96,846.91,832.3
1590,2023-02-24T00:25:27.950000,7463833087,442.15,201.6,71.96,108.66,547.37,929.21,846.88,831.74
1591,2023-02-24T00:25:27.955000,7463833088,442.68,201.52,72.74,109.72,547.9,929.58,847.1,831.81
1592,2023-02-24T00:25:27.960000,7463833089,442.41,202.06,72.37,109.74,547.32,929,847.27,831.86
1593,2023-02-24T00:25:27.965000,7463833090,442.12,201.72,72.12,109.52,547.29,928.73,846.87,831.82
1594,2023-02-24T00:25:27.970000,7463833091,443.08,201.71,71.79,108.99,547.37,929.01,847.01,831.59
1595,2023-02-24T00:25:27.975000,7463833092,442.12,201.7,71.97,108.74,547.38,928.81,847.11,831.7
1596,2023-02-24T00:25:27.980000,7463833093,442.3,201.9,71.8,109.88,547.98,929.29,847.47,832.13
1597,2023-02-24T00:25:27.985000,7463833094,441.94,201.65,72.3,109.43,547.5,929.09,847.13,831.39
1598,2023-02-24T00:25:27.990000,7463833095,441.82,201.95,72.17,109.61,547.24,928.53,846.83,831.84
1599,2023-02-24T00:25:27.995000,7463833096,442.69,201.84,71.96,108.94,548.08,928.95,847.06,831.82
1600,2023-02-24T00:25:28,7463833097,442.73,202.1,72.32,109.44,547.99,928.72,847.83,831.92
1601,2023-02-24T00:25:28.005000,7463833098,442.46,201.74,72.05,109.13,547.2,929.05,847.32,831.7
1602,2023-02-24T00:25:28.010000,7463833099,442.4,201.68,72.46,109.64,547.31,928.99,846.62,832.32
1603,2023-02-24T00:25:28.015000,7463833100,442.67,201.62,72.07,109.2,547.45,929.03,847.47,831.87
1604,2023-02-24T00:25:28.020000,7463833101,442.35,202.01,72.25,110.1,547.66,929.09,847.71,831.7
1605,2023-02-24T00:25:28.025000,7463833102,442.12,202.02,71.87,109.56,547.76,929.13,846.96,831.79
1606,2023-02-24T00:25:28.030000,7463833103,442.04,201.46,72.01,109.04,548.14,929.33,846.83,832.37
1607,2023-02-24T00:25:28.035000,7463833104,442.39,201.47,72.42,109,547.97,929.46,846.95,832.74
1608,2023-02-24T00:25:28.040000,7463833105,442.35,201.49,71.58,109.42,547.26,929.47,846.61,832.23
1609,2023-02-24T00:25:28.045000,7463833106,441.95,201.89,72.66,108.9,547.46,928.53,847.1,832.08
1610,2023-02-24T00:25:28.050000,7463833107,441.85,201.26,71.9,108.56,547.08,928.25,847.13,832.02
1611,2023-02-24T00:25:28.055000,7463833108,441.97,202.06,72.14,109.04,547.35,928.74,847.35,832.33
1612,2023-02-24T00:25:28.060000,7463833109,442.57,201.53,72.41,108.77,547.63,928.93,846.88,832.36
1613,2023-02-24T00:25:28.065000,7463833110,442.76,201.74,71.65,108.82,547.46,928.96,846.99,831.8
1614,2023-02-24T00:25:28.070000,7463833111,442.51,201.52,72.09,108.86,547.7,928.64,847.11,832.25
1615,2023-02-24T00:25:28.075000,7463833112,442.42,201.99,72.69,109.87,547.81,929.07,847.08,831.85
1616,2023-02-24T00:25:28.080000,7463833113,442.46,202.17,72.67,109.61,547.6,928.97,847.41,831.8
1617,2023-02-24T00:25:28.085000,7463833114,442.28,201.16,71.93,108.63,547.94,929.18,847.41,831.34
1618,2023-02-24T00:25:28.090000,7463833115,442.64,202.04,71.88,108.76,547.96,928.6,846.9,831.41
1619,2023-02-24T00:25:28.095000,7463833116,442.2,202.29,72.16,109.1,547.24,928.99,846.8,832.13
1620,2023-02-24T00:25:28.100000,7463833117,442.47,201.64,72.26,108.88,547.69,928.33,847.12,832.1
1621,2023-02-24T00:25:28.105000,7463833118,442.44,201.62,71.9,108.42,547.31,929.08,847.21,831.66
1622,2023-02-24T00:25:28.110000,7463833119,442.12,201.28,71.81,108.42,547.47,928.81,846.98,831.81
1623,2023-02-24T00:25:28.115000,7463833120,442.33,201.49,72.02,109.35,548.45,929.38,847.19,832.08
1624,2023-02-24T00:25:28.120000,7463833121,443.14,201.49,72.25,109.46,548.06,929.16,847.21,832.05
1625,2023-02-24T00:25:28.125000,7463833122,442.33,201.22,71.61,109.38,548.2,928.97,847.16,831.98
1626,2023-02-24T00:25:28.130000,7463833123,442.62,201.84,71.52,109.79,548.01,928.78,847.1,832.23
1627,2023-02-24T00:25:28.135000,7463833124,442.08,202.09,71.59,108.99,546.89,928.88,846.79,831.56
1628,2023-02-24T00:25:28.140000,7463833125,442.15,201.61,72.23,109.35,547.56,929.31,847.6,831.86
1629,2023-02-24T00:25:28.145000,7463833126,442.35,201.83,72.12,109.7,547.6,928.76,847.65,831.49
1630,2023-02-24T00:25:28.150000,7463833127,441.99,201.72,71.77,109.08,547.52,928.64,846.99,831.69
1631,2023-02-24T00:25:28.155000,7463833128,441.99,201.62,72.37,108.89,548.01,928.98,847.1,831.64
1632,2023-02-24T00:25:28.160000,7463833129,442.52,201.94,72.57,109.4,547.86,929.25,847.74,831.95
1633,2023-02-24T00:25:28.165000,7463833130,441.33,201.4,72.55,109.15,548.29,929.1,846.89,831.54
1634,2023-02-24T00:25:28.170000,7463833131,441.99,201.75,72.67,109.51,547.21,929.1,847.1,831.54
1635,2023-02-24T00:25:28.175000,7463833132,443.04,201.65,72.41,109.72,547.34,929.21,847.1,832.58
1636,2023-02-24T00:25:28.180000,7463833133,442.36,201.21,71.97,109.5,548.09,928.6,847.26,832.29
1637,2023-02-24T00:25:28.185000,7463833134,442.56,202.11,71.52,109.35,547.93,929.03,846.85,832.57
1638,2023-02-24T00:25:28.190000,7463833135,442.58,202.13,72.26,109.65,548.12,928.76,846.46,831.81
1639,2023-02-24T00:25:28.195000,7463833136,441.44,201.71,72.13,108.94,547.5,929.25,846.96,831.92
1640,2023-02-24T00:25:28.200000,7463833137,442.45,201.6,71.54,109.41,547.32,929.07,846.46,832.28
1641,2023-02-24T00:25:28.205000,7463833138,442.4,202.19,71.87,109.42,547.35,928.58,848.03,831.49
1642,2023-02-24T00:25:28.210000,7463833139,442.09,201.66,72.25,109.46,547.17,928.91,846.9,831.86
1643,2023-02-24T00:25:28.215000,7463833140,441.94,201.73,72.28,108.99,547.69,928.95,847.13,832.08
1644,2023-02-24T00:25:28.220000,7463833141,442.73,201.26,72.17,109.27,547.89,929.34,847.22,831.75
1645,2023-02-24T00:25:28.225000,7463833142,441.89,201.2,72.29,109.15,548.33,929.11,846.87,832.23
1646,2023-02-24T00:25:28.230000,7463833143,442.57,201.76,71.9,108.82,547.93,928.67,847.36,831.58
1647,2023-02-24T00:25:28.235000,7463833144,441.9,202.13,72.01,109.73,547.54,928.85,847.67,832.02
1648,2023-02-24T00:25:28.240000,7463833145,441.96,202.37,72.16,109.03,547.82,928.96,847.93,832.4
1649,2023-02-24T00:25:28.245000,7463833146,441.81,201.64,71.22,108.95,547.84,928.32,847.56,832.4
1650,2023-02-24T00:25:28.250000,7463833147,442.44,201.11,72.02,108.79,548.08,928.72,846.91,831.88
1651,2023-02-24T00:25:28.255000,7463833148,442.27,202.07,71.97,109.67,547.69,929.02,847.53,832.19
1652,2023-02-24T00:25:28.260000,7463833149,442.62,201.61,72.16,109.59,547.51,928.97,847.55,832.1
1653,2023-02-24T00:25:28.265000,7463833150,442.49,201.26,72.48,108.51,547.33,929.44,847.16,831.85
1654,2023-02-24T00:25:28.270000,7463833151,442.36,201.65,72.29,109.11,547.54,929.05,846.66,831.79
1655,2023-02-24T00:25:28.275000,7463833152,442.26,201.91,72.33,109.68,547.18,928.33,847.11,832.07
1656,2023-02-24T00:25:28.280000,7463833153,442.51,201.59,72.88,109.26,547.64,928.93,847.04,832
1657,2023-02-24T00:25:28.285000,7463833154,442.45,201.4,72.47,108.79,548.09,928.87,846.69,831.82
1658,2023-02-24T00:25:28.290000,7463833155,442.15,201.69,72.31,109.5,547.36,928.98,846.73,832.02
1659,2023-02-24T00:25:28.295000,7463833156,442.16,201.55,72.46,109.46,547.65,929.03,846.92,831.92
1660,2023-02-24T00:25:28.300000,7463833157,442.59,201.88,72.01,109.33,547.61,929.06,847.41,831.86
1661,2023-02-24T00:25:28.305000,7463833158,442.22,201.51,72.37,109.35,547.26,929.04,846.89,831.97
1662,2023-02-24T00:25:28.310000,7463833159,443.35,202.22,72.24,109.23,547.59,929.06,847.28,832.48
1663,2023-02-24T00:25:28.315000,7463833160,442.73,201.74,71.63,109.16,547.25,929.65,847.1,832.19
1664,2023-02-24T00:25:28.320000,7463833161,441.9,201.45,71.86,109.38,547.32,929.03,847.32,831.74
1665,2023-02-24T00:25:28.325000,7463833162,442.75,201.72,71.78,108.9,547.66,928.17,847.1,831.63
1666,2023-02-24T00:25:28.330000,7463833163,442.45,202.05,71.81,109.06,547.03,929.11,846.93,831.83
1667,2023-02-24T00:25:28.335000,7463833164,442.22,202.17,71.96,109.07,547.65,929,847.4,831.86
1668,2023-02-24T00:25:28.340000,7463833165,442.85,201.4,71.97,108.77,547.53,928.96,847.79,832.78
1669,2023-02-24T00:25:28.345000,7463833166,442.64,202.26,72.41,109.78,547.92,929.31,847.28,832.15
1670,2023-02-24T00:25:28.350000,7463833167,442.12,202.13,72.18,109.71,547.15,928.81,846.87,832.12
1671,2023-02-24T00:25:28.355000,7463833168,442.5,201.55,72.8,109.76,547.75,929.35,847.51,832.68
1672,2023-02-24T00:25:28.360000,7463833169,442.25,201.89,72.84,109.54,547.9,929.14,846.75,832.73
1673,2023-02-24T00:25:28.365000,7463833170,442.39,201.57,72.21,108.74,547.87,929.07,846.93,832.55
1674,2023-02-24T00:25:28.370000,7463833171,442.42,201.31,72.39,108.44,547.47,928.88,847.39,832.23
1675,2023-02-24T00:25:28.375000,7463833172,442.56,202.13,72.73,109.19,547.77,929.33,847.51,832.55
1676,2023-02-24T00:25:28.380000,7463833173,442.69,201.99,71.59,109.77,547.36,929,847.73,832.16
1677,2023-02-24T00:25:28.385000,7463833174,442.14,201.97,72.22,109.3,547.17,928.69,847.27,831.76
1678,2023-02-24T00:25:28.390000,7463833175,442.52,201.8,71.38,109.81,547.76,928.82,847,831.9
1679,2023-02-24T00:25:28.395000,7463833176,441.38,202.24,72.04,109.38,547.72,929.25,847.42,831.71
1680,2023-02-24T00:25:28.400000,7463833177,442.81,201.76,72.11,109.93,547.77,929.37,846.61,831.7
1681,2023-02-24T00:25:28.405000,7463833178,442.25,201.56,72.79,109.05,547.53,928.86,847.16,832.05
1682,2023-02-24T00:25:28.410000,7463833179,441.98,201.02,72.47,109.52,547.61,928.57,846.13,831.94
1683,2023-02-24T00:25:28.415000,7463833180,442.58,201.68,72.14,109.51,548.24,928.72,847.45,831.77
1684,2023-02-24T00:25:28.420000,7463833181,442.23,201.42,71.81,109.18,548.22,929.06,846.89,831.87
1685,2023-02-24T00:25:28.425000,7463833182,442.72,201.59,72.39,109.85,547.87,929.34,847.21,831.84
1686,2023-02-24T00:25:28.430000,7463833183,442.53,201.57,72.12,109.09,547.69,928.98,847.78,831.87
1687,2023-02-24T00:25:28.435000,7463833184,442.12,201.79,72.44,109.4,547.38,928.34,847.86,831.92
1688,2023-02-24T00:25:28.440000,7463833185,442.33,202.06,72.16,109.21,548.13,928.97,847.19,832.06
1689,2023-02-24T00:25:28.445000,7463833186,441.86,201.4,72.45,109.8,547.37,929.56,847.22,832.24
1690,2023-02-24T00:25:28.450000,7463833187,442.27,201.6,71.8,109.44,547.52,929.01,847.18,831.92
1691,2023-02-24T00:25:28.455000,7463833188,442.54,201.81,72.09,109.67,547.94,928.88,846.68,831.83
1692,2023-02-24T00:25:28.460000,7463833189,442.32,201.82,72.07,109.61,548.25,928.99,847.11,831.81
1693,2023-02-24T00:25:28.465000,7463833190,441.63,200.89,72.13,109.06,547.6,928.97,847.28,831.79
1694,2023-02-24T00:25:28.470000,7463833191,442.14,201.42,72.1,108.93,547.41,928.6,846.78,831.51
1695,2023-02-24T00:25:28.475000,7463833192,442.57,201.7,72.29,109.25,548.07,929.22,847.27,832.07
1696,2023-02-24T00:25:28.480000,7463833193,442.56,201.9,72.07,109.16,548.24,929.05,847.52,831.5
1697,2023-02-24T00:25:28.485000,7463833194,442.65,202.17,71.76,109.62,547.29,928.67,847.01,832.29
1698,2023-02-24T00:25:28.490000,7463833195,441.74,201.55,71.53,109.15,547.72,929.17,846.48,831.68
1699,2023-02-24T00:25:28.495000,7463833196,441.81,202.47,71.98,109.04,547.59,929.07,847.39,832.27
1700,2023-02-24T00:25:28.500000,7463833197,441.83,202.12,72.17,109.62,547.49,929.35,847.49,831.94
1701,2023-02-24T00:25:28.505000,7463833198,443.06,202.17,72.12,109.65,546.9,928.61,847.46,831.63
1702,2023-02-24T00:25:28.510000,7463833199,442.36,201.71,72.3,108.55,547.56,928.62,847.53,832
1703,2023-02-24T00:25:28.515000,7463833200,442.8,201.75,71.79,109.2,547.65,929.05,847.24,832.53
1704,2023-02-24T00:25:28.520000,7463833201,442.36,201.49,72.47,109.32,547.91,929.12,847.38,832.43
1705,2023-02-24T00:25:28.525000,7463833202,442.36,201.69,72.18,109,548.38,929.21,847.27,831.89
1706,2023-02-24T00:25:28.530000,7463833203,442.53,201.73,71.8,108.54,547.78,928.91,847.48,831.87
1707,2023-02-24T00:25:28.535000,7463833204,442.44,202.2,72.46,109.35,548.06,929.02,847.12,831.75
1708,2023-02-24T00:25:28.540000,7463833205,442.34,201.46,72.93,109.21,548.28,928.73,847.56,832.03
1709,2023-02-24T00:25:28.545000,7463833206,442.13,201.87,72.13,109.31,547.21,928.96,847.03,832.08
1710,2023-02-24T00:25:28.550000,7463833207,442.79,201.56,71.06,108.76,548.2,928.65,846.67,831.97
1711,2023-02-24T00:25:28.555000,7463833208,442.44,201.65,72.7,109.05,548.02,928.73,847.24,831.65
1712,2023-02-24T00:25:28.560000,7463833209,442.53,201.5,72.55,109.29,547.72,929.03,847.52,831.45
1713,2023-02-24T00:25:28.565000,7463833210,441.79,201.8,72.33,109.2,547.57,928.91,846.65,831.87
1714,2023-02-24T00:25:28.570000,7463833211,442.88,201.74,72.15,109.52,546.83,928.42,846.33,831.53
1715,2023-02-24T00:25:28.575000,7463833212,441.84,201.61,72.3,109.16,547.66,929.21,846.53,831.9
1716,2023-02-24T00:25:28.580000,7463833213,442.47,201.9,72.77,109.31,547.88,928.61,847.36,832.27
1717,2023-02-24T00:25:28.585000,7463833214,441.7,201.76,72.09,109.21,547.53,929.12,847.08,831.61
1718,2023-02-24T00:25:28.590000,7463833215,442.53,201.2,72.58,109.38,547.37,928.82,846.3,832.51
1719,2023-02-24T00:25:28.595000,7463833216,442.33,202.03,72.31,109.36,547.5,928.71,846.76,832.18
1720,2023-02-24T00:25:28.600000,7463833217,442.49,201.76,72.38,109.55,547.71,928.88,847.31,832.31
1721,2023-02-24T00:25:28.605000,7463833218,442.51,201.98,72.35,109.52,547.32,928.97,847.3,832.36
1722,2023-02-24T00:25:28.610000,7463833219,441.82,201.76,72.18,109.07,548.04,928.53,847.31,832.08
1723,2023-02-24T00:25:28.615000,7463833220,442.21,201.16,72.68,109.37,547.68,928.21,846.51,831.64
1724,2023-02-24T00:25:28.620000,7463833221,442.09,202.19,72.23,108.87,547.78,928.66,847.6,832.04
1725,2023-02-24T00:25:28.625000,7463833222,442.72,201.43,72.62,109.32,547.45,928.52,847.04,831.93
1726,2023-02-24T00:25:28.630000,7463833223,442.72,201.41,72.15,109.09,547.36,928.97,847.06,831.62
1727,2023-02-24T00:25:28.635000,7463833224,441.84,201.24,72.05,108.97,547.97,928.69,846.75,831.38
1728,2023-02-24T00:25:28.640000,7463833225,442.05,201.29,72.68,109.23,547.95,929.04,846.75,832.19
1729,2023-02-24T00:25:28.645000,7463833226,442.88,201.91,72.49,109.9,547.82,928.49,847.36,832.53
1730,2023-02-24T00:25:28.650000,7463833227,441.83,201.32,71.73,108.59,547.87,928.75,847.21,831.8
1731,2023-02-24T00:25:28.655000,7463833228,442.4,200.46,71.76,108.78,547.75,928.8,847.31,831.61
1732,2023-02-24T00:25:28.660000,7463833229,442.41,201.22,71.85,108.98,547.35,929.27,847.04,832.6
1733,2023-02-24T00:25:28.665000,7463833230,442.32,201.62,72.38,108.88,547.64,928.87,847.46,831.76
1734,2023-02-24T00:25:28.670000,7463833231,442.17,201.8,71.96,109.06,546.97,928.86,846.8,831.73
1735,2023-02-24T00:25:28.675000,7463833232,442.6,201.73,72.32,109.64,547.42,929.03,846.79,831.98
1736,2023-02-24T00:25:28.680000,7463833233,441.78,201.61,72.4,109.54,547.94,928.87,846.85,831.86
1737,2023-02-24T00:25:28.685000,7463833234,442.54,201.82,71.76,109.2,547.42,928.88,847.01,831.77
1738,2023-02-24T00:25:28.690000,7463833235,441.64,201.54,71.61,108.76,546.89,929.15,846.64,831.86
1739,2023-02-24T00:25:28.695000,7463833236,442.19,201.45,71.51,109.07,547.25,929.1,847.64,831.92
1740,2023-02-24T00:25:28.700000,7463833237,442.8,201.89,72.51,108.67,547.92,929.61,847.33,831.8
1741,2023-02-24T00:25:28.705000,7463833238,441.8,201.45,71.79,109.77,547.71,929.21,847.31,831.88
1742,2023-02-24T00:25:28.710000,7463833239,441.77,201.47,72.19,109.35,547.56,929.42,846.7,831.86
1743,2023-02-24T00:25:28.715000,7463833240,443.07,201.34,72.36,109.48,547.72,928.96,847.07,832.02
1744,2023-02-24T00:25:28.720000,7463833241,442.91,201.81,72.62,109.61,548.07,929.19,846.86,832.01
1745,2023-02-24T00:25:28.725000,7463833242,442.51,202,72.01,109.43,548.68,929.2,846.88,831.84
1746,2023-02-24T00:25:28.730000,7463833243,441.84,202.12,72.17,109.29,547.62,928.78,847.08,831.13
1747,2023-02-24T00:25:28.735000,7463833244,442.34,201.72,72.65,109.47,547.5,929.69,847.16,832.34
1748,2023-02-24T00:25:28.740000,7463833245,443.03,202.17,71.63,109.54,548.01,928.8,847.02,831.69
1749,2023-02-24T00:25:28.745000,7463833246,442.02,201.21,72.59,108.93,547.49,928.65,846.78,831.76
1750,2023-02-24T00:25:28.750000,7463833247,442.6,201.07,72.34,108.85,547.97,928.71,846.7,831.83
1751,2023-02-24T00:25:28.755000,7463833248,442.52,202.25,72.27,109.1,548.24,929.46,847.22,831.9
1752,2023-02-24T00:25:28.760000,7463833249,443.09,202.15,72.06,109.25,548.6,929.26,847.42,832.13
1753,2023-02-24T00:25:28.765000,7463833250,442.1,201.59,72.03,109.16,547.68,928.97,846.43,831.77
1754,2023-02-24T00:25:28.770000,7463833251,442.71,202.11,72.11,108.96,547.68,928.31,846.92,832.12
1755,2023-02-24T00:25:28.775000,7463833252,442.58,201.32,72.14,109.05,547.72,928.8,846.9,831.85
1756,2023-02-24T00:25:28.780000,7463833253,442.46,201.89,72.48,109.8,548.28,929.32,847.54,831.64
1757,2023-02-24T00:25:28.785000,7463833254,442.23,201.88,72.38,108.95,547.56,928.91,846.75,832.04
1758,2023-02-24T00:25:28.790000,7463833255,442.72,201.08,72.34,109.29,547.91,928.94,846.59,832.07
1759,2023-02-24T00:25:28.795000,7463833256,442.64,201.45,71.52,108.79,547.63,928.85,846.84,831.68
1760,2023-02-24T00:25:28.800000,7463833257,442.45,201.86,72.49,109.83,548.6,929.01,847.33,832.16
1761,2023-02-24T00:25:28.805000,7463833258,441.86,201.57,72.2,109.2,547.29,929.13,847.14,832.09
1762,2023-02-24T00:25:28.810000,7463833259,441.62,201.52,71.93,109,547.72,928.91,847.01,832.2
1763,2023-02-24T00:25:28.815000,7463833260,442.47,202.07,71.68,109.07,547.94,929.32,846.58,832.17
1764,2023-02-24T00:25:28.820000,7463833261,442.38,202.2,71.99,109.54,548.02,928.87,846.78,832.1
1765,2023-02-24T00:25:28.825000,7463833262,442.68,201.91,72.3,109.47,547.71,928.89,847.6,832.54
1766,2023-02-24T00:25:28.830000,7463833263,442.43,201.71,72.46,109.58,547.43,929.16,846.98,832.14
1767,2023-02-24T00:25:28.835000,7463833264,442.73,201.94,72.47,109.33,547.43,928.63,847.57,831.49
1768,2023-02-24T00:25:28.840000,7463833265,441.71,201.96,73.02,109.47,547.78,929.01,847.45,832.47
1769,2023-02-24T00:25:28.845000,7463833266,442.35,201.63,72.36,109.85,547.37,928.99,847.41,832.19
1770,2023-02-24T00:25:28.850000,7463833267,441.5,201.58,71.96,108.58,547.31,928.43,846.69,831.84
1771,2023-02-24T00:25:28.855000,7463833268,442.07,202.41,72.31,108.95,547.19,928.75,846.96,831.87
1772,2023-02-24T00:25:28.860000,7463833269,442.63,201.93,72.54,109.75,547.64,928.95,847.11,831.39
1773,2023-02-24T00:25:28.865000,7463833270,442.1,202.05,72.45,109.48,547.48,929.14,846.69,831.72
1774,2023-02-24T00:25:28.870000,7463833271,442.04,201.21,71.87,109.09,547.4,928.91,846.88,831.61
1775,2023-02-24T00:25:28.875000,7463833272,442.75,201.46,71.93,109.28,547.26,928.94,847.4,831.89
1776,2023-02-24T00:25:28.880000,7463833273,443.18,202.07,71.93,108.99,547.64,929.38,847.36,832.04
1777,2023-02-24T00:25:28.885000,7463833274,442.87,201.8,72.3,109.61,547.99,929.13,847.04,831.83
1778,2023-02-24T00:25:28.890000,7463833275,441.68,202.02,72.45,109.35,547.31,928.81,846.63,832.01
1779,2023-02-24T00:25:28.895000,7463833276,442.39,201.42,72.45,108.85,547.58,929.11,847.78,831.92
1780,2023-02-24T00:25:28.900000,7463833277,442.05,201.19,72.49,109.16,547.67,929.05,846.92,831.97
1781,2023-02-24T00:25:28.905000,7463833278,442.28,201.93,72.34,109.44,547.8,929.1,847.05,831.92
1782,2023-02-24T00:25:28.910000,7463833279,442.14,201.73,71.89,109.01,547.46,929.34,846.88,831.5
1783,2023-02-24T00:25:28.915000,7463833280,442.4,201.68,72.06,108.94,547.91,928.75,846.84,831.77
1784,2023-02-24T00:25:28.920000,7463833281,442.64,202.06,72.29,109.07,547.37,928.69,846.95,832.71
1785,2023-02-24T00:25:28.925000,7463833282,441.95,202.01,71.59,109.37,547.36,928.7,847.33,832.06
1786,2023-02-24T00:25:28.930000,7463833283,442.28,202.23,72.54,109.23,547.59,928.93,847.21,831.88
1787,2023-02-24T00:25:28.935000,7463833284,442.76,201.23,72.43,109.14,547.43,929.06,847.4,832.01
1788,2023-02-24T00:25:28.940000,7463833285,442.31,201.54,71.61,109.5,548.13,928.91,847.12,831.87
1789,2023-02-24T00:25:28.945000,7463833286,442.27,201.63,72.53,109.05,547.61,929.01,847.08,831.96
1790,2023-02-24T00:25:28.950000,7463833287,442.51,201.78,71.69,109.62,547,928.41,846.94,831.21
1791,2023-02-24T00:25:28.955000,7463833288,441.87,201.33,72.46,109.37,548.25,929.02,847.45,832.32
1792,2023-02-24T00:25:28.960000,7463833289,442.36,201.61,72.22,109.72,547.78,929,846.88,832.04
1793,2023-02-24T00:25:28.965000,7463833290,442.41,201.29,71.91,109.12,547.52,928.67,846.8,831.67
1794,2023-02-24T00:25:28.970000,7463833291,442.5,201.56,71.5,108.86,547.69,928.49,846.66,832.04
1795,2023-02-24T00:25:28.975000,7463833292,441.35,201.57,72.31,110.12,548.46,928.96,847.3,831.65
1796,2023-02-24T00:25:28.980000,7463833293,441.92,201.79,72.4,109.81,547.99,929.21,847.57,832.71
1797,2023-02-24T00:25:28.985000,7463833294,442.21,202.33,72.01,109.27,547.49,929.25,846.75,832.44
1798,2023-02-24T00:25:28.990000,7463833295,442.44,201.48,71.53,109.08,548.04,928.66,846.87,831.71
1799,2023-02-24T00:25:28.995000,7463833296,441.81,202.14,71.97,108.9,547.8,928.66,847.21,831.48
1800,2023-02-24T00:25:29,7463833297,443.15,201.62,72.51,109.24,547.65,928.44,846.9,832.09
1801,2023-02-24T00:25:29.005000,7463833298,443.27,201.91,72.04,109.57,547.08,928.93,847.23,832.48
1802,2023-02-24T00:25:29.010000,7463833299,442.33,201.72,72.11,109.01,547.58,929.01,847.08,831.79
1803,2023-02-24T00:25:29.015000,7463833300,442.25,202.16,72.24,108.96,547.43,929.09,847.51,831.55
1804,2023-02-24T00:25:29.020000,7463833301,442.39,201.79,72.14,109.41,548.25,929.23,847.36,832.11
1805,2023-02-24T00:25:29.025000,7463833302,441.91,201.11,72.08,108.67,547.9,928.75,847.44,831.7
1806,2023-02-24T00:25:29.030000,7463833303,442.02,201.5,72.28,108.73,547.53,928.84,846.98,831.05
1807,2023-02-24T00:25:29.035000,7463833304,441.73,201.74,72.23,109.03,547.74,929.23,846.76,831.59
1808,2023-02-24T00:25:29.040000,7463833305,442.61,201.39,72.14,109.89,547.83,929.13,847.26,831.39
1809,2023-02-24T00:25:29.045000,7463833306,442.18,201.53,72.19,109.87,547.78,929.01,847.15,832.03
1810,2023-02-24T00:25:29.050000,7463833307,442.36,201.85,72.52,109.9,547.52,928.96,847.06,832.24
1811,2023-02-24T00:25:29.055000,7463833308,442.65,201.69,71.82,109.15,547.08,928.66,846.94,831.46
1812,2023-02-24T00:25:29.060000,7463833309,443.07,201.37,72.36,109.98,547.64,929,847.11,831.93
1813,2023-02-24T00:25:29.065000,7463833310,442.73,200.88,71.88,109.25,547.74,928.58,846.54,832.08
1814,2023-02-24T00:25:29.070000,7463833311,442.42,201.43,71.99,109.48,547.72,928.8,846.78,831.74
1815,2023-02-24T00:25:29.075000,7463833312,441.95,201.95,72.36,109.38,547.21,929.14,846.96,831.91
1816,2023-02-24T00:25:29.080000,7463833313,442.37,201.49,71.97,109.54,548.01,928.91,847.46,832.04
1817,2023-02-24T00:25:29.085000,7463833314,442.79,202.15,72.05,109.27,548.16,929.02,846.67,831.35
1818,2023-02-24T00:25:29.090000,7463833315,442.05,201.09,72.29,109.14,547.85,929.28,846.71,831.43
1819,2023-02-24T00:25:29.095000,7463833316,442.44,201.5,72.72,108.69,547.9,929.15,846.3,831.65
1820,2023-02-24T00:25:29.100000,7463833317,442.59,201.51,72.32,109.27,548.02,928.49,846.62,831.02
1821,2023-02-24T00:25:29.105000,7463833318,442.13,201.17,72.6,109.78,547.82,929.08,846.41,830.97
1822,2023-02-24T00:25:29.110000,7463833319,442.33,201.77,72.1,109.22,547.63,928.51,846.9,831.28
1823,2023-02-24T00:25:29.115000,7463833320,442.97,202.16,72.49,109.45,548.01,929.22,846.7,831.63
1824,2023-02-24T00:25:29.120000,7463833321,442.35,202.04,72.31,109.24,547.87,929.08,846.8,832.07
1825,2023-02-24T00:25:29.125000,7463833322,442.14,201.69,71.89,109.23,548.05,928.74,847.11,831.55
1826,2023-02-24T00:25:29.130000,7463833323,443.07,202.28,72.49,109.01,547.4,928.63,846.68,831
1827,2023-02-24T00:25:29.135000,7463833324,442.25,201.69,72.1,109.73,548.18,928.65,846.67,831.66
1828,2023-02-24T00:25:29.140000,7463833325,441.95,201.6,72.67,109.4,548.13,928.95,847.22,831.8
1829,2023-02-24T00:25:29.145000,7463833326,442.35,201.52,71.48,109.8,547.76,929.6,846.64,831.56
1830,2023-02-24T00:25:29.150000,7463833327,442.13,202.05,72.21,109.19,548.19,928.61,846.85,832.2
1831,2023-02-24T00:25:29.155000,7463833328,442.57,201.67,72.17,109.21,548,928.85,846.54,831.83
1832,2023-02-24T00:25:29.160000,7463833329,442.69,201.6,72.44,109.42,547.5,929.18,847.14,831.39
1833,2023-02-24T00:25:29.165000,7463833330,442.46,202.28,72.9,109.24,547.88,929.18,846.75,832.05
1834,2023-02-24T00:25:29.170000,7463833331,442.52,201.82,72.15,108.71,547.08,928.63,846.94,831
1835,2023-02-24T00:25:29.175000,7463833332,442.44,201.6,72.56,109.39,547.11,929.01,846.72,831.93
1836,2023-02-24T00:25:29.180000,7463833333,442.21,201.38,71.7,109.24,547.25,929.05,846.06,830.95
1837,2023-02-24T00:25:29.185000,7463833334,442.86,201.35,71.46,108.88,547.46,929.03,846.67,831.45
1838,2023-02-24T00:25:29.190000,7463833335,442,201.55,72.39,109.24,547.61,929.01,846.35,830.95
1839,2023-02-24T00:25:29.195000,7463833336,442,202.12,72.35,109.15,547.45,929.1,846.49,831.41
1840,2023-02-24T00:25:29.200000,7463833337,442.13,202.09,72.36,109.22,547.46,928.3,846.84,832.27
1841,2023-02-24T00:25:29.205000,7463833338,442.44,202.34,71.61,109.56,547.21,928.68,846.57,831.97
1842,2023-02-24T00:25:29.210000,7463833339,441.8,202.41,72.18,109.3,547.92,927.72,846.04,830.91
1843,2023-02-24T00:25:29.215000,7463833340,442.64,201.18,72.16,109.08,547.8,928.63,846.19,831.44
1844,2023-02-24T00:25:29.220000,7463833341,442.01,202.47,72.06,109.39,548.34,929.13,847.07,831.59
1845,2023-02-24T00:25:29.225000,7463833342,442.93,201.99,72.12,109.37,548.04,929.19,846.7,831.74
1846,2023-02-24T00:25:29.230000,7463833343,442.3,201.58,72.01,109.28,548,928.62,846.69,831.6
1847,2023-02-24T00:25:29.235000,7463833344,442.24,201.77,72.86,108.67,548.02,928.09,846.94,831.53
1848,2023-02-24T00:25:29.240000,7463833345,442.21,202.14,72.37,109.82,547.6,928.71,846.9,831.87
1849,2023-02-24T00:25:29.245000,7463833346,441.88,201.36,72,108.5,547.27,928.81,846.45,832.02
1850,2023-02-24T00:25:29.250000,7463833347,442.45,201.97,71.88,109.11,547.23,929,846.62,831.57
1851,2023-02-24T00:25:29.255000,7463833348,442.54,201.29,72.64,109.28,547.33,928.81,846.43,830.89
1852,2023-02-24T00:25:29.260000,7463833349,441.95,201.59,73.07,109.35,547.64,928.71,846.73,831.15
1853,2023-02-24T00:25:29.265000,7463833350,442.51,202.07,72.47,109.63,547.69,929,847.05,831.47
1854,2023-02-24T00:25:29.270000,7463833351,442.39,201.74,71.77,109.45,547.37,928.62,846.66,831.02
1855,2023-02-24T00:25:29.275000,7463833352,441.97,201.56,72.51,109.35,547.79,929.24,846.1,830.48
1856,2023-02-24T00:25:29.280000,7463833353,442.32,201.99,73.1,109.58,548.06,929.13,846.04,831.35
1857,2023-02-24T00:25:29.285000,7463833354,442.3,201.82,72.71,109.14,548.11,928.99,846.32,831.43
1858,2023-02-24T00:25:29.290000,7463833355,443.01,202.03,72.52,109.21,547.86,928.97,846.36,831.4
1859,2023-02-24T00:25:29.295000,7463833356,442.49,201.67,72.35,109.13,548.13,929.1,846.36,831.21
1860,2023-02-24T00:25:29.300000,7463833357,442.12,201.71,72.51,109.06,548.17,928.56,845.92,830.71
1861,2023-02-24T00:25:29.305000,7463833358,441.66,201.77,72.31,109.44,548.19,928.46,846.31,831.16
1862,2023-02-24T00:25:29.310000,7463833359,441.86,201.39,72.22,109.56,547.51,929,845.65,831.38
1863,2023-02-24T00:25:29.315000,7463833360,441.8,201.87,72.26,109.06,547.88,929,846.11,831.68
1864,2023-02-24T00:25:29.320000,7463833361,442.25,201.6,72.16,108.91,547.88,928.47,846.35,830.83
1865,2023-02-24T00:25:29.325000,7463833362,442.36,201.67,72.88,109.37,547.38,928.69,846.79,831.38
1866,2023-02-24T00:25:29.330000,7463833363,441.95,200.99,71.74,108.87,547.13,928.01,846.11,831.15
1867,2023-02-24T00:25:29.335000,7463833364,442.62,201.84,72.48,108.64,548.04,929.09,846.6,831.39
1868,2023-02-24T00:25:29.340000,7463833365,442.81,202.06,72.11,109.18,547.14,928.67,846.64,831.41
1869,2023-02-24T00:25:29.345000,7463833366,442.36,201.5,72.55,108.74,547.57,929.05,846.7,831.43
1870,2023-02-24T00:25:29.350000,7463833367,442.32,201.59,72.54,109.27,547.37,929.2,846.36,830.83
1871,2023-02-24T00:25:29.355000,7463833368,441.63,201.88,72.1,109.11,547.35,928.83,846.69,831.06
1872,2023-02-24T00:25:29.360000,7463833369,442.2,201.54,71.96,109.57,548.12,929.49,846.45,830.86
1873,2023-02-24T00:25:29.365000,7463833370,442.71,202.22,71.85,108.84,547.57,928.84,846.64,831.06
1874,2023-02-24T00:25:29.370000,7463833371,442.14,201.87,72.09,109.5,547.33,929.24,846.64,831.1
1875,2023-02-24T00:25:29.375000,7463833372,441.32,202.01,72.6,109.37,547.93,928.95,846.58,832.33
1876,2023-02-24T00:25:29.380000,7463833373,442.76,202.33,72.62,109.36,547.39,928.32,845.91,831.08
1877,2023-02-24T00:25:29.385000,7463833374,442.28,201.78,72.42,108.93,547.31,928.54,845.42,831.3
1878,2023-02-24T00:25:29.390000,7463833375,442.15,201.4,72.59,108.89,547.42,928.61,845.58,831.53
1879,2023-02-24T00:25:29.395000,7463833376,442.49,201.69,72.2,108.93,547.96,928.68,846.25,830.81
1880,2023-02-24T00:25:29.400000,7463833377,442.1,202.08,71.99,109.4,547.62,928.78,846.39,831.62
1881,2023-02-24T00:25:29.405000,7463833378,441.62,201.64,72.73,109.84,548.34,929.3,846.62,831.27
1882,2023-02-24T00:25:29.410000,7463833379,442.34,201.75,72.2,109.69,548.19,928.34,845.39,830.78
1883,2023-02-24T00:25:29.415000,7463833380,442.08,201.76,72.52,109.19,548.03,928.39,846.48,831.14
1884,2023-02-24T00:25:29.420000,7463833381,442.47,201.27,72.64,108.93,547.53,928.97,846.56,831.32
1885,2023-02-24T00:25:29.425000,7463833382,442.51,202.06,72.36,109.47,548.12,928.91,846.23,831.48
1886,2023-02-24T00:25:29.430000,7463833383,442.13,201.76,72.12,109.26,547.57,928.57,846.43,831.28
1887,2023-02-24T00:25:29.435000,7463833384,442.31,202.34,72.45,108.75,547.51,928.83,846.18,831.36
1888,2023-02-24T00:25:29.440000,7463833385,442.37,202.14,72.75,108.95,547.7,927.96,845.92,830.9
1889,2023-02-24T00:25:29.445000,7463833386,442.17,201.6,72.11,109.37,547.06,928.45,846.34,831.24
1890,2023-02-24T00:25:29.450000,7463833387,442.11,201.99,72.3,109.26,547.42,928.45,845.97,831
1891,2023-02-24T00:25:29.455000,7463833388,441.69,202.02,72.41,109.28,548.01,928.45,846.24,831.57
1892,2023-02-24T00:25:29.460000,7463833389,442.63,201.51,73.02,109.01,547.71,928.7,845.7,831.22
1893,2023-02-24T00:25:29.465000,7463833390,442.14,201.58,72.1,109.25,547,928.17,845.67,831.09
1894,2023-02-24T00:25:29.470000,7463833391,442.59,201.56,72.38,109.18,547.25,928.05,845.75,831.37
1895,2023-02-24T00:25:29.475000,7463833392,441.91,201.74,72.3,109.61,547.64,928.27,845.74,830.8
1896,2023-02-24T00:25:29.480000,7463833393,441.69,201.97,72.54,109,547.63,928.28,846.16,831.57
1897,2023-02-24T00:25:29.485000,7463833394,441.81,201.35,72.28,109.61,547.46,928.2,845.95,831.29
1898,2023-02-24T00:25:29.490000,7463833395,441.97,201.86,72.38,108.93,547.45,928.35,845.68,831.61
1899,2023-02-24T00:25:29.495000,7463833396,442.42,202.39,72.81,109.05,547.34,928.91,846.07,830.6
1900,2023-02-24T00:25:29.500000,7463833397,443.09,202.16,72.27,109.31,547.49,929.08,845.77,830.95
1901,2023-02-24T00:25:29.505000,7463833398,442.19,202.02,72.28,108.86,547.33,928.38,845.88,830.77
1902,2023-02-24T00:25:29.510000,7463833399,442.02,201.14,71.82,109.74,547.31,928.43,845.9,830.53
1903,2023-02-24T00:25:29.515000,7463833400,442.93,202.11,72.36,109.41,547.32,928.23,845.88,831.22
1904,2023-02-24T00:25:29.520000,7463833401,441.91,201.75,72.14,108.7,547.63,928.3,845.75,830.99
1905,2023-02-24T00:25:29.525000,7463833402,442.14,201.31,72.17,109.45,547.54,928.03,846.06,830.63
1906,2023-02-24T00:25:29.530000,7463833403,442.87,201.47,72.46,109.24,546.83,928.46,846.59,831.02
1907,2023-02-24T00:25:29.535000,7463833404,442.31,202.14,72.42,109.32,547.34,928.51,845.99,831.31
1908,2023-02-24T00:25:29.540000,7463833405,442.38,202.17,72.47,109.08,547.23,928.47,845.59,831.1
1909,2023-02-24T00:25:29.545000,7463833406,442.01,201.9,72.39,109.1,547.15,927.9,845.8,830.88
1910,2023-02-24T00:25:29.550000,7463833407,441.36,201.52,72.2,108.69,546.96,928.53,845.48,831.36
1911,2023-02-24T00:25:29.555000,7463833408,442.23,202.02,72.54,108.42,547.69,928.6,845.63,830.9
1912,2023-02-24T00:25:29.560000,7463833409,441.95,201.51,72.44,108.58,547.65,928.55,845.9,830.85
1913,2023-02-24T00:25:29.565000,7463833410,442.52,201.75,72.05,108.76,547.23,928.39,845.67,830.94
1914,2023-02-24T00:25:29.570000,7463833411,442.54,201.76,72.55,109.05,547.14,928.65,845.93,830.99
1915,2023-02-24T00:25:29.575000,7463833412,442.61,201.48,72.49,109.21,547.74,928.07,845.39,830.87
1916,2023-02-24T00:25:29.580000,7463833413,442.3,201.12,72.62,109.07,547.45,928.48,845.44,830.91
1917,2023-02-24T00:25:29.585000,7463833414,442.24,201.69,73.02,109.37,548.36,928.57,845.14,830.57
1918,2023-02-24T00:25:29.590000,7463833415,442.31,201.81,72.82,109.78,548.52,928.6,844.88,830.67
1919,2023-02-24T00:25:29.595000,7463833416,442.17,201.92,72.44,109.25,547.94,927.71,845.86,830.12
1920,2023-02-24T00:25:29.600000,7463833417,442.33,201.96,72.65,109.44,547.12,928.33,845.73,830.65
1921,2023-02-24T00:25:29.605000,7463833418,441.83,202.29,72.8,109.02,547.44,928.41,845.82,830.86
1922,2023-02-24T00:25:29.610000,7463833419,442.11,202.2,72.79,108.81,547.3,928.49,845.91,830.72
1923,2023-02-24T00:25:29.615000,7463833420,442.68,201.77,72.5,108.99,547.98,928.52,845.61,830.6
1924,2023-02-24T00:25:29.620000,7463833421,442.44,201.81,72.25,109.51,547.37,928.68,845.8,830.82
1925,2023-02-24T00:25:29.625000,7463833422,442.2,201.61,72.46,109.49,547.38,928.54,845.28,830.87
1926,2023-02-24T00:25:29.630000,7463833423,441.86,201.76,72.66,108.59,547.39,928.92,845.7,830.58
1927,2023-02-24T00:25:29.635000,7463833424,442.47,201.56,72.34,109.25,547.76,928.34,845.42,830.47
1928,2023-02-24T00:25:29.640000,7463833425,442.1,202.12,72.38,109.14,547.59,928.31,845.51,831.12
1929,2023-02-24T00:25:29.645000,7463833426,442.49,201.96,72.86,109.22,547.63,928.78,844.95,830.73
1930,2023-02-24T00:25:29.650000,7463833427,442.41,201.76,72.26,109.46,547.2,928.82,845.87,831.18
1931,2023-02-24T00:25:29.655000,7463833428,441.93,201.97,72.4,108.88,547.24,928.51,845.27,830.63
1932,2023-02-24T00:25:29.660000,7463833429,442.58,201.62,72.92,108.86,547.27,928.98,845.11,830.35
1933,2023-02-24T00:25:29.665000,7463833430,442.44,202.2,72.44,109.39,546.96,928.25,845.78,830.43
1934,2023-02-24T00:25:29.670000,7463833431,442.75,201.48,73.23,109.57,548.01,928.58,845.58,830.86
1935,2023-02-24T00:25:29.675000,7463833432,442.3,202.21,72.65,109.05,547.82,927.77,845.24,830.33
1936,2023-02-24T00:25:29.680000,7463833433,441.89,201.83,72.55,108.54,547.65,928.13,845.16,830.56
1937,2023-02-24T00:25:29.685000,7463833434,442.35,202.16,72.49,109.49,547.25,928.54,845.48,831.05
1938,2023-02-24T00:25:29.690000,7463833435,442.05,202.14,72.51,109.3,547.41,927.98,845.4,831.07
1939,2023-02-24T00:25:29.695000,7463833436,443.05,202.21,72.33,108.8,547.54,928.66,845.47,830.6
1940,2023-02-24T00:25:29.700000,7463833437,442.5,201.61,72.52,109.9,547.52,928.4,845.01,830.53
1941,2023-02-24T00:25:29.705000,7463833438,442.76,201.5,72.55,108.94,547.41,928.56,845.41,830.61
1942,2023-02-24T00:25:29.710000,7463833439,442.54,202.7,72.81,108.78,547.77,927.9,844.91,830.46
1943,2023-02-24T00:25:29.715000,7463833440,442.98,201.36,72.79,109.55,547.72,928.52,845.62,830.63
1944,2023-02-24T00:25:29.720000,7463833441,441.9,201.53,72.06,109.22,547.25,928.48,845.53,830.66
1945,2023-02-24T00:25:29.725000,7463833442,442.88,201.96,72.75,109.55,547.23,928.61,845.87,830.55
1946,2023-02-24T00:25:29.730000,7463833443,442.8,201.75,72.72,109.4,547.37,928.67,845.66,830.57
1947,2023-02-24T00:25:29.735000,7463833444,442.6,201.84,72.59,109.04,547.74,928.5,845.65,831.06
1948,2023-02-24T00:25:29.740000,7463833445,441.94,201.28,72.29,108.92,547.3,928.67,845.59,830.82
1949,2023-02-24T00:25:29.745000,7463833446,441.84,201.49,72.7,109.42,547.8,928.23,846.01,830.52
1950,2023-02-24T00:25:29.750000,7463833447,442.02,201.95,72.33,109.34,547.51,927.84,845.23,830.81
1951,2023-02-24T00:25:29.755000,7463833448,442.19,201.96,72.03,109.51,547.76,928.3,845.26,830.39
1952,2023-02-24T00:25:29.760000,7463833449,441.97,201.99,72.59,109.87,547.71,928,845.4,830.94
1953,2023-02-24T00:25:29.765000,7463833450,442.58,201.69,72.72,109.45,548.01,928.35,845.36,830.48
1954,2023-02-24T00:25:29.770000,7463833451,442.3,201.97,72.67,108.65,547.67,928.42,845.59,830.93
1955,2023-02-24T00:25:29.775000,7463833452,442.34,201.64,72.77,109.11,547.67,928.81,845.5,830.64
1956,2023-02-24T00:25:29.780000,7463833453,442.2,201.88,72.71,109.29,547.59,928.08,845.14,830.74
1957,2023-02-24T00:25:29.785000,7463833454,441.52,201.79,72.33,109.47,547.56,928.24,845.68,830.35
1958,2023-02-24T00:25:29.790000,7463833455,442.41,202.08,73,108.84,547.84,928.54,845.63,830.27
1959,2023-02-24T00:25:29.795000,7463833456,442.67,201.14,72.55,108.34,547.52,928.64,845.39,830.64
1960,2023-02-24T00:25:29.800000,7463833457,442.3,201.77,72.83,109.52,547.36,928.44,845.4,830.73
1961,2023-02-24T00:25:29.805000,7463833458,442.02,202.08,72.36,108.76,547.55,927.98,845.62,830.4
1962,2023-02-24T00:25:29.810000,7463833459,442.12,201.67,72.44,109.2,547.7,928.38,845.86,830.71
1963,2023-02-24T00:25:29.815000,7463833460,442.15,201.79,72.25,109.37,548.03,928.52,844.34,830.23
1964,2023-02-24T00:25:29.820000,7463833461,441.84,201.76,72.1,109.27,547.61,927.84,845.32,830.24
1965,2023-02-24T00:25:29.825000,7463833462,442.77,201.76,72.44,108.86,547.92,928.19,845.17,830.84
1966,2023-02-24T00:25:29.830000,7463833463,442.88,202.22,72.45,108.94,547.79,928.19,844.95,830.6
1967,2023-02-24T00:25:29.835000,7463833464,442.36,202.1,72.19,109.52,548.15,928.2,845.3,830.52
1968,2023-02-24T00:25:29.840000,7463833465,442.72,202.07,72.85,109.59,547.52,928.17,845.45,830.66
1969,2023-02-24T00:25:29.845000,7463833466,442.44,202.35,72.75,109.05,547.7,928.92,845.09,830.27
1970,2023-02-24T00:25:29.850000,7463833467,441.8,201.85,72.43,109.2,547.2,928.85,845.27,830.1
1971,2023-02-24T00:25:29.855000,7463833468,441.97,202.08,72.73,109.23,547.51,928.83,845.22,829.82
1972,2023-02-24T00:25:29.860000,7463833469,442.34,201.87,72.19,108.9,547.99,928.42,845.33,830.63
1973,2023-02-24T00:25:29.865000,7463833470,441.34,201.62,72.53,108.87,547.96,928.19,844.78,830.57
1974,2023-02-24T00:25:29.870000,7463833471,442.37,202.21,72.91,108.82,547.69,928.57,845.65,830.85
1975,2023-02-24T00:25:29.875000,7463833472,442.61,201.76,73.06,109.6,547.76,928.39,845.57,830.85
1976,2023-02-24T00:25:29.880000,7463833473,442.4,201.77,72.42,109.38,547.33,927.6,845.22,830.55
1977,2023-02-24T00:25:29.885000,7463833474,442.58,202.26,72.91,109.6,547.91,928.96,845.27,830.67
1978,2023-02-24T00:25:29.890000,7463833475,442.46,201.85,72.3,109.4,547.23,928.52,844.91,830.71
1979,2023-02-24T00:25:29.895000,7463833476,442.37,202.4,72.8,108.93,547.44,927.94,844.96,830.23
1980,2023-02-24T00:25:29.900000,7463833477,442.31,201.99,72.33,109.34,547.22,927.89,844.38,830.13
1981,2023-02-24T00:25:29.905000,7463833478,443.01,202.34,72.17,109.63,547.64,928.46,845.03,830.3
1982,2023-02-24T00:25:29.910000,7463833479,442.2,202.06,72.4,109.62,547.43,928.35,845.1,830.61
1983,2023-02-24T00:25:29.915000,7463833480,442.6,201.46,72.62,109.17,547.99,928.07,845.12,830.05
1984,2023-02-24T00:25:29.920000,7463833481,441.71,202.12,72.56,109.22,547.59,928.26,844.92,830.18
1985,2023-02-24T00:25:29.925000,7463833482,442.54,201.59,72.91,109.45,547.38,927.58,844.63,830.35
1986,2023-02-24T00:25:29.930000,7463833483,442.64,202.06,72.76,109.07,547.99,928.53,844.73,829.87
1987,2023-02-24T00:25:29.935000,7463833484,442.17,201.87,72.47,109.49,547.72,928.37,844.89,830.14
1988,2023-02-24T00:25:29.940000,7463833485,442.09,201.64,72.51,109.12,547.69,927.96,844.72,830.8
1989,2023-02-24T00:25:29.945000,7463833486,442.77,202.04,72.79,109.12,547.66,928.33,845.42,830.62
1990,2023-02-24T00:25:29.950000,7463833487,442.09,202.21,72.34,109.3,547.5,927.95,844.75,830.06
1991,2023-02-24T00:25:29.955000,7463833488,441.8,201.97,73.26,109.1,547.5,928.23,845.11,830.37
1992,2023-02-24T00:25:29.960000,7463833489,441.78,202.26,72.7,108.93,546.95,927.87,844.95,830.18
1993,2023-02-24T00:25:29.965000,7463833490,441.93,201.95,72.59,109.38,547.1,927.97,845.26,829.94
1994,2023-02-24T00:25:29.970000,7463833491,441.75,202.12,72.46,109.42,547.84,928.16,844.98,830.55
1995,2023-02-24T00:25:29.975000,7463833492,441.37,202.24,72.67,109.46,547.21,927.96,845.02,830.16
1996,2023-02-24T00:25:29.980000,7463833493,441.7,201.81,72.63,109.56,547.21,927.93,844.48,830.63
1997,2023-02-24T00:25:29.985000,7463833494,442.15,201.88,72.96,109.16,547.35,928.02,844.83,830.4
1998,2023-02-24T00:25:29.990000,7463833495,442.12,202.6,72.1,109.57,547.68,928.07,844.96,829.84
1999,2023-02-24T00:25:29.995000,7463833496,442.4,202.38,73.06,109.51,548.13,928.15,845.37,830.05
2000,2023-02-24T00:25:30,7463833497,441.87,201.63,72.31,109.51,547.41,927.56,844.95,830.16
2001,2023-02-24T00:25:30.005000,7463833498,442.23,202.49,72.5,109.39,547.56,928.35,844.91,830.69
2002,2023-02-24T00:25:30.010000,7463833499,442.24,202.13,72.72,109.72,547.75,927.92,844.23,830.36
2003,2023-02-24T00:25:30.015000,7463833500,442.01,201.81,72.4,109.29,547.9,927.78,845.28,830.53
2004,2023-02-24T00:25:30.020000,7463833501,441.94,201.43,72.13,108.77,547.92,928.17,844.58,830.3
2005,2023-02-24T00:25:30.025000,7463833502,441.97,202.01,72.73,109.51,547.66,928.72,845.53,830.4
2006,2023-02-24T00:25:30.030000,7463833503,443.06,201.72,72.82,108.76,547.84,928.09,845.1,830.57
2007,2023-02-24T00:25:30.035000,7463833504,442.63,201.63,73.03,108.86,547.78,928.27,845.37,830.19
2008,2023-02-24T00:25:30.040000,7463833505,442.93,201.41,72.79,109,547.05,928.15,845,829.98
2009,2023-02-24T00:25:30.045000,7463833506,442.94,201.23,72.89,109.54,547.49,928.22,844.55,829.88
2010,2023-02-24T00:25:30.050000,7463833507,442.54,201.31,72.98,109.22,547.56,928.06,845.06,829.58
2011,2023-02-24T00:25:30.055000,7463833508,442.2,202.18,72.25,108.97,547.47,928.39,844.78,829.7
2012,2023-02-24T00:25:30.060000,7463833509,442.81,201.77,72.25,109.24,547.84,928.04,844.55,830.09
2013,2023-02-24T00:25:30.065000,7463833510,442,201.98,73.25,109.48,548.17,928.26,844.55,830.37
2014,2023-02-24T00:25:30.070000,7463833511,441.84,202.46,72.42,109.09,548.09,928.37,845,829.83
2015,2023-02-24T00:25:30.075000,7463833512,442.26,201.97,72.28,109.33,547.55,927.39,844.72,830.11
2016,2023-02-24T00:25:30.080000,7463833513,441.83,201.82,72.46,109.35,547.42,927.73,844.13,829.66
2017,2023-02-24T00:25:30.085000,7463833514,442.47,201.95,72.71,109.34,547.61,927.78,843.99,830.13
2018,2023-02-24T00:25:30.090000,7463833515,442.6,201.87,72.33,109.04,547.42,928.03,844.55,830.15
2019,2023-02-24T00:25:30.095000,7463833516,442.29,202.14,72.94,108.74,548.11,927.5,844.74,829.63
2020,2023-02-24T00:25:30.100000,7463833517,442.29,201.84,72.74,109.23,547.72,927.92,844.02,829.65
2021,2023-02-24T00:25:30.105000,7463833518,442.6,202.11,73.39,109.26,547.05,927.81,845.1,829.81
2022,2023-02-24T00:25:30.110000,7463833519,442.9,202.54,72.45,109.31,547.65,927.63,844.56,829.53
2023,2023-02-24T00:25:30.115000,7463833520,442.15,201.56,72.13,109.46,547.41,927.49,844.75,830
2024,2023-02-24T00:25:30.120000,7463833521,441.9,201.76,72.21,109.67,547.51,927.76,844.47,830.03
2025,2023-02-24T00:25:30.125000,7463833522,442.4,201.8,72.45,109.43,547.13,928.03,844.55,829.56
2026,2023-02-24T00:25:30.130000,7463833523,442.56,202.03,73.08,109.12,547.43,928.61,845.41,829.78
2027,2023-02-24T00:25:30.135000,7463833524,442.49,201.64,72.56,108.66,547.2,928.14,844.52,829.49
2028,2023-02-24T00:25:30.140000,7463833525,442.59,201.68,72.41,109.24,548.01,928,845.08,829.89
2029,2023-02-24T00:25:30.145000,7463833526,441.31,201.92,72.77,109.05,547.86,928.25,843.92,829.48
2030,2023-02-24T00:25:30.150000,7463833527,441.98,201.79,72.44,109.17,547.79,927.91,844.89,829.9
2031,2023-02-24T00:25:30.155000,7463833528,442.55,202.06,72.3,109.04,547.68,927.99,844.16,830.14
2032,2023-02-24T00:25:30.160000,7463833529,442.23,201.54,71.72,109.27,547.32,927.81,843.73,829.75
2033,2023-02-24T00:25:30.165000,7463833530,441.92,201.47,72.61,109.23,547.31,927.67,843.71,829.68
2034,2023-02-24T00:25:30.170000,7463833531,442.37,202.11,72.84,109.2,547.75,928.03,844.76,830.52
2035,2023-02-24T00:25:30.175000,7463833532,442.27,201.89,73.45,108.85,547.59,928.03,844.88,829.59
2036,2023-02-24T00:25:30.180000,7463833533,442.34,202.26,72.49,109.56,547.23,927.54,844.35,829.45
2037,2023-02-24T00:25:30.185000,7463833534,442.49,202.12,72.4,109.48,547.73,927.97,844.71,829.96
2038,2023-02-24T00:25:30.190000,7463833535,442.37,201.97,72.31,109.32,547.96,928.23,844.56,829.61
2039,2023-02-24T00:25:30.195000,7463833536,442.72,200.92,72.43,109.14,547.44,927.88,843.99,830.36
2040,2023-02-24T00:25:30.200000,7463833537,442.5,201.65,72.68,109.59,547.98,928.05,843.99,829.66
2041,2023-02-24T00:25:30.205000,7463833538,442.55,202.1,72.55,108.47,547.86,928.19,845.12,830.14
2042,2023-02-24T00:25:30.210000,7463833539,442.3,201.81,73.06,109.07,547.94,928.38,844.85,829.81
2043,2023-02-24T00:25:30.215000,7463833540,441.54,202.22,72.57,109.59,547.79,927.82,844.03,830.09
2044,2023-02-24T00:25:30.220000,7463833541,441.59,202.02,72.69,109.42,547.37,927.99,844.38,829.91
2045,2023-02-24T00:25:30.225000,7463833542,442.44,202.31,72.89,109.55,547.07,928.38,843.88,829.57
2046,2023-02-24T00:25:30.230000,7463833543,442.85,202.44,72.63,109.44,547.31,928.59,844.43,830.28
2047,2023-02-24T00:25:30.235000,7463833544,442.31,201.62,71.86,109.08,548.01,928.13,844.23,830.17
2048,2023-02-24T00:25:30.240000,7463833545,442.58,201.77,73.03,109.24,547.66,927.38,843.67,829.54
2049,2023-02-24T00:25:30.245000,7463833546,441.91,201.5,72.68,109.22,546.61,928.31,844.44,829.36
2050,2023-02-24T00:25:30.250000,7463833547,442.16,201.75,72.44,109.66,547.79,927.89,844.34,829.88
2051,2023-02-24T00:25:30.255000,7463833548,442.71,201.66,72.76,109.35,547.36,927.77,844.68,829.6
2052,2023-02-24T00:25:30.260000,7463833549,442.64,201.76,72.3,109.62,547.8,928.08,844.4,830.03
2053,2023-02-24T00:25:30.265000,7463833550,442.28,202.3,73.05,110.13,547.97,928.19,844.07,829.82
2054,2023-02-24T00:25:30.270000,7463833551,442.1,201.83,72.97,109.82,547.53,928.1,844.56,830.44
2055,2023-02-24T00:25:30.275000,7463833552,442.26,201.74,72.4,109.45,547.72,928.51,844.33,830.44
2056,2023-02-24T00:25:30.280000,7463833553,443.02,202.17,72.41,109.22,547.11,927.84,843.98,829.55
2057,2023-02-24T00:25:30.285000,7463833554,442.77,202.22,72.55,109.44,547.63,927.48,844.27,829.55
2058,2023-02-24T00:25:30.290000,7463833555,442.15,201.85,72.6,109.3,547.71,928.25,844.08,828.94
2059,2023-02-24T00:25:30.295000,7463833556,442.27,201.52,72.58,109.42,546.93,927.9,844.01,829.83
2060,2023-02-24T00:25:30.300000,7463833557,442.49,201.55,72.02,109.38,547.19,928.03,843.93,830.08
2061,2023-02-24T00:25:30.305000,7463833558,442.26,201.82,72.04,108.98,547.39,928.11,843.93,829.83
2062,2023-02-24T00:25:30.310000,7463833559,442.29,201.99,73.05,109.6,547.92,928.1,844.87,829.47
2063,2023-02-24T00:25:30.315000,7463833560,442.55,202.45,73.07,109.4,547.53,928.21,844.75,829.98
2064,2023-02-24T00:25:30.320000,7463833561,442.32,201.55,72.36,109.31,547.72,927.57,844.55,829.51
2065,2023-02-24T00:25:30.325000,7463833562,442.03,201.8,72.29,108.45,547.86,927.29,844.06,829.54
2066,2023-02-24T00:25:30.330000,7463833563,442.02,201.85,72.3,109.1,547.26,927.57,844.24,829.55
2067,2023-02-24T00:25:30.335000,7463833564,441.82,202.03,72.62,108.87,547.19,927.63,843.78,829.47
2068,2023-02-24T00:25:30.340000,7463833565,441.55,201.24,72.21,109.33,547.73,927.47,844.49,829.86
2069,2023-02-24T00:25:30.345000,7463833566,442.19,202.09,72.14,108.94,547.25,927.46,844.39,829.33
2070,2023-02-24T00:25:30.350000,7463833567,442.89,201.71,72.64,109.52,547.57,928.21,844.21,829.92
2071,2023-02-24T00:25:30.355000,7463833568,442.73,202.3,72.81,109.35,547.81,927.91,843.81,829.55
2072,2023-02-24T00:25:30.360000,7463833569,442.17,202.14,72.6,109.52,547.44,927.65,843.47,829.7
2073,2023-02-24T00:25:30.365000,7463833570,442.29,202.12,72.42,109.34,547.71,927.79,843.46,829.7
2074,2023-02-24T00:25:30.370000,7463833571,442.49,202.5,72.42,109.35,547.59,927.83,844.41,830.12
2075,2023-02-24T00:25:30.375000,7463833572,442.95,202.07,72.51,109.19,547.45,927.65,843.64,829.5
2076,2023-02-24T00:25:30.380000,7463833573,442.12,202.12,72.46,109.03,547.88,927.29,843.58,829.73
2077,2023-02-24T00:25:30.385000,7463833574,442.65,201.96,72.25,109.77,547.32,927.28,844.15,829.24
2078,2023-02-24T00:25:30.390000,7463833575,442.58,202.72,72.85,109.84,547.75,928.44,844.29,829.63
2079,2023-02-24T00:25:30.395000,7463833576,442.12,201.91,73.26,109.55,547.59,927.72,843.85,829.25
2080,2023-02-24T00:25:30.400000,7463833577,442.19,201.73,72.52,109.29,547.87,928.39,844.01,829.87
2081,2023-02-24T00:25:30.405000,7463833578,442.6,201.84,72.28,108.88,547.39,928.36,844.46,829.29
2082,2023-02-24T00:25:30.410000,7463833579,442.07,202.2,72.62,109.45,547.39,927.66,844.52,829.67
2083,2023-02-24T00:25:30.415000,7463833580,442.82,202.14,72.94,109.25,547.74,928.27,843.6,829.8
2084,2023-02-24T00:25:30.420000,7463833581,443.16,201.95,72.48,109.5,547.88,927.96,844.09,829.72
2085,2023-02-24T00:25:30.425000,7463833582,442.46,202.18,72.26,109.56,547.56,927.94,843.95,829.27
2086,2023-02-24T00:25:30.430000,7463833583,443.18,202.52,72.59,108.98,547.71,928,844.24,829.89
2087,2023-02-24T00:25:30.435000,7463833584,442.1,202.22,72.67,109.02,547.62,927.65,843.75,830.01
2088,2023-02-24T00:25:30.440000,7463833585,442.36,202.36,72.86,109.7,547.58,927.64,844.49,829.65
2089,2023-02-24T00:25:30.445000,7463833586,442.49,201.87,72.83,109.45,547.98,927.62,844.04,829.59
2090,2023-02-24T00:25:30.450000,7463833587,441.73,201.85,72.84,109.69,548.02,927.73,844.68,829.62
2091,2023-02-24T00:25:30.455000,7463833588,442.77,201.52,72.63,109.44,548.12,928.14,844.14,829.54
2092,2023-02-24T00:25:30.460000,7463833589,441.54,202.01,72.51,109.27,547.43,927.93,844.1,829.67
2093,2023-02-24T00:25:30.465000,7463833590,441.74,202.06,73.2,108.51,547.73,927.41,843.86,829.81
2094,2023-02-24T00:25:30.470000,7463833591,442.01,202.22,72.97,109.64,547.67,928.02,844.33,829.36
2095,2023-02-24T00:25:30.475000,7463833592,442.15,202.14,72.32,109.42,548.58,928,844.35,829.73
2096,2023-02-24T00:25:30.480000,7463833593,442.62,202.36,72.46,108.99,547.98,927.78,843.47,830.19
2097,2023-02-24T00:25:30.485000,7463833594,442.2,202.3,73.02,109.59,547.28,928.27,844.02,829.58
2098,2023-02-24T00:25:30.490000,7463833595,442.33,201.93,72.42,109.19,547.77,928.2,844.21,829.55
2099,2023-02-24T00:25:30.495000,7463833596,442.4,201.91,72.6,108.89,547.58,927.32,843.99,829.52
2100,2023-02-24T00:25:30.500000,7463833597,442.19,202.25,72.23,109.28,547.18,927.28,843.51,829.63
2101,2023-02-24T00:25:30.505000,7463833598,442.78,202.05,72.39,109.66,547.79,927.91,844.08,829.42
2102,2023-02-24T00:25:30.510000,7463833599,442.43,202.54,72.5,109.25,548.22,927.64,844.08,829.8
2103,2023-02-24T00:25:30.515000,7463833600,442.51,202.08,72.59,109.09,547.77,927.78,844.05,829.28
2104,2023-02-24T00:25:30.520000,7463833601,442.25,201.73,72.61,109.27,547.44,927.5,843.45,829.52
2105,2023-02-24T00:25:30.525000,7463833602,441.86,201.95,72.93,109.08,547.91,927.8,844.14,829.5
2106,2023-02-24T00:25:30.530000,7463833603,442.48,201.95,72.85,109.35,547.61,927.54,844.23,829.01
2107,2023-02-24T00:25:30.535000,7463833604,442.55,202.41,71.9,109.25,547.73,928.01,843.87,829.9
2108,2023-02-24T00:25:30.540000,7463833605,442.92,202.4,72.58,109.46,547.65,927.6,844.17,829.58
2109,2023-02-24T00:25:30.545000,7463833606,442.15,201.89,72.77,109.23,548,927.55,844.19,829.41
2110,2023-02-24T00:25:30.550000,7463833607,442,202.44,72.13,109.08,548.02,928.5,844.54,829.22
2111,2023-02-24T00:25:30.555000,7463833608,442.27,202.06,72.54,109.21,547.48,928.03,844.29,829.24
2112,2023-02-24T00:25:30.560000,7463833609,442.34,202.07,72.97,109.1,547.67,927.56,844.07,829.37
2113,2023-02-24T00:25:30.565000,7463833610,442.41,201.32,72.3,108.86,548.07,927.41,843.37,829.45
2114,2023-02-24T00:25:30.570000,7463833611,442.54,201.74,72.93,109.4,547.11,927.57,844.25,829.73
2115,2023-02-24T00:25:30.575000,7463833612,441.13,202.3,72.21,109.31,547.38,927.89,844,829.91
2116,2023-02-24T00:25:30.580000,7463833613,441.99,201.64,72.62,109.46,547.78,928.44,843.89,830.42
2117,2023-02-24T00:25:30.585000,7463833614,442.22,201.38,72.62,108.99,548.1,927.83,844.38,830.63
2118,2023-02-24T00:25:30.590000,7463833615,442.3,202.05,72.96,109.5,547.5,927.55,844.32,829.95
2119,2023-02-24T00:25:30.595000,7463833616,441.87,201.55,72.71,109.3,547.74,927.68,843.94,829.72
2120,2023-02-24T00:25:30.600000,7463833617,441.65,201.9,72.55,108.97,547.48,927.84,844.14,829.61
2121,2023-02-24T00:25:30.605000,7463833618,441.97,201.65,72.69,109.04,547.6,927.75,844.09,829.8
2122,2023-02-24T00:25:30.610000,7463833619,442.24,201.59,72.5,109.38,547.8,927.84,844.32,830.09
2123,2023-02-24T00:25:30.615000,7463833620,442.38,201.89,72.67,109.62,547.94,927.71,844.13,829.33
2124,2023-02-24T00:25:30.620000,7463833621,442.42,201.99,72.52,109.42,547.9,927.95,844.54,829.85
2125,2023-02-24T00:25:30.625000,7463833622,442.53,202,72.36,109.01,547.48,928.03,843.77,830.06
2126,2023-02-24T00:25:30.630000,7463833623,442.71,201.99,72.86,109.35,547.74,928.27,844.17,829.31
2127,2023-02-24T00:25:30.635000,7463833624,442.25,202.05,72.41,109.39,547.62,927.74,844.36,829.78
2128,2023-02-24T00:25:30.640000,7463833625,442.35,201.29,73.3,109.19,547.42,927.94,843.77,829.63
2129,2023-02-24T00:25:30.645000,7463833626,441.94,202.1,72.66,109.31,548.03,928.27,844.43,829.58
2130,2023-02-24T00:25:30.650000,7463833627,442.34,201.8,72.36,108.83,547.8,927.14,844.71,829.68
2131,2023-02-24T00:25:30.655000,7463833628,442.76,201.74,73,109.12,548.13,927.68,844.42,829.8
2132,2023-02-24T00:25:30.660000,7463833629,442,201.81,72.62,109.12,547.67,927.72,844.37,829.82
2133,2023-02-24T00:25:30.665000,7463833630,442.67,201.84,71.86,109.76,548.29,928.36,843.77,829.77
2134,2023-02-24T00:25:30.670000,7463833631,442.88,201.55,73.04,109.83,547.66,928.33,843.85,829.54
2135,2023-02-24T00:25:30.675000,7463833632,442.27,201.93,72.57,109.64,547.29,927.64,844.15,829.79
2136,2023-02-24T00:25:30.680000,7463833633,441.79,201.88,72.32,109.57,547.26,927.46,844.1,830.29
2137,2023-02-24T00:25:30.685000,7463833634,441.51,201.83,72.57,108.98,548.2,927.65,844.21,829.7
2138,2023-02-24T00:25:30.690000,7463833635,441.96,201.9,73.12,109.36,547.23,928.48,844.75,830.06
2139,2023-02-24T00:25:30.695000,7463833636,441.48,201.93,72.72,109.2,547.55,927.98,843.82,829.68
2140,2023-02-24T00:25:30.700000,7463833637,442.18,201.82,72.72,110.21,548.01,928,843.8,830.01
2141,2023-02-24T00:25:30.705000,7463833638,442.56,202.02,72.82,109.45,547.76,927.33,843.95,829.33
2142,2023-02-24T00:25:30.710000,7463833639,442.08,201.45,72.31,109.31,547.66,927.82,844.44,830.09
2143,2023-02-24T00:25:30.715000,7463833640,442.13,202.43,72.14,109.54,547.47,928.29,844.38,829.68
2144,2023-02-24T00:25:30.720000,7463833641,442.04,201.95,72.99,109.45,547.53,927.56,844.13,830.06
2145,2023-02-24T00:25:30.725000,7463833642,442.19,202.06,72.14,109.51,547.88,927.42,844.17,829.72
2146,2023-02-24T00:25:30.730000,7463833643,442.77,202.42,72.81,109.31,547.77,928.12,844.04,829.77
2147,2023-02-24T00:25:30.735000,7463833644,442.33,201.97,73.11,109.41,547.46,927.77,843.74,829.82
2148,2023-02-24T00:25:30.740000,7463833645,442.39,201.42,72.99,109.33,547.78,927.85,843.54,829.54
2149,2023-02-24T00:25:30.745000,7463833646,442.25,201.88,72.77,109.59,548.15,927.93,843.8,830.45
2150,2023-02-24T00:25:30.750000,7463833647,442.09,201.95,72.66,110.13,547.78,928.33,844.17,829.97
2151,2023-02-24T00:25:30.755000,7463833648,442.44,201.17,72.23,109.37,547.03,927.85,843.93,829.33
2152,2023-02-24T00:25:30.760000,7463833649,442.2,201.94,72.4,109.47,547.82,927.82,844.14,829.55
2153,2023-02-24T00:25:30.765000,7463833650,442.77,202.28,72.4,109.58,548.24,927.85,844.51,829.96
2154,2023-02-24T00:25:30.770000,7463833651,442.44,202.12,72.57,108.98,547.83,928,845.23,829.94
2155,2023-02-24T00:25:30.775000,7463833652,442.22,201.78,72.24,109.26,547.94,928.17,843.78,830.32
2156,2023-02-24T00:25:30.780000,7463833653,442.08,202.19,72.43,108.89,546.9,927.59,844.09,830.31
2157,2023-02-24T00:25:30.785000,7463833654,441.96,202.04,72.29,109.64,548.08,927.26,843.43,829.22
2158,2023-02-24T00:25:30.790000,7463833655,442.48,201.92,72.1,109.31,547.66,927.69,843.72,829.83
2159,2023-02-24T00:25:30.795000,7463833656,442.19,202.29,72.42,109.53,548.19,927.67,844.02,829.4
2160,2023-02-24T00:25:30.800000,7463833657,441.77,201.66,72.4,109.34,548.06,928.23,843.37,829.41
2161,2023-02-24T00:25:30.805000,7463833658,441.76,201.73,72.86,109.52,547.66,927.97,843.64,829.57
2162,2023-02-24T00:25:30.810000,7463833659,442.93,201.98,73.11,109.89,548.43,928.41,844.53,829.55
2163,2023-02-24T00:25:30.815000,7463833660,442.8,202.35,72.29,109.18,547.75,928.01,843.94,830.13
2164,2023-02-24T00:25:30.820000,7463833661,441.73,201.93,72.48,109.93,547.57,928,843.47,829.14
2165,2023-02-24T00:25:30.825000,7463833662,442.67,202.11,72.84,108.98,547.75,927.88,843.65,829.83
2166,2023-02-24T00:25:30.830000,7463833663,442.33,201.77,72.78,109.27,547.96,927.83,844.08,829.78
2167,2023-02-24T00:25:30.835000,7463833664,442.09,201.86,71.86,109.51,547.88,927.93,843.99,829.4
2168,2023-02-24T00:25:30.840000,7463833665,442.36,201.15,73.08,109.4,547.68,927.47,843.68,829.38
2169,2023-02-24T00:25:30.845000,7463833666,442.52,201.96,72.48,109.74,548.04,927.72,843.58,829.92
2170,2023-02-24T00:25:30.850000,7463833667,443.1,202.06,72.46,109.48,548.2,927.43,844.55,829.74
2171,2023-02-24T00:25:30.855000,7463833668,442.81,202.36,72.48,109.47,548.06,927.65,844.08,829.79
2172,2023-02-24T00:25:30.860000,7463833669,442.43,201.66,72.2,109.36,547.91,927.97,844.47,829.33
2173,2023-02-24T00:25:30.865000,7463833670,442.7,201.87,72.78,109.45,547.64,927.96,843.7,829.5
2174,2023-02-24T00:25:30.870000,7463833671,441.99,202.27,73.09,109.76,547.8,928.41,844.05,830.2
2175,2023-02-24T00:25:30.875000,7463833672,442.02,201.59,72.71,109.77,547.81,928.06,844.53,829.42
2176,2023-02-24T00:25:30.880000,7463833673,442.44,201.81,73,109.31,547.07,928.04,843.75,829.8
2177,2023-02-24T00:25:30.885000,7463833674,442,201.99,71.86,109.52,547.42,927.6,843.82,829.97
2178,2023-02-24T00:25:30.890000,7463833675,442.59,201.99,71.99,109.48,548.54,927.92,844.1,829.26
2179,2023-02-24T00:25:30.895000,7463833676,442.26,201.81,71.76,109.5,547.62,927.54,843.99,829.11
2180,2023-02-24T00:25:30.900000,7463833677,442.52,202.22,72.3,108.95,547.6,927.19,843.96,829.99
2181,2023-02-24T00:25:30.905000,7463833678,442.44,201.99,73.16,108.89,547.84,927.81,843.73,829.53
2182,2023-02-24T00:25:30.910000,7463833679,442.12,201.98,72.3,109.82,547.98,928.24,843.92,829.95
2183,2023-02-24T00:25:30.915000,7463833680,442.57,202.12,72.58,109.26,548.21,927.92,844.19,829.63
2184,2023-02-24T00:25:30.920000,7463833681,442.8,201.83,72.93,109.35,548.09,927.92,844.09,829.81
2185,2023-02-24T00:25:30.925000,7463833682,441.91,201.67,72.77,110.09,548.13,927.93,844.26,830.21
2186,2023-02-24T00:25:30.930000,7463833683,442.03,202.37,72.67,109.52,548.62,927.69,844.31,829.93
2187,2023-02-24T00:25:30.935000,7463833684,442.52,201.9,72.61,109.3,548.17,927.27,844.65,829.4
2188,2023-02-24T00:25:30.940000,7463833685,442,201.68,73.02,109.15,548.27,927.87,844.19,829.45
2189,2023-02-24T00:25:30.945000,7463833686,442.5,201.81,72.01,109.48,547.93,927.75,844.39,829.81
2190,2023-02-24T00:25:30.950000,7463833687,441.44,202.46,72.49,109.46,547.94,927.6,843.97,829.46
2191,2023-02-24T00:25:30.955000,7463833688,442.7,202.19,72.46,109.44,547.85,927.83,844.05,830.11
2192,2023-02-24T00:25:30.960000,7463833689,441.93,201.9,72.35,109.57,547.44,927.17,843.97,830.02
2193,2023-02-24T00:25:30.965000,7463833690,442.79,201.31,72.65,109.42,548.21,927.88,843.95,829.5
2194,2023-02-24T00:25:30.970000,7463833691,442.95,201.8,72.11,109.77,548.68,928.12,843.54,829.9
2195,2023-02-24T00:25:30.975000,7463833692,442.63,202,72.34,109.93,548.21,927.59,844.55,829.45
2196,2023-02-24T00:25:30.980000,7463833693,442.18,201.98,72.1,109.68,548.15,927.47,844.57,829.41
2197,2023-02-24T00:25:30.985000,7463833694,443.31,202.25,72.5,109.55,547.76,927.9,844.3,829.61
2198,2023-02-24T00:25:30.990000,7463833695,443.27,202.22,72.19,109.46,547.94,928.11,844.07,829.7
2199,2023-02-24T00:25:30.995000,7463833696,442.01,202.25,73.28,109.76,547.31,927.31,844.24,829.24
2200,2023-02-24T00:25:31,7463833697,442.14,202.14,72.31,109.44,547.75,927.31,843.87,829.72
2201,2023-02-24T00:25:31.005000,7463833698,442.25,201.66,73.36,109.65,547.73,928.19,844.26,829.89
2202,2023-02-24T00:25:31.010000,7463833699,442.74,202.07,72.88,109.47,547.99,927.91,844.51,829.85
2203,2023-02-24T00:25:31.015000,7463833700,442.5,201.78,72.58,109.52,547.85,928.12,843.36,829.7
2204,2023-02-24T00:25:31.020000,7463833701,442.8,201.64,72.21,109.45,548.28,927.59,844.12,829.6
2205,2023-02-24T00:25:31.025000,7463833702,442.77,201.71,72.12,109.7,548.24,927.26,843.87,830.11
2206,2023-02-24T00:25:31.030000,7463833703,442.4,202.23,72.43,110.23,548.49,927.74,844.27,829.53
2207,2023-02-24T00:25:31.035000,7463833704,443.03,201.49,72.89,110.21,548.16,927.97,844.56,829.77
2208,2023-02-24T00:25:31.040000,7463833705,441.95,201.87,72.35,109.23,548.06,927.08,843.71,829.55
2209,2023-02-24T00:25:31.045000,7463833706,442.22,201.58,72.03,109.22,548.11,927.6,843.99,829.43
2210,2023-02-24T00:25:31.050000,7463833707,443,202.63,72.53,109.28,548.38,928.08,844.45,829.7
2211,2023-02-24T00:25:31.055000,7463833708,442.41,201.59,72.73,109.35,547.52,927.82,844.59,829.53
2212,2023-02-24T00:25:31.060000,7463833709,442.66,201.89,72.41,109.74,547.62,927.37,843.39,829.57
2213,2023-02-24T00:25:31.065000,7463833710,442.59,202.32,72.21,109.79,548.19,928.07,844.13,829.14
2214,2023-02-24T00:25:31.070000,7463833711,443.21,201.73,72.89,110.01,548.39,928.13,844.16,829.64
2215,2023-02-24T00:25:31.075000,7463833712,442.61,201.67,72.61,109.52,548.63,928.17,844.08,829.32
2216,2023-02-24T00:25:31.080000,7463833713,442.03,201.57,72.99,109.34,548.39,927.61,844.21,829.55
2217,2023-02-24T00:25:31.085000,7463833714,442.23,201.76,72.46,109.92,548.04,928.11,844.54,829.67
2218,2023-02-24T00:25:31.090000,7463833715,442.54,202.06,72.75,110.15,547.75,928.28,844.67,829.89
2219,2023-02-24T00:25:31.095000,7463833716,442.78,202.01,72.26,109.81,548.15,926.97,844.11,829.55
2220,2023-02-24T00:25:31.100000,7463833717,441.85,201.38,72.65,110.02,547.86,928.2,844.16,829.27
2221,2023-02-24T00:25:31.105000,7463833718,442.68,201.66,72.9,110.08,548.09,927.72,844.46,829.74
2222,2023-02-24T00:25:31.110000,7463833719,442.04,201.6,72.91,109.67,548.1,927.91,844.04,829.56
2223,2023-02-24T00:25:31.115000,7463833720,442.75,201.82,73,109.08,547.37,927.5,844.38,829.42
2224,2023-02-24T00:25:31.120000,7463833721,441.83,201.84,72.54,109.79,547.35,927.49,844.05,829.62
2225,2023-02-24T00:25:31.125000,7463833722,441.96,201.78,72.29,109.44,547.56,927.78,844.08,829.78
2226,2023-02-24T00:25:31.130000,7463833723,442.23,202.33,72.84,109.3,548.1,928.16,844.23,829.26
2227,2023-02-24T00:25:31.135000,7463833724,442.41,202.19,72.82,110.04,547.52,927.86,844.36,829.97
2228,2023-02-24T00:25:31.140000,7463833725,443.02,202.14,72.29,109.48,548.09,927.25,844.3,829.64
2229,2023-02-24T00:25:31.145000,7463833726,442.02,201.95,73.15,108.74,547.85,927.53,844.29,830.18
2230,2023-02-24T00:25:31.150000,7463833727,443.03,202.01,72.71,109.63,547.52,927.96,844.52,829.58
2231,2023-02-24T00:25:31.155000,7463833728,442.15,201.97,71.94,109.59,547.66,927.82,843.95,829.51
2232,2023-02-24T00:25:31.160000,7463833729,442.35,202.29,72.61,109.61,547.58,927.51,843.43,829.33
2233,2023-02-24T00:25:31.165000,7463833730,442.42,202.46,72.69,110.28,547.53,927.48,844.35,829.16
2234,2023-02-24T00:25:31.170000,7463833731,441.88,201.59,72.71,109.4,546.96,927.77,844,829.18
2235,2023-02-24T00:25:31.175000,7463833732,442.8,202.21,72.72,109.94,547.71,928.49,843.73,829.83
2236,2023-02-24T00:25:31.180000,7463833733,443.08,201.69,73.04,109.3,547.31,928.03,843.86,830.09
2237,2023-02-24T00:25:31.185000,7463833734,442.23,202.16,72.34,110.08,548.05,927.61,843.79,829.57
2238,2023-02-24T00:25:31.190000,7463833735,443.02,201.66,72.83,109.86,547.35,927.22,844.62,828.98
2239,2023-02-24T00:25:31.195000,7463833736,441.66,201.82,72.75,109.29,547.15,927.73,844.1,828.99
2240,2023-02-24T00:25:31.200000,7463833737,442.4,201.93,72.4,109.39,547.89,927.7,843.58,829.35
2241,2023-02-24T00:25:31.205000,7463833738,442.29,201.8,71.91,109.44,548.27,927.99,844,829.76
2242,2023-02-24T00:25:31.210000,7463833739,441.71,201.79,72.88,110.02,547.84,927.92,844.48,829.73
2243,2023-02-24T00:25:31.215000,7463833740,442.77,201.83,73.03,109.57,547.46,928.17,843.74,829.22
2244,2023-02-24T00:25:31.220000,7463833741,442.14,202.03,72.41,109.47,547.46,927.96,843.68,829.85
2245,2023-02-24T00:25:31.225000,7463833742,442.89,201.97,72.43,109.68,547.84,927.78,843.58,829.28
2246,2023-02-24T00:25:31.230000,7463833743,441.92,202.2,72.43,110.21,547.72,928.36,843.71,829.6
2247,2023-02-24T00:25:31.235000,7463833744,442.07,202.15,72.6,109.36,548.31,928.01,844.27,829.36
2248,2023-02-24T00:25:31.240000,7463833745,442.64,202.13,72.63,109.39,548.33,927.77,844.26,829.37
2249,2023-02-24T00:25:31.245000,7463833746,442.64,202.07,72.69,109.8,548.03,927.39,843.98,829.53
2250,2023-02-24T00:25:31.250000,7463833747,442.36,202.13,72.74,109.68,547.95,928.39,843.83,829.92
2251,2023-02-24T00:25:31.255000,7463833748,442.34,201.52,73.28,109.66,547.34,927.79,843.55,829.47
2252,2023-02-24T00:25:31.260000,7463833749,442.1,201.6,72.41,109.62,547.62,927.63,843.3,829.13
2253,2023-02-24T00:25:31.265000,7463833750,442.33,202.21,72.61,109.15,548.08,927.89,843.9,829.17
2254,2023-02-24T00:25:31.270000,7463833751,442.32,201.5,72.96,109.16,547.59,927.79,844.07,829.28
2255,2023-02-24T00:25:31.275000,7463833752,442.05,201.73,72.96,109.87,548.62,927.21,843.91,829.07
2256,2023-02-24T00:25:31.280000,7463833753,443.32,201.78,72.4,109.08,547.47,927.84,843.63,829.63
2257,2023-02-24T00:25:31.285000,7463833754,442.43,202.44,72.55,109.47,548.02,927.49,844.34,829.67
2258,2023-02-24T00:25:31.290000,7463833755,443.03,201.89,72.65,110.32,548.25,927.61,844.42,829.7
2259,2023-02-24T00:25:31.295000,7463833756,441.56,201.36,72.58,109.19,547.84,927.58,843.46,829.41
2260,2023-02-24T00:25:31.300000,7463833757,442.79,202.34,72.39,109.43,547.88,927.43,843.7,829.65
2261,2023-02-24T00:25:31.305000,7463833758,442.31,201.82,72.74,109.87,547.66,927.74,843.88,830.17
2262,2023-02-24T00:25:31.310000,7463833759,441.9,201.94,72.37,109.61,547.91,927.64,844.16,829.63
2263,2023-02-24T00:25:31.315000,7463833760,442.3,201.39,72.28,109.75,547.96,927.59,843.56,829.6
2264,2023-02-24T00:25:31.320000,7463833761,442.1,202.04,72.48,109.29,547.55,927.8,843.71,829.52
2265,2023-02-24T00:25:31.325000,7463833762,443.39,202.2,72.61,109.68,548.02,927.79,843.61,829.85
2266,2023-02-24T00:25:31.330000,7463833763,443.27,202.29,72.35,109.57,548.1,927.56,843.95,829.66
2267,2023-02-24T00:25:31.335000,7463833764,442.12,202.48,71.91,109.15,547.56,927.72,843.63,829.8
2268,2023-02-24T00:25:31.340000,7463833765,442.26,202.28,72.61,109.86,548.01,927.95,843.58,829
2269,2023-02-24T00:25:31.345000,7463833766,442.59,201.45,71.6,108.92,547.72,927.53,844.02,829.78
2270,2023-02-24T00:25:31.350000,7463833767,441.98,201.91,72.51,109.46,547.97,927.8,843.94,829.51
2271,2023-02-24T00:25:31.355000,7463833768,441.6,201.47,72.25,109.94,547.79,927.86,843.88,829.53
2272,2023-02-24T00:25:31.360000,7463833769,442.51,202.15,72.22,109.35,547.67,927.73,844.32,830.05
2273,2023-02-24T00:25:31.365000,7463833770,442.76,201.81,72.42,109.56,547.93,927.3,843.4,829.69
2274,2023-02-24T00:25:31.370000,7463833771,442.16,201.97,72.97,109.41,548.12,928.54,844.02,829.19
2275,2023-02-24T00:25:31.375000,7463833772,442.64,202.15,72.52,109.52,547.61,927.66,843.89,829.37
2276,2023-02-24T00:25:31.380000,7463833773,441.54,202.08,72.17,108.71,547.69,927.31,843.74,829.08
2277,2023-02-24T00:25:31.385000,7463833774,441.93,201.37,73.29,109.48,547.88,927.05,843.85,829.17
2278,2023-02-24T00:25:31.390000,7463833775,442.61,202.52,73.19,109.31,548.16,928.37,844.3,829.76
2279,2023-02-24T00:25:31.395000,7463833776,442.8,201.71,73.02,109.87,547.26,927.64,843.99,829.97
2280,2023-02-24T00:25:31.400000,7463833777,441.71,201.72,71.98,109.95,547.44,927.85,843.62,829.91
2281,2023-02-24T00:25:31.405000,7463833778,442.52,201.67,72.2,109.04,547.58,928.19,843.83,829.86
2282,2023-02-24T00:25:31.410000,7463833779,443.1,202.69,71.83,109.49,547.95,927.71,844.19,830.15
2283,2023-02-24T00:25:31.415000,7463833780,442.02,202.03,72.36,109.18,547.68,927.74,844.53,829.5
2284,2023-02-24T00:25:31.420000,7463833781,442.54,202.09,72.91,108.87,547.98,927.22,844.12,829.65
2285,2023-02-24T00:25:31.425000,7463833782,441.8,202.14,72.52,109.91,547.68,927.83,844.1,829.66
2286,2023-02-24T00:25:31.430000,7463833783,442.04,202.37,72.53,109.47,548.33,927.83,843.83,829.71
2287,2023-02-24T00:25:31.435000,7463833784,442.75,202.56,73.12,109.52,548.14,928.1,844.18,829.76
2288,2023-02-24T00:25:31.440000,7463833785,442.34,201.72,72.31,109.02,547.24,927.8,843.32,830.18
2289,2023-02-24T00:25:31.445000,7463833786,442.34,202.11,72.81,109.8,547.71,927.95,844.45,830.08
2290,2023-02-24T00:25:31.450000,7463833787,442.66,201.74,72.7,109.97,548.21,927.65,844.84,829.98
2291,2023-02-24T00:25:31.455000,7463833788,442.35,201.72,72.47,109.24,547.63,928.27,844.27,829.97
2292,2023-02-24T00:25:31.460000,7463833789,442.55,201.91,72.71,108.87,547.9,927.68,844.04,829.04
2293,2023-02-24T00:25:31.465000,7463833790,442.81,201.75,72.5,109.46,547.76,927.6,844.35,829.28
2294,2023-02-24T00:25:31.470000,7463833791,442.31,201.99,72.45,109.72,548,927.73,844.05,829.49
2295,2023-02-24T00:25:31.475000,7463833792,442.77,202.34,72.2,109.02,548.33,927.72,844.36,829.7
2296,2023-02-24T00:25:31.480000,7463833793,442.15,201.49,71.96,109.19,548.09,927.57,843.65,829.36
2297,2023-02-24T00:25:31.485000,7463833794,442.37,201.68,72.26,109.55,548.24,927.91,844.33,829.93
2298,2023-02-24T00:25:31.490000,7463833795,442.28,202.27,72.82,109.71,547.73,928.61,844.19,830.39
2299,2023-02-24T00:25:31.495000,7463833796,442.58,201.83,72.83,109.75,547.87,927.94,844.51,829.83
2300,2023-02-24T00:25:31.500000,7463833797,442.41,201.93,72.84,109.39,547.96,927.49,844.23,829.5
2301,2023-02-24T00:25:31.505000,7463833798,442.93,202.04,72.97,109.89,547.98,928.3,843.94,830.16
2302,2023-02-24T00:25:31.510000,7463833799,443.69,202.2,72.42,109.34,547.79,928.13,844.69,829.77
2303,2023-02-24T00:25:31.515000,7463833800,443.15,202.23,72.51,110.01,547.83,928.17,844.37,829.72
2304,2023-02-24T00:25:31.520000,7463833801,442.22,202.01,73.1,110.12,548.07,928.02,843.78,829.73
2305,2023-02-24T00:25:31.525000,7463833802,442.86,202.02,72.35,109.18,548,927.59,843.85,829.34
2306,2023-02-24T00:25:31.530000,7463833803,442.97,202.24,72.74,109.29,547.93,928.2,844.28,829.21
2307,2023-02-24T00:25:31.535000,7463833804,442.27,201.88,72.73,109.64,548.12,927.61,844.35,829.38
2308,2023-02-24T00:25:31.540000,7463833805,442,201.43,72.15,109.73,548.2,927.81,843.77,829.52
2309,2023-02-24T00:25:31.545000,7463833806,442.05,202.02,71.94,109.74,547.96,927.65,843.53,830
2310,2023-02-24T00:25:31.550000,7463833807,442.37,202.2,72.39,109.43,548.05,928.29,844.4,829.65
2311,2023-02-24T00:25:31.555000,7463833808,441.95,202.09,72.24,109.95,547.58,927.9,844.48,829.27
2312,2023-02-24T00:25:31.560000,7463833809,441.63,201.94,72.15,109.49,548.13,927.61,843.7,829.67
2313,2023-02-24T00:25:31.565000,7463833810,441.68,201.85,72.08,109.77,547.91,927.82,843.73,829.27
2314,2023-02-24T00:25:31.570000,7463833811,442.08,202.12,72.51,109.53,548.05,927.88,844.23,829.59
2315,2023-02-24T00:25:31.575000,7463833812,442.67,202.08,72.47,109.77,548.42,928.5,844.26,829.79
2316,2023-02-24T00:25:31.580000,7463833813,441.91,202.21,72.86,109.89,548.06,927.65,843.44,829.25
2317,2023-02-24T00:25:31.585000,7463833814,441.97,202.03,72.52,109.42,547.95,927.52,843.8,829.31
2318,2023-02-24T00:25:31.590000,7463833815,442.61,201.81,72.69,109.95,548.17,927.96,844.01,829.54
2319,2023-02-24T00:25:31.595000,7463833816,442.11,202.24,72.25,109.84,547.37,928.33,844.56,830.31
2320,2023-02-24T00:25:31.600000,7463833817,441.9,201.72,72.56,109.11,547.94,928.08,843.68,829.73
2321,2023-02-24T00:25:31.605000,7463833818,442.39,201.58,72.68,109.3,548.11,927.37,843.98,829.34
2322,2023-02-24T00:25:31.610000,7463833819,442.65,202.12,72.97,109.25,547.76,928.02,843.66,830.07
2323,2023-02-24T00:25:31.615000,7463833820,441.83,202.58,72.71,109.38,547.84,928.41,844.21,829.44
2324,2023-02-24T00:25:31.620000,7463833821,442.02,202.1,72.51,109.21,548.05,927.62,843.75,829.51
2325,2023-02-24T00:25:31.625000,7463833822,442.85,202.07,72.26,109.41,547.39,927.66,844.93,829.47
2326,2023-02-24T00:25:31.630000,7463833823,442.25,202.52,72.84,109.81,547.58,927.65,844.47,830.03
2327,2023-02-24T00:25:31.635000,7463833824,441.75,201.88,72.66,109.48,548.04,928.15,843.95,829.53
2328,2023-02-24T00:25:31.640000,7463833825,441.98,201.8,72.21,109.51,547.86,927.8,844.18,829.11
2329,2023-02-24T00:25:31.645000,7463833826,442.69,201.75,72.65,109.9,548.49,928.01,844.43,829.4
2330,2023-02-24T00:25:31.650000,7463833827,442.15,202.06,72.02,109.55,547.72,927.96,844.13,829.98
2331,2023-02-24T00:25:31.655000,7463833828,442.09,201.53,72.49,109.01,547.59,928.06,843.4,829.43
2332,2023-02-24T00:25:31.660000,7463833829,441.72,201.52,72.88,109.15,548.05,927.54,843.68,829.86
2333,2023-02-24T00:25:31.665000,7463833830,442.57,201.52,72.29,109.63,547.88,928.44,844.57,830.25
2334,2023-02-24T00:25:31.670000,7463833831,442.57,202.15,72.03,109.44,547.82,927.67,844.3,830.14
2335,2023-02-24T00:25:31.675000,7463833832,442.85,201.55,72.26,110.03,547.81,927.87,844.09,829.64
2336,2023-02-24T00:25:31.680000,7463833833,442.19,201.82,72.14,109.27,548.45,927.87,844.11,829.66
2337,2023-02-24T00:25:31.685000,7463833834,441.66,202.27,72.11,109.43,548.23,927.62,844.42,829.6
2338,2023-02-24T00:25:31.690000,7463833835,442.15,201.97,72.57,109.57,547.77,928.08,844.14,829.59
2339,2023-02-24T00:25:31.695000,7463833836,442.06,202.44,72.72,109.51,547.92,927.94,844.34,829.68
2340,2023-02-24T00:25:31.700000,7463833837,442.61,201.87,72.32,109.54,548.52,927.9,844.25,829.97
2341,2023-02-24T00:25:31.705000,7463833838,442.7,202.37,72.45,109.78,548.06,928.06,843.93,829.88
2342,2023-02-24T00:25:31.710000,7463833839,442.8,202.48,73.3,109.34,547.71,928.62,844.46,829.98
2343,2023-02-24T00:25:31.715000,7463833840,442.52,202.11,72.88,109.62,548.28,927.61,844.57,829.95
2344,2023-02-24T00:25:31.720000,7463833841,442.9,201.89,72.74,109.22,547.86,927.52,844.01,829.89
2345,2023-02-24T00:25:31.725000,7463833842,442.29,201.69,71.99,109.33,547.62,927.55,844.29,830.25
2346,2023-02-24T00:25:31.730000,7463833843,441.77,202.08,72.86,109.54,548.32,928.11,844.6,830.19
2347,2023-02-24T00:25:31.735000,7463833844,442.33,202.05,73.1,109.59,548.37,927.99,844.23,829.42
2348,2023-02-24T00:25:31.740000,7463833845,442.09,201.98,73.19,109.86,547.84,928.19,843.76,829.64
2349,2023-02-24T00:25:31.745000,7463833846,441.87,202.18,72.23,109.7,547.72,927.95,843.92,829.69
2350,2023-02-24T00:25:31.750000,7463833847,442.37,202.25,72.15,109.94,548.44,927.77,843.91,830.36
2351,2023-02-24T00:25:31.755000,7463833848,442.17,202.05,72.09,109.88,548.06,927.98,843.74,829.81
2352,2023-02-24T00:25:31.760000,7463833849,442.53,201.84,72.81,109.57,547.97,927.3,843.95,829.6
2353,2023-02-24T00:25:31.765000,7463833850,441.93,202.12,72.58,109.67,547.77,927.8,844.65,829.6
2354,2023-02-24T00:25:31.770000,7463833851,442.56,202.34,72.54,109.85,547.95,928.72,844.23,829.41
2355,2023-02-24T00:25:31.775000,7463833852,441.73,201.98,72.62,109.8,547.93,928.15,844.41,829.9
2356,2023-02-24T00:25:31.780000,7463833853,442.84,201.35,72.39,108.98,547.63,927.68,843.47,829.71
2357,2023-02-24T00:25:31.785000,7463833854,442.1,201.52,72.2,109.85,548.14,927.88,844.13,829.71
2358,2023-02-24T00:25:31.790000,7463833855,441.99,202.13,72.41,109.89,548.17,927.76,844.56,829.07
2359,2023-02-24T00:25:31.795000,7463833856,442.33,201.79,72.44,109.41,548.28,927.72,844.52,829.56
2360,2023-02-24T00:25:31.800000,7463833857,442.82,202.06,72.8,109.3,548.05,927.58,843.73,829.78
2361,2023-02-24T00:25:31.805000,7463833858,442.39,201.69,72.05,109.74,547.44,927.95,844.49,829.83
2362,2023-02-24T00:25:31.810000,7463833859,442.42,201.39,72.44,109.99,547.71,927.81,844.43,829.67
2363,2023-02-24T00:25:31.815000,7463833860,442.26,201.84,73.34,109.84,548.17,927.72,844.42,830.3
2364,2023-02-24T00:25:31.820000,7463833861,442.35,202.21,72.8,109.1,548.15,927.66,843.83,829.4
2365,2023-02-24T00:25:31.825000,7463833862,442.49,201.68,72.71,109.29,548.14,927.65,844.16,829.7
2366,2023-02-24T00:25:31.830000,7463833863,442.22,201.45,72.7,109.48,548,927.61,844.52,829.8
2367,2023-02-24T00:25:31.835000,7463833864,441.97,201.96,72.41,110,548.25,927.93,843.67,829.46
2368,2023-02-24T00:25:31.840000,7463833865,442.5,202.27,72.24,109.61,547.57,927.52,843.71,830.24
2369,2023-02-24T00:25:31.845000,7463833866,442.13,202.05,71.96,109.44,548.33,927.87,843.68,829.85
2370,2023-02-24T00:25:31.850000,7463833867,442.58,202.48,72.46,110.15,547.59,927.67,844.21,829.77
2371,2023-02-24T00:25:31.855000,7463833868,442.24,201.85,72.3,109.4,547.69,927.7,844.25,829.53
2372,2023-02-24T00:25:31.860000,7463833869,442.53,201.67,72.22,109.29,548.28,927.94,843.89,829.32
2373,2023-02-24T00:25:31.865000,7463833870,441.95,202.25,72.29,108.69,548.39,927.46,843.98,829.6
2374,2023-02-24T00:25:31.870000,7463833871,442.05,201.86,72.63,109.54,547.96,927.98,843.87,829.47
2375,2023-02-24T00:25:31.875000,7463833872,442.65,202.15,72.65,109.5,548.68,928.03,844.28,830.04
2376,2023-02-24T00:25:31.880000,7463833873,442.46,201.81,72.55,110.08,548.21,927.7,844.25,829.64
2377,2023-02-24T00:25:31.885000,7463833874,442.8,201.87,72.5,110,547.54,927.67,843.98,829.67
2378,2023-02-24T00:25:31.890000,7463833875,442.27,201.5,71.93,109.58,548.55,927.5,844.05,829.85
2379,2023-02-24T00:25:31.895000,7463833876,442.22,201.32,73.15,109.4,547.95,927.36,844.2,829.86
2380,2023-02-24T00:25:31.900000,7463833877,442.23,201.79,72.65,109.89,547.29,927.53,844.23,829.98
2381,2023-02-24T00:25:31.905000,7463833878,442.52,201.94,72.89,109.45,547.47,928.38,844.13,829.54
2382,2023-02-24T00:25:31.910000,7463833879,442.68,202.12,72.03,109.7,548.37,928.63,844.1,829.55
2383,2023-02-24T00:25:31.915000,7463833880,442.91,202.4,72.16,109.85,548.16,928.1,844.39,829.89
2384,2023-02-24T00:25:31.920000,7463833881,442.09,202.35,72.71,109.62,548.17,928.01,843.63,830.26
2385,2023-02-24T00:25:31.925000,7463833882,442.59,202.17,73.05,109.78,548.16,928.25,843.51,829.9
2386,2023-02-24T00:25:31.930000,7463833883,442.51,201.58,72.28,109.72,548.24,928.18,843.97,829.9
2387,2023-02-24T00:25:31.935000,7463833884,443.16,202.28,72.43,109.52,547.71,928.02,843.87,829.69
2388,2023-02-24T00:25:31.940000,7463833885,442.57,202.41,72.01,109.11,548.16,927.65,843.48,829.44
2389,2023-02-24T00:25:31.945000,7463833886,443.06,202.28,72.84,109.38,547.88,927.21,844.08,829.63
2390,2023-02-24T00:25:31.950000,7463833887,442.14,201.95,72.48,109.57,548.08,927.77,844.21,829.5
2391,2023-02-24T00:25:31.955000,7463833888,442.97,201.74,72.45,109.81,548.21,927.99,844.34,829.78
2392,2023-02-24T00:25:31.960000,7463833889,441.8,201.53,72.21,109.62,547.96,927.75,843.88,829.82
2393,2023-02-24T00:25:31.965000,7463833890,442.17,201.7,72.55,109.62,548.18,928.21,844.26,829.6
2394,2023-02-24T00:25:31.970000,7463833891,442.13,201.86,72.18,109.75,547.99,927.75,843.87,829.58
2395,2023-02-24T00:25:31.975000,7463833892,442.83,201.45,71.94,109.52,547.57,927.47,843.72,829.9
2396,2023-02-24T00:25:31.980000,7463833893,442.56,202.52,72.52,109.03,548.11,927.69,843.86,829.03
2397,2023-02-24T00:25:31.985000,7463833894,442.75,202.36,72.89,109.38,547.87,927.93,844.24,830.15
2398,2023-02-24T00:25:31.990000,7463833895,442.37,202.43,72.44,109.62,548.18,928.11,844.08,829.69
2399,2023-02-24T00:25:31.995000,7463833896,442.75,202.01,72.55,110.18,548.5,927.89,844.64,830.29
2400,2023-02-24T00:25:32,7463833897,442.09,202.07,72.2,109.82,547.55,927.42,843.82,829.58
2401,2023-02-24T00:25:32.005000,7463833898,442.3,202.57,72.77,109.51,547.44,928.23,843.83,829.85
2402,2023-02-24T00:25:32.010000,7463833899,442.39,202.31,72.53,109.46,548.48,927.96,844.29,829.7
2403,2023-02-24T00:25:32.015000,7463833900,442.83,201.57,72,109.83,547.7,928.05,844.17,829.9
2404,2023-02-24T00:25:32.020000,7463833901,442.01,201.52,72.31,109.22,547.68,927.67,843.61,829.42
2405,2023-02-24T00:25:32.025000,7463833902,441.87,201.99,72.48,109.35,547.5,927.8,843.73,829.56
2406,2023-02-24T00:25:32.030000,7463833903,442.06,201.68,72.54,109.39,548.1,927.65,844.54,829.76
2407,2023-02-24T00:25:32.035000,7463833904,442.34,201.84,72.72,109.94,547.08,928.14,843.85,829.57
2408,2023-02-24T00:25:32.040000,7463833905,442,202.49,72.88,109.73,547.66,927.05,843.65,829.19
2409,2023-02-24T00:25:32.045000,7463833906,442.12,201.93,72.24,109.58,547.96,928.15,844.03,829.74
2410,2023-02-24T00:25:32.050000,7463833907,442.07,202.24,72.51,109.71,547.65,927.96,843.7,829.62
2411,2023-02-24T00:25:32.055000,7463833908,442.76,201.65,72.32,110.07,548.28,927.95,844.13,829.35
2412,2023-02-24T00:25:32.060000,7463833909,442.67,201.06,71.96,109.49,548.1,928.01,843.63,829.47
2413,2023-02-24T00:25:32.065000,7463833910,442.85,202.04,72.8,109.7,547.71,927.66,844.11,829.57
2414,2023-02-24T00:25:32.070000,7463833911,441.79,201.92,72.54,109.86,548.19,928.15,844.05,829.98
2415,2023-02-24T00:25:32.075000,7463833912,441.98,201.95,72.77,109.08,547.84,928.17,844.12,829.96
2416,2023-02-24T00:25:32.080000,7463833913,442.39,201.76,72.01,109.37,547.69,927.9,843.63,829.75
2417,2023-02-24T00:25:32.085000,7463833914,441.46,201.84,72.46,109.3,547.93,927.99,843.62,829.94
2418,2023-02-24T00:25:32.090000,7463833915,442.46,202.59,72.59,109.05,547.85,927.87,844.55,829.92
2419,2023-02-24T00:25:32.095000,7463833916,442.3,201.99,71.96,109.51,547.5,927.74,843.95,829.17
2420,2023-02-24T00:25:32.100000,7463833917,442.21,201.66,71.64,109.1,547.79,927.4,843.91,829.13
2421,2023-02-24T00:25:32.105000,7463833918,443.03,201.68,72.35,109.93,548.04,927.41,843.95,829.69
2422,2023-02-24T00:25:32.110000,7463833919,442.15,202.34,72.4,109.62,548.31,927.68,844.35,829.81
2423,2023-02-24T00:25:32.115000,7463833920,441.81,201.79,72.19,109.91,547.87,926.97,844.02,829.62
2424,2023-02-24T00:25:32.120000,7463833921,442.62,201.84,72.53,109.52,548.33,928.21,843.07,829.78
2425,2023-02-24T00:25:32.125000,7463833922,442.37,201.8,72.77,109.79,547.71,928.25,844.55,829.65
2426,2023-02-24T00:25:32.130000,7463833923,442.49,202.03,72.41,109.59,547.72,928.04,844.11,830.02
2427,2023-02-24T00:25:32.135000,7463833924,442.68,201.96,73.01,109.85,548.27,927.45,843.48,829.83
2428,2023-02-24T00:25:32.140000,7463833925,442.25,202.01,72.5,109.38,547.94,927.75,843.91,829.73
2429,2023-02-24T00:25:32.145000,7463833926,442.34,201.71,72.9,109.52,547.74,927.27,843.86,829.79
2430,2023-02-24T00:25:32.150000,7463833927,441.94,201.78,72.85,109.37,547.86,927.64,844.34,829.61
2431,2023-02-24T00:25:32.155000,7463833928,442.18,201.83,72.32,109.63,547.99,927.36,843.82,829.24
2432,2023-02-24T00:25:32.160000,7463833929,442.66,201.54,72.82,109.49,547.88,927.27,843.75,829.14
2433,2023-02-24T00:25:32.165000,7463833930,442.65,201.94,72.12,109.64,547.68,928.02,844.42,829.56
2434,2023-02-24T00:25:32.170000,7463833931,442.83,202.15,72.16,109.58,548.11,927.83,843.93,830.33
2435,2023-02-24T00:25:32.175000,7463833932,441.84,202.63,72.86,109.17,547.73,927.35,844.39,829.56
2436,2023-02-24T00:25:32.180000,7463833933,442.21,202.07,72.46,109.18,547.5,927.22,843.74,829.97
2437,2023-02-24T00:25:32.185000,7463833934,442.1,202.38,73.2,109.41,547.67,927.55,843.46,829.2
2438,2023-02-24T00:25:32.190000,7463833935,442.45,202.14,72.54,109.7,547.28,927.27,844.7,829.63
2439,2023-02-24T00:25:32.195000,7463833936,441.89,202.08,72.5,109.78,547.52,927.16,843.33,829.47
2440,2023-02-24T00:25:32.200000,7463833937,441.73,202.14,73.04,109.6,547.77,926.92,843.49,829.6
2441,2023-02-24T00:25:32.205000,7463833938,441.75,201.82,72.13,109.15,547.37,927.92,844.07,829.01
2442,2023-02-24T00:25:32.210000,7463833939,442.66,202.31,72.28,109.27,547.96,927.85,844.23,829.85
2443,2023-02-24T00:25:32.215000,7463833940,442.57,201.72,72.04,109.17,547.8,927.75,843.91,829.26
2444,2023-02-24T00:25:32.220000,7463833941,442.4,201.82,72.06,109.3,547.21,927.6,843.37,829.43
2445,2023-02-24T00:25:32.225000,7463833942,443.14,201.63,73.11,109.44,547.8,927.51,844.17,829.74
2446,2023-02-24T00:25:32.230000,7463833943,442.34,202.24,72.49,109.91,547.84,928.11,843.97,829.28
2447,2023-02-24T00:25:32.235000,7463833944,443.06,202.08,72.78,109.39,548.47,927.31,843.68,829.23
2448,2023-02-24T00:25:32.240000,7463833945,441.84,201.67,72.34,109.29,547.41,927.35,843.36,829.49
2449,2023-02-24T00:25:32.245000,7463833946,442.58,201.33,72.53,109.33,547.38,927.67,843.87,829.76
2450,2023-02-24T00:25:32.250000,7463833947,442.74,202.17,72.54,109.7,548.29,927.97,844.32,829.84
2451,2023-02-24T00:25:32.255000,7463833948,442.32,201.47,72.47,109.59,547.95,927.47,844.11,829.57
2452,2023-02-24T00:25:32.260000,7463833949,442.37,202.28,71.9,109.12,547.89,927.79,844.13,829.24
2453,2023-02-24T00:25:32.265000,7463833950,442.9,202.08,72.44,109.86,548.18,927.42,843.9,829.89
2454,2023-02-24T00:25:32.270000,7463833951,443,201.77,72.94,109.1,547.94,927.88,844.01,829.03
2455,2023-02-24T00:25:32.275000,7463833952,442.17,202.05,72.35,108.98,547.78,927.64,844.25,829.49
2456,2023-02-24T00:25:32.280000,7463833953,442.14,202.27,72.83,109.53,547.63,928.07,844.05,829.63
2457,2023-02-24T00:25:32.285000,7463833954,441.95,202.46,72.86,109.6,547.84,927.87,844.02,829.56
2458,2023-02-24T00:25:32.290000,7463833955,442.22,201.72,72.62,110,548.09,927.6,843.69,829.39
2459,2023-02-24T00:25:32.295000,7463833956,442.32,201.62,72.84,109.7,548.17,927.99,843.82,829.89
2460,2023-02-24T00:25:32.300000,7463833957,442.15,201.73,72.57,109.38,547.62,927.55,843.67,829.4
2461,2023-02-24T00:25:32.305000,7463833958,442.1,202.23,72.64,109.69,547.71,927.27,843.72,829.33
2462,2023-02-24T00:25:32.310000,7463833959,442.1,202.01,71.94,109.66,547.47,927.55,844.02,830.02
2463,2023-02-24T00:25:32.315000,7463833960,442.09,202.36,72.34,109.29,547.89,927.75,844.35,829.81
2464,2023-02-24T00:25:32.320000,7463833961,441.63,202.08,72.55,109.69,547.84,927.4,844.61,829.21
2465,2023-02-24T00:25:32.325000,7463833962,442.36,202.03,72.63,109.77,547.59,927.4,844.35,829.79
2466,2023-02-24T00:25:32.330000,7463833963,442.08,202.27,72.96,109.58,547.95,928.48,844.48,829.6
2467,2023-02-24T00:25:32.335000,7463833964,442.47,202.18,72.03,109.31,547.68,927.47,844.75,828.88
2468,2023-02-24T00:25:32.340000,7463833965,442.41,201.96,72.27,109.82,548.08,927.18,843.93,829.7
2469,2023-02-24T00:25:32.345000,7463833966,441.65,202.12,72.26,109.98,547.51,927.78,843.97,830.13
2470,2023-02-24T00:25:32.350000,7463833967,441.97,202.06,72.72,109.91,548.24,927.79,843.87,829.9
2471,2023-02-24T00:25:32.355000,7463833968,441.92,201.77,72.79,109.99,547.83,927.94,844.26,830.05
2472,2023-02-24T00:25:32.360000,7463833969,441.94,201.97,72.34,109.39,548.04,927.9,844.28,829.26
2473,2023-02-24T00:25:32.365000,7463833970,442.55,201.96,72.94,110.09,547.69,927.83,844.6,829.55
2474,2023-02-24T00:25:32.370000,7463833971,442.26,202.14,72.51,110.1,547.78,927.87,844.43,829.74
2475,2023-02-24T00:25:32.375000,7463833972,441.78,201.86,72.5,109.72,548.19,927.87,844.08,830.08
2476,2023-02-24T00:25:32.380000,7463833973,441.96,201.81,72.79,109.85,548.14,927.37,844.18,829.42
2477,2023-02-24T00:25:32.385000,7463833974,442.25,201.91,72.5,109.58,548.31,927.94,844.42,829.89
2478,2023-02-24T00:25:32.390000,7463833975,442.76,201.89,72.89,109.14,547.93,928.11,844.52,829.63
2479,2023-02-24T00:25:32.395000,7463833976,442.36,202.12,72.45,109.6,547.29,927.61,844.08,829.81
2480,2023-02-24T00:25:32.400000,7463833977,442.57,201.85,72.38,109.46,547.76,927.67,844.03,829.93
2481,2023-02-24T00:25:32.405000,7463833978,441.66,201.66,72.37,109.5,547.67,927.35,843.67,829.84
2482,2023-02-24T00:25:32.410000,7463833979,442.34,202.06,72.47,109.93,547.96,928.24,844.5,830.2
2483,2023-02-24T00:25:32.415000,7463833980,442.27,201.95,72.19,109.82,547.82,927.35,844.53,829.81
2484,2023-02-24T00:25:32.420000,7463833981,441.93,202.25,72.49,109.37,548.19,927.76,844,829.71
2485,2023-02-24T00:25:32.425000,7463833982,442.37,201.72,72.39,109.87,547.49,928.02,843.76,829.63
2486,2023-02-24T00:25:32.430000,7463833983,442.67,202.45,72.46,110.15,548.18,927.9,844.07,830.37
2487,2023-02-24T00:25:32.435000,7463833984,442.76,201.81,72.44,108.87,547.35,927.62,843.66,829.62
2488,2023-02-24T00:25:32.440000,7463833985,441.84,202.09,72.5,109.63,547.87,927.99,843.82,829.79
2489,2023-02-24T00:25:32.445000,7463833986,442.62,202.02,72.2,109.71,547.65,928,844.38,829.28
2490,2023-02-24T00:25:32.450000,7463833987,442.22,201.73,72.71,110.05,547.98,928.04,844.41,829.83
2491,2023-02-24T00:25:32.455000,7463833988,442.41,201.7,72.26,109.96,548.1,928.02,843.78,829.64
2492,2023-02-24T00:25:32.460000,7463833989,441.61,201.62,72.66,109.8,548.23,927.59,844.58,829.56
2493,2023-02-24T00:25:32.465000,7463833990,442.89,201.79,72.36,109.66,547.87,927.13,843.96,829.89
2494,2023-02-24T00:25:32.470000,7463833991,443,201.9,72.53,110.1,547.79,927.81,844.13,829.65
2495,2023-02-24T00:25:32.475000,7463833992,442.56,201.78,72.47,109.74,548.41,927.91,843.92,830
2496,2023-02-24T00:25:32.480000,7463833993,442.04,202.29,71.72,109.7,548.26,927.58,844.08,829.2
2497,2023-02-24T00:25:32.485000,7463833994,442.09,202.47,72.82,109.09,548.1,927.68,844.14,829.5
2498,2023-02-24T00:25:32.490000,7463833995,442.13,202.79,72.11,109.67,548.65,928.26,844.7,829.74
2499,2023-02-24T00:25:32.495000,7463833996,442.19,201.51,72.03,109.31,547.59,927.01,843.69,829.76
2500,2023-02-24T00:25:32.500000,7463833997,441.77,201.64,72.57,109.22,547.76,927.9,843.78,829.92
2501,2023-02-24T00:25:32.505000,7463833998,442.83,202.03,72.02,109.76,547.98,928.08,844.02,829.13
2502,2023-02-24T00:25:32.510000,7463833999,442.3,201.93,72.99,109.83,548.4,927.97,844.56,829.68
2503,2023-02-24T00:25:32.515000,7463834000,442.03,201.49,72.75,110.08,547.8,927.74,844.1,829.67
2504,2023-02-24T00:25:32.520000,7463834001,442.26,201.95,72.61,109.52,548.1,927.18,844.17,830.05
2505,2023-02-24T00:25:32.525000,7463834002,442.74,201.85,72.43,109.64,548.08,927.95,844.07,830.36
2506,2023-02-24T00:25:32.530000,7463834003,442.27,201.81,72.31,110.05,547.85,927.66,844.48,829.91
2507,2023-02-24T00:25:32.535000,7463834004,442.09,201.81,72.54,109.73,547.42,927.63,844.26,829.31
2508,2023-02-24T00:25:32.540000,7463834005,442.13,201.66,72.32,109.4,547.87,927.65,844.5,829.53
2509,2023-02-24T00:25:32.545000,7463834006,441.95,202.01,72.34,109.37,547.47,927.45,844.2,829.63
2510,2023-02-24T00:25:32.550000,7463834007,442.39,202.11,72.99,110.23,548.35,927.5,844.53,830.18
2511,2023-02-24T00:25:32.555000,7463834008,441.81,201.93,72.83,109.75,547.83,927.51,844.16,830.23
2512,2023-02-24T00:25:32.560000,7463834009,441.99,201.91,72.69,109.84,547.59,927.45,843.74,829.41
2513,2023-02-24T00:25:32.565000,7463834010,442.27,201.96,72.25,109.42,547.69,926.96,843.1,829.57
2514,2023-02-24T00:25:32.570000,7463834011,442.43,202.05,72.35,109.64,547.82,928.2,844.06,829.62
2515,2023-02-24T00:25:32.575000,7463834012,442.17,202.05,73.11,109.47,547.68,927.9,843.75,829.61
2516,2023-02-24T00:25:32.580000,7463834013,442.12,202.04,73.27,109.41,548.19,927.38,843.88,829.65
2517,2023-02-24T00:25:32.585000,7463834014,442.63,201.64,72.53,109.44,547.61,928.02,844.2,829.68
2518,2023-02-24T00:25:32.590000,7463834015,443.09,202.02,72.69,109.67,548.3,928.55,844.23,829.73
2519,2023-02-24T00:25:32.595000,7463834016,442.4,201.63,72.32,110.16,547.81,928.43,844.1,829.78
2520,2023-02-24T00:25:32.600000,7463834017,441.96,201.94,72.45,109.65,547.69,927.82,844.23,830.08
2521,2023-02-24T00:25:32.605000,7463834018,441.51,202.13,72.29,109.39,547.29,928.14,844.54,830.22
2522,2023-02-24T00:25:32.610000,7463834019,442.54,201.62,72.43,110.06,547.56,928.05,844.18,830.05
2523,2023-02-24T00:25:32.615000,7463834020,442.53,201.6,71.83,109.67,547.71,927.62,844.03,829.38
2524,2023-02-24T00:25:32.620000,7463834021,442.76,201.94,72.37,109.67,547.62,927.46,843.65,829.61
2525,2023-02-24T00:25:32.625000,7463834022,442.67,202.61,72.12,109.62,548.46,928.04,843.88,830.03
2526,2023-02-24T00:25:32.630000,7463834023,442.32,202.35,72.54,109.75,547.96,927.76,844.43,829.73
2527,2023-02-24T00:25:32.635000,7463834024,441.86,202.27,72.61,110,547.95,927.86,843.84,829.45
2528,2023-02-24T00:25:32.640000,7463834025,441.9,201.93,71.82,109.55,547.9,927.68,843.96,829.71
2529,2023-02-24T00:25:32.645000,7463834026,442.6,202.53,72.46,109.13,548.26,927.63,845.02,829.83
2530,2023-02-24T00:25:32.650000,7463834027,442.3,201.9,72.27,109.87,547.86,927.6,844.35,829.85
2531,2023-02-24T00:25:32.655000,7463834028,442.31,201.76,72.48,109.45,547.93,928.22,843.98,830.26
2532,2023-02-24T00:25:32.660000,7463834029,442.29,202.07,72.36,109.97,547.6,928.03,844.03,829.93
2533,2023-02-24T00:25:32.665000,7463834030,441.74,201.24,71.89,108.93,547.86,927.83,843.36,829.51
2534,2023-02-24T00:25:32.670000,7463834031,442.82,201.64,72.95,109.39,548.26,927.51,844.78,830.29
2535,2023-02-24T00:25:32.675000,7463834032,442.62,202.79,72.28,109.54,548.85,928.34,844.34,829.65
2536,2023-02-24T00:25:32.680000,7463834033,441.67,201.93,72.63,109.51,547.99,927.69,843.73,829.78
2537,2023-02-24T00:25:32.685000,7463834034,442.05,201.96,72.22,109.67,547.23,927.09,843.87,830.13
2538,2023-02-24T00:25:32.690000,7463834035,442.87,202.32,72.31,109.83,547.73,927.94,844.39,830.12
2539,2023-02-24T00:25:32.695000,7463834036,442.58,201.79,72.46,109.87,547.9,928.4,844.27,829.72
2540,2023-02-24T00:25:32.700000,7463834037,442.17,201.66,72.87,109.19,547.77,928.23,843.93,829.96
2541,2023-02-24T00:25:32.705000,7463834038,441.66,201.89,72.93,109.22,547.85,928.49,844.52,829.97
2542,2023-02-24T00:25:32.710000,7463834039,442.12,202.29,72.9,109.64,547.73,928.56,844.29,830.03
2543,2023-02-24T00:25:32.715000,7463834040,442.32,202.06,72.36,109.27,548.33,928.06,844.35,829.66
2544,2023-02-24T00:25:32.720000,7463834041,442.23,201.36,72.86,109.13,547.63,927.95,844.57,830
2545,2023-02-24T00:25:32.725000,7463834042,442.34,202.08,72.46,109.42,548.03,927.27,844.26,829.49
2546,2023-02-24T00:25:32.730000,7463834043,442.15,202.09,72.36,109.6,548.6,928.65,844.53,829.73
2547,2023-02-24T00:25:32.735000,7463834044,442.49,201.81,71.97,109.31,548.34,927.85,844.32,829.44
2548,2023-02-24T00:25:32.740000,7463834045,441.69,201.77,73.01,109.33,547.41,927.2,843.92,829.15
2549,2023-02-24T00:25:32.745000,7463834046,442.4,202.05,72.22,109.45,548.1,927.12,844.39,829.9
2550,2023-02-24T00:25:32.750000,7463834047,442.48,201.89,72.71,110.11,548.1,928.31,844.82,830.34
2551,2023-02-24T00:25:32.755000,7463834048,442.06,201.9,73.02,109.87,548.19,927.54,844.03,829.96
2552,2023-02-24T00:25:32.760000,7463834049,442.64,202.06,72.09,109.62,547.02,926.91,843.97,829.47
2553,2023-02-24T00:25:32.765000,7463834050,442.31,202.11,72.75,109.66,547.75,927.74,844.19,829.62
2554,2023-02-24T00:25:32.770000,7463834051,442.82,202.18,72.57,109.36,548.4,927.98,844.59,829.41
2555,2023-02-24T00:25:32.775000,7463834052,442.24,202.34,72.95,108.91,547.81,927.55,843.78,829.61
2556,2023-02-24T00:25:32.780000,7463834053,442.64,202.32,72.35,109.02,546.99,927.88,844.06,829.52
2557,2023-02-24T00:25:32.785000,7463834054,442.08,201.94,72,109.15,548.06,927.85,844.36,829.98
2558,2023-02-24T00:25:32.790000,7463834055,442.96,201.82,72.89,109.28,548.03,928,844.75,830.33
2559,2023-02-24T00:25:32.795000,7463834056,442.49,202.02,72.3,109.17,548.15,928.18,844.28,830.1
2560,2023-02-24T00:25:32.800000,7463834057,442.45,201.79,72.58,109.49,547.69,928.01,844.39,829.82
2561,2023-02-24T00:25:32.805000,7463834058,442.39,201.8,72.68,109.69,548.26,928.13,844.5,829.77
2562,2023-02-24T00:25:32.810000,7463834059,442.01,201.26,72.35,109.15,547.7,928.21,844.07,829.78
2563,2023-02-24T00:25:32.815000,7463834060,442.33,202.23,72.08,109.34,547.8,928.21,844.2,829.72
2564,2023-02-24T00:25:32.820000,7463834061,442.26,202.63,71.89,109.24,547.84,927.6,843.75,829.57
2565,2023-02-24T00:25:32.825000,7463834062,441.95,201.75,72.22,109.07,548.1,927.32,844.13,830.14
2566,2023-02-24T00:25:32.830000,7463834063,442.19,201.8,72.64,109.64,548.07,928.03,844.19,830.14
2567,2023-02-24T00:25:32.835000,7463834064,442.38,201.89,72.87,109.36,547.96,928.08,843.68,829.8
2568,2023-02-24T00:25:32.840000,7463834065,442.07,202.31,72.34,109.55,547.63,927.21,844.37,830.49
2569,2023-02-24T00:25:32.845000,7463834066,442.02,201.9,72.08,109.7,547.85,927.36,844.36,829.78
2570,2023-02-24T00:25:32.850000,7463834067,442.79,201.65,73.14,109.83,547.75,927.93,844.12,829.9
2571,2023-02-24T00:25:32.855000,7463834068,442.35,202.04,72.65,109.55,547.48,927.19,843.79,829.41
2572,2023-02-24T00:25:32.860000,7463834069,442.89,201.72,71.97,109.45,547.73,927.67,843.93,830.07
2573,2023-02-24T00:25:32.865000,7463834070,442.39,201.57,72.57,109.16,548.24,927.64,843.25,830.03
2574,2023-02-24T00:25:32.870000,7463834071,442.77,202.28,72.81,109.37,548.38,928,844.62,829.71
2575,2023-02-24T00:25:32.875000,7463834072,442.87,202.39,72.66,109.47,548.02,928.29,843.72,829.48
2576,2023-02-24T00:25:32.880000,7463834073,442.57,202.42,72.12,109.55,547.65,927.1,843.54,829.62
2577,2023-02-24T00:25:32.885000,7463834074,442.4,201.82,72.35,109.53,548,927.28,843.96,829.88
2578,2023-02-24T00:25:32.890000,7463834075,442.19,201.54,72.07,109.49,548.32,927.33,844.35,830.02
2579,2023-02-24T00:25:32.895000,7463834076,443,202.03,72.3,110.01,547.82,927.81,844.68,829.85
2580,2023-02-24T00:25:32.900000,7463834077,441.96,202.13,72.7,109.74,547.61,927.58,844.22,829.44
2581,2023-02-24T00:25:32.905000,7463834078,443.05,201.59,72.97,109.73,548.03,928.2,844.69,829.84
2582,2023-02-24T00:25:32.910000,7463834079,443.13,202.39,73.03,109.7,548.08,928.03,844.68,829.48
2583,2023-02-24T00:25:32.915000,7463834080,442.4,202.22,72.61,109.19,547.82,927.47,843.97,829.52
2584,2023-02-24T00:25:32.920000,7463834081,442.34,201.6,71.9,109.67,548.2,927.21,843.98,829.6
2585,2023-02-24T00:25:32.925000,7463834082,442.78,202.16,72.8,109.83,547.57,927.63,844.01,829.72
2586,2023-02-24T00:25:32.930000,7463834083,442.47,202.42,72.94,109.78,548.1,928.33,843.87,829.57
2587,2023-02-24T00:25:32.935000,7463834084,442.17,202.15,72.72,109.95,547.43,927.53,844.23,829.46
2588,2023-02-24T00:25:32.940000,7463834085,442.07,201.62,72.47,109.53,547.76,928.05,844.07,829.59
2589,2023-02-24T00:25:32.945000,7463834086,442.01,201.8,72.7,109.61,548.13,928.16,844.17,830.05
2590,2023-02-24T00:25:32.950000,7463834087,442.43,201.76,72.53,109.7,548.11,928.03,844.28,829.92
2591,2023-02-24T00:25:32.955000,7463834088,443.02,201.79,72.56,109.24,547.55,927.75,843.99,829.77
2592,2023-02-24T00:25:32.960000,7463834089,441.74,201.61,72.08,109.79,547.66,927.92,843.73,829.68
2593,2023-02-24T00:25:32.965000,7463834090,442.47,202.22,72.19,109.08,547.41,927.87,844.3,829.54
2594,2023-02-24T00:25:32.970000,7463834091,442.67,202,72.45,109.34,547.75,927.79,843.65,829.85
2595,2023-02-24T00:25:32.975000,7463834092,441.86,202.11,72.81,109.48,547.65,927.65,843.54,829.95
2596,2023-02-24T00:25:32.980000,7463834093,442.54,201.78,72.05,109.37,547.39,927.38,844.16,829.98
2597,2023-02-24T00:25:32.985000,7463834094,442.21,201.86,73.07,109.83,547.9,927.73,843.56,829.7
2598,2023-02-24T00:25:32.990000,7463834095,442.28,202.16,72.34,109.52,547.73,927.91,844.67,829.7
2599,2023-02-24T00:25:32.995000,7463834096,442.23,202.33,72.52,109.3,548.12,927.93,844.48,829.08
2600,2023-02-24T00:25:33,7463834097,442.9,201.88,72.47,109.85,548.21,928.16,844.05,829.3
2601,2023-02-24T00:25:33.005000,7463834098,441.91,201.61,72.16,109.42,547.9,927.77,843.68,829.54
2602,2023-02-24T00:25:33.010000,7463834099,442.3,202.67,71.94,109.59,547.68,927.88,843.62,829.61
2603,2023-02-24T00:25:33.015000,7463834100,442.79,202.07,72.17,109.82,547.71,927.93,843.91,829.33
2604,2023-02-24T00:25:33.020000,7463834101,442.54,201.76,72.24,109.61,547.26,927.43,844.13,829.44
2605,2023-02-24T00:25:33.025000,7463834102,442.25,202.01,72.76,109.8,547.84,927.92,843.91,829.31
2606,2023-02-24T00:25:33.030000,7463834103,442.6,201.89,72.96,109.64,548.2,927.69,843.37,829.68
2607,2023-02-24T00:25:33.035000,7463834104,442.59,202.05,72.43,109.48,548.26,927.28,844.06,829.65
2608,2023-02-24T00:25:33.040000,7463834105,442.15,201.63,72.17,109.35,547.83,927.66,844.4,829.3
2609,2023-02-24T00:25:33.045000,7463834106,442.24,201.46,72.91,109.64,547.95,928.08,843.53,829.4
2610,2023-02-24T00:25:33.050000,7463834107,442.61,201.84,73.31,109.94,548.21,927.87,843.73,829.19
2611,2023-02-24T00:25:33.055000,7463834108,443.18,202.04,72.29,109.99,548.08,928.32,843.58,829.23
2612,2023-02-24T00:25:33.060000,7463834109,442.58,201.82,72.44,109.58,547.57,927.4,844.05,829.61
2613,2023-02-24T00:25:33.065000,7463834110,441.85,202.04,72.36,108.79,548.1,927.61,844.07,829.57
2614,2023-02-24T00:25:33.070000,7463834111,442.09,201.69,72.8,109.14,547.85,927.92,844.04,829.94
2615,2023-02-24T00:25:33.075000,7463834112,442.61,201.77,72.16,109.25,547.45,927.96,843.84,829.75
2616,2023-02-24T00:25:33.080000,7463834113,442.04,201.96,72.28,109.82,547.78,927.33,843.9,829.46
2617,2023-02-24T00:25:33.085000,7463834114,442.05,202.42,72.14,109.41,547.55,927.19,844.59,830.25
2618,2023-02-24T00:25:33.090000,7463834115,442.38,201.91,72.56,108.91,547.94,927.71,844.02,830.13
2619,2023-02-24T00:25:33.095000,7463834116,442.93,201.67,73.01,108.94,547.66,927.26,843.84,829.99
2620,2023-02-24T00:25:33.100000,7463834117,442.13,202.24,72.15,109.69,547.74,927.09,844.11,829.85
2621,2023-02-24T00:25:33.105000,7463834118,442.61,202,72.71,109.99,548.35,927.97,843.88,829.12
2622,2023-02-24T00:25:33.110000,7463834119,442.36,202.09,72.77,109.23,548.46,927.21,843.8,829.34
2623,2023-02-24T00:25:33.115000,7463834120,442.24,201.36,72.73,109.32,547.74,927.01,844.15,829.35
2624,2023-02-24T00:25:33.120000,7463834121,441.97,202.54,72.38,109.17,547.85,927.18,844.31,828.96
2625,2023-02-24T00:25:33.125000,7463834122,442.47,201.66,72.6,109.75,547.46,928.09,844.33,829.57
2626,2023-02-24T00:25:33.130000,7463834123,442.63,201.82,72.92,109.92,547.32,927.8,844.47,829.62
2627,2023-02-24T00:25:33.135000,7463834124,442.43,201.38,72.28,109.04,547.01,927.24,844.07,829.67
2628,2023-02-24T00:25:33.140000,7463834125,441.85,201.25,71.67,109.4,547.24,927.45,843.74,829.73
2629,2023-02-24T00:25:33.145000,7463834126,441.8,201.52,72.68,109.52,547.59,927.81,843.31,829.64
2630,2023-02-24T00:25:33.150000,7463834127,442.37,202.14,72.53,109.59,547.71,927.4,844,829.65
2631,2023-02-24T00:25:33.155000,7463834128,442.59,201.52,72.61,109.84,547.73,927.93,843.8,829.61
2632,2023-02-24T00:25:33.160000,7463834129,441.9,201.22,72.51,109.58,547.96,927.71,843.95,829.64
2633,2023-02-24T00:25:33.165000,7463834130,441.99,201.06,72.31,109.27,548.13,927.02,844.09,829.51
2634,2023-02-24T00:25:33.170000,7463834131,442.16,202.21,72.67,109.34,547.91,927.53,844.58,829.45
2635,2023-02-24T00:25:33.175000,7463834132,443.08,202.11,72.88,109.36,548.22,927.81,844.09,829.91
2636,2023-02-24T00:25:33.180000,7463834133,442.24,202.47,72.41,109.49,548.04,927.83,843.89,829.98
2637,2023-02-24T00:25:33.185000,7463834134,442.65,201.89,72.3,109.97,548.35,928.23,843.79,830.19
2638,2023-02-24T00:25:33.190000,7463834135,443.03,202.39,72.67,109.57,547.6,927.88,844.03,830.3
2639,2023-02-24T00:25:33.195000,7463834136,442.48,202.13,72.73,109.22,548.2,927.48,844.06,829.88
2640,2023-02-24T00:25:33.200000,7463834137,442.22,200.84,72.8,109.39,547.13,927.17,843.7,829.37
2641,2023-02-24T00:25:33.205000,7463834138,443.07,201.82,72.7,109.87,548.21,928.07,844.34,829.67
2642,2023-02-24T00:25:33.210000,7463834139,442.11,201.83,72.23,109.54,547.94,928.54,843.94,830.12
2643,2023-02-24T00:25:33.215000,7463834140,442.52,201.88,72.13,109.43,547.92,928.08,844.29,828.93
2644,2023-02-24T00:25:33.220000,7463834141,442.09,201.71,71.51,109.14,547.56,927.83,843.72,829.09
2645,2023-02-24T00:25:33.225000,7463834142,442.08,201.11,73.12,109.88,547.91,927.76,844.71,829.27
2646,2023-02-24T00:25:33.230000,7463834143,441.67,201.95,72.83,109.62,547.75,927.83,844.01,829.83
2647,2023-02-24T00:25:33.235000,7463834144,441.85,201.67,72.64,108.83,548.33,927.8,843.87,829.6
2648,2023-02-24T00:25:33.240000,7463834145,442.97,201.54,72.73,108.99,547.96,927.65,843.95,830
2649,2023-02-24T00:25:33.245000,7463834146,442.28,202.51,72.67,109.72,547.51,928.08,844.67,829.47
2650,2023-02-24T00:25:33.250000,7463834147,442.67,202.56,72.95,110.42,548.34,928.02,844.56,829.54
2651,2023-02-24T00:25:33.255000,7463834148,442.17,202.36,72.79,110.4,547.35,927.59,843.38,829.26
2652,2023-02-24T00:25:33.260000,7463834149,442.35,201.73,72.97,109.69,547.73,927.5,843.7,829.86
2653,2023-02-24T00:25:33.265000,7463834150,442.59,202.11,72.82,109.69,548.2,927.71,844.37,829.49
2654,2023-02-24T00:25:33.270000,7463834151,442.19,202.59,72.66,109.46,548.24,927.92,844.17,829.64
2655,2023-02-24T00:25:33.275000,7463834152,442.9,201.76,72.64,109.34,547.82,927.54,844.23,830.1
2656,2023-02-24T00:25:33.280000,7463834153,442.5,201.87,72.82,109.81,547.91,926.5,843.94,829.3
2657,2023-02-24T00:25:33.285000,7463834154,441.56,201.99,73.01,109.75,547.62,927.89,844.18,829.58
2658,2023-02-24T00:25:33.290000,7463834155,442.5,201.8,72.68,108.95,547.48,927.78,843.92,829.53
2659,2023-02-24T00:25:33.295000,7463834156,442.33,201.67,72.96,109.28,547.78,927.97,844.25,829.55
2660,2023-02-24T00:25:33.300000,7463834157,442.73,201.85,72.38,109.57,547.42,927.97,843.41,829.58
2661,2023-02-24T00:25:33.305000,7463834158,442.33,201.44,72.88,109.32,547.94,927.6,843.9,829.34
2662,2023-02-24T00:25:33.310000,7463834159,442.97,202.21,72.92,109.79,548.13,927.51,844.08,829.77
2663,2023-02-24T00:25:33.315000,7463834160,442.7,201.75,72.59,109.57,548.07,927.74,843.66,829.22
2664,2023-02-24T00:25:33.320000,7463834161,441.89,201.79,72.3,109.89,547.45,927.72,843.83,830.1
2665,2023-02-24T00:25:33.325000,7463834162,441.87,201.76,72.56,110.3,547.71,926.99,843.73,829.85
2666,2023-02-24T00:25:33.330000,7463834163,442.19,201.84,73,110.13,548.42,927.3,843.98,829.7
2667,2023-02-24T00:25:33.335000,7463834164,441.66,201.73,72.91,109.67,548.1,927.57,843.61,829.39
2668,2023-02-24T00:25:33.340000,7463834165,442.07,201.93,72.09,110.15,547.85,927.16,843.07,829.84
2669,2023-02-24T00:25:33.345000,7463834166,442.59,202.6,72.65,110.12,547.91,927.94,843.71,830.07
2670,2023-02-24T00:25:33.350000,7463834167,442.7,202.05,72.91,109.46,548.18,928.44,843.99,829.8
2671,2023-02-24T00:25:33.355000,7463834168,442.2,202.4,72.44,109.75,548.22,927.67,844.03,829.75
2672,2023-02-24T00:25:33.360000,7463834169,442.17,201.74,72.43,109.07,547.46,927.76,843.83,829.58
2673,2023-02-24T00:25:33.365000,7463834170,442.37,201.77,72.51,109.68,547.96,927.77,844.13,829.28
2674,2023-02-24T00:25:33.370000,7463834171,442.44,202.85,72.3,109.54,548.13,927.85,843.96,829.64
2675,2023-02-24T00:25:33.375000,7463834172,442.35,201.39,72.98,109.02,548.32,927.64,844.39,829.59
2676,2023-02-24T00:25:33.380000,7463834173,442.33,202.02,72.55,109.82,547.11,928.3,843.73,829.63
2677,2023-02-24T00:25:33.385000,7463834174,442.34,201.99,72.67,109.92,547.3,928.03,843.95,829.52
2678,2023-02-24T00:25:33.390000,7463834175,442.19,202.11,72.82,109.96,548.12,927.96,844.2,829.74
2679,2023-02-24T00:25:33.395000,7463834176,442.27,201.98,72.3,109.98,548.15,927.48,843.62,830.33
2680,2023-02-24T00:25:33.400000,7463834177,442.53,201.96,72.66,109.7,547.81,928.02,843.96,829.47
2681,2023-02-24T00:25:33.405000,7463834178,442.59,201.66,71.99,108.97,547.99,927.53,843.63,829.01
2682,2023-02-24T00:25:33.410000,7463834179,442.53,201.63,72.61,109.11,548.02,927.46,844.36,829.74
2683,2023-02-24T00:25:33.415000,7463834180,442.15,201.96,72.6,110.03,547.96,927.97,843.77,829.97
2684,2023-02-24T00:25:33.420000,7463834181,443.03,201.91,72.28,109.57,548.31,927.42,843.41,829.8
2685,2023-02-24T00:25:33.425000,7463834182,442.35,201.54,72.6,109.19,547.91,927.28,844.15,829.38
2686,2023-02-24T00:25:33.430000,7463834183,443.03,201.96,73.21,109.26,548.05,927.99,843.98,830.33
2687,2023-02-24T00:25:33.435000,7463834184,441.88,201.94,72.01,109.68,547.51,927.53,843.17,829.48
2688,2023-02-24T00:25:33.440000,7463834185,441.33,201.57,72.29,109.37,547.36,927.44,843.47,829.65
2689,2023-02-24T00:25:33.445000,7463834186,442.33,201.59,72.19,109.72,548.14,928.38,843.77,829.43
2690,2023-02-24T00:25:33.450000,7463834187,441.98,202.16,72.32,109.48,547.86,928.07,844.33,829.41
2691,2023-02-24T00:25:33.455000,7463834188,442.66,201.98,72.81,109.7,547.8,927.28,844.3,829.4
2692,2023-02-24T00:25:33.460000,7463834189,442.34,202,72.52,109.72,548.03,927.72,843.85,829.72
2693,2023-02-24T00:25:33.465000,7463834190,442.44,201.91,72.74,109.25,547.72,927.98,843.91,829.27
2694,2023-02-24T00:25:33.470000,7463834191,442.2,202.2,72.7,109.78,547.73,928.22,843.88,829.51
2695,2023-02-24T00:25:33.475000,7463834192,441.67,202.5,73.19,110.32,547.9,928.02,844.05,829.65
2696,2023-02-24T00:25:33.480000,7463834193,442.81,202.38,72.82,109.72,547.53,927.26,843.68,829.58
2697,2023-02-24T00:25:33.485000,7463834194,441.75,201.65,72.66,109.49,548.17,927.53,844.32,830.02
2698,2023-02-24T00:25:33.490000,7463834195,442.63,201.79,72.62,109.47,548.06,927.7,844.52,829.05
2699,2023-02-24T00:25:33.495000,7463834196,442.32,201.8,72.32,109.47,547.52,927.65,844.22,829.78
2700,2023-02-24T00:25:33.500000,7463834197,442.1,201.73,72.28,109.83,548.12,927.62,844.18,829.19
2701,2023-02-24T00:25:33.505000,7463834198,442.27,201.75,73,109.96,547.94,928.04,843.94,830.03
2702,2023-02-24T00:25:33.510000,7463834199,442.7,201.7,72.44,109.25,548.29,928.48,844.43,829.96
2703,2023-02-24T00:25:33.515000,7463834200,441.95,202.4,72.54,109.43,547.97,927.85,844.33,829.47
2704,2023-02-24T00:25:33.520000,7463834201,442.46,202.06,72.19,109.16,548.14,928.18,843.95,829.72
2705,2023-02-24T00:25:33.525000,7463834202,442.7,201.77,72.04,109.43,547.51,927.65,843.72,830.28
2706,2023-02-24T00:25:33.530000,7463834203,442.5,202.07,72.24,110.32,547.94,928.31,844.86,830.24
2707,2023-02-24T00:25:33.535000,7463834204,442.72,201.53,72.37,109.15,547.74,927.65,844.19,829.57
2708,2023-02-24T00:25:33.540000,7463834205,442.57,201.85,72.28,109.88,548.09,927.77,844.4,829.36
2709,2023-02-24T00:25:33.545000,7463834206,442.48,201.97,72.88,109.87,548.63,927.57,843.95,829.51
2710,2023-02-24T00:25:33.550000,7463834207,443.12,201.48,72.4,109.99,548.1,927.81,843.98,829.58
2711,2023-02-24T00:25:33.555000,7463834208,442.49,201.59,72.54,109.41,548.13,927.69,844.07,829.82
2712,2023-02-24T00:25:33.560000,7463834209,442.73,201.78,72.16,108.92,547.42,927.55,843.95,829.78
2713,2023-02-24T00:25:33.565000,7463834210,442.46,201.54,72.36,109.68,547.91,928,844.54,829.7
2714,2023-02-24T00:25:33.570000,7463834211,442.1,201.48,72.84,109.49,548.52,928.18,844.53,829.91
2715,2023-02-24T00:25:33.575000,7463834212,442.27,202.21,72.62,109.59,547.65,928.23,844.19,830.13
2716,2023-02-24T00:25:33.580000,7463834213,442.68,201.21,72.72,109.73,547.96,927.68,843.97,830.11
2717,2023-02-24T00:25:33.585000,7463834214,442.49,201.81,72.17,109.26,547.93,928.1,843.83,830.09
2718,2023-02-24T00:25:33.590000,7463834215,442.55,201.71,72.48,109.94,547.81,927.94,844.27,829.52
2719,2023-02-24T00:25:33.595000,7463834216,442.41,201.51,72.16,109.6,547.83,928.08,844.2,829.94
2720,2023-02-24T00:25:33.600000,7463834217,442.66,201.71,72.6,109.12,547.73,927.76,844.72,829.51
2721,2023-02-24T00:25:33.605000,7463834218,442.49,201.92,72.52,110.28,547.83,928.02,843.79,829.35
2722,2023-02-24T00:25:33.610000,7463834219,442.77,202.43,72.4,109.26,547.96,927.96,844.03,829.1
2723,2023-02-24T00:25:33.615000,7463834220,442.68,201.67,72.92,109.72,547.29,927.9,844.23,830.06
2724,2023-02-24T00:25:33.620000,7463834221,442.03,201.71,73.07,109.32,547.73,927.9,843.81,829.91
2725,2023-02-24T00:25:33.625000,7463834222,441.82,202.04,72.54,109.11,547.79,927.68,844.41,830.06
2726,2023-02-24T00:25:33.630000,7463834223,441.64,202.16,72.72,109.3,548.28,927.85,844.58,830.3
2727,2023-02-24T00:25:33.635000,7463834224,441.97,201.88,72.51,109.53,547.53,927.99,843.91,830.11
2728,2023-02-24T00:25:33.640000,7463834225,442.67,202.21,72.49,109.61,547.96,927.96,843.44,829.39
2729,2023-02-24T00:25:33.645000,7463834226,442.37,202.06,72.91,109.13,548.2,928.16,843.86,829.71
2730,2023-02-24T00:25:33.650000,7463834227,443.55,201.59,72.8,109.91,547.67,927.83,843.93,829.63
2731,2023-02-24T00:25:33.655000,7463834228,442.85,202.44,72.76,109.51,547.97,927.45,844.09,829.89
2732,2023-02-24T00:25:33.660000,7463834229,442.3,201.62,72.73,109.77,547.62,927.83,844.39,829.97
2733,2023-02-24T00:25:33.665000,7463834230,441.83,201.96,72.04,109.71,548.21,927.95,844.06,829.99
2734,2023-02-24T00:25:33.670000,7463834231,442.27,202.49,72.57,109.33,548.02,927.68,844.15,829.86
2735,2023-02-24T00:25:33.675000,7463834232,441.95,202,72.17,109.27,548.06,927.52,844.4,829.77
2736,2023-02-24T00:25:33.680000,7463834233,442.49,201.35,72.66,109.21,547.75,927.56,843.96,829.77
2737,2023-02-24T00:25:33.685000,7463834234,442.49,201.73,72.56,109.4,548.14,928.24,844.62,829.13
2738,2023-02-24T00:25:33.690000,7463834235,442.04,202.54,72.34,109.76,548.36,928.16,844.32,829.56
2739,2023-02-24T00:25:33.695000,7463834236,442.54,202.38,72.64,109.53,548.26,926.37,844.09,829.92
2740,2023-02-24T00:25:33.700000,7463834237,442.58,201.92,72.69,109.85,547.99,927.4,843.85,829.55
2741,2023-02-24T00:25:33.705000,7463834238,442.27,201.88,72.62,110.05,548.28,927.69,844.17,829.36
2742,2023-02-24T00:25:33.710000,7463834239,442.31,202.28,72.59,109.64,548.23,927.86,843.93,829.67
2743,2023-02-24T00:25:33.715000,7463834240,442.37,202.27,72.97,109.77,547.59,928.32,843.96,829.63
2744,2023-02-24T00:25:33.720000,7463834241,442.03,201.52,72.38,109.29,548.3,927.78,844.17,829.39
2745,2023-02-24T00:25:33.725000,7463834242,441.86,202.78,72.47,108.96,547.34,927.61,843.81,830.06
2746,2023-02-24T00:25:33.730000,7463834243,442.01,202.11,72.34,109.46,548.08,927.37,843.88,829.75
2747,2023-02-24T00:25:33.735000,7463834244,441.6,202.12,71.92,109.85,548.02,928.06,843.79,829.59
2748,2023-02-24T00:25:33.740000,7463834245,442.15,201.71,72.72,109.31,548.31,927.7,843.74,830.18
2749,2023-02-24T00:25:33.745000,7463834246,442.37,201.63,72.69,109.29,548.16,928.14,844.36,829.86
2750,2023-02-24T00:25:33.750000,7463834247,442.77,202.3,72.75,109.69,548.14,927.92,844.54,829.85
2751,2023-02-24T00:25:33.755000,7463834248,442.36,201.74,72.74,109.87,547.76,928.19,843.82,830.09
2752,2023-02-24T00:25:33.760000,7463834249,442.01,201.56,72.09,109.49,548.78,927.4,843.98,829.56
2753,2023-02-24T00:25:33.765000,7463834250,442.62,201.95,72.06,110.02,548.1,927.62,844.63,830.14
2754,2023-02-24T00:25:33.770000,7463834251,442.54,202.22,71.86,108.9,548.03,927.57,843.66,829.8
2755,2023-02-24T00:25:33.775000,7463834252,442.26,201.72,72.46,109.76,548.25,927.58,844.17,829.27
2756,2023-02-24T00:25:33.780000,7463834253,442.27,202.04,72.81,109.78,548.04,927.91,844.29,829.79
2757,2023-02-24T00:25:33.785000,7463834254,442.82,201.67,72.44,109.5,547.69,927.96,844.47,829.63
2758,2023-02-24T00:25:33.790000,7463834255,441.71,201.87,72.78,109.65,548.13,928.01,844.28,829.85
2759,2023-02-24T00:25:33.795000,7463834256,442.32,202,73.1,110.13,548.27,927.87,844.35,829.31
2760,2023-02-24T00:25:33.800000,7463834257,441.98,201.63,72.48,109.41,547.68,927.24,843.77,829.87
2761,2023-02-24T00:25:33.805000,7463834258,441.75,201.92,72.93,109.93,548.03,927.72,843.81,829.51
2762,2023-02-24T00:25:33.810000,7463834259,442.47,202.14,72.37,109.23,547.88,927.85,844.15,829.1
2763,2023-02-24T00:25:33.815000,7463834260,442.41,201.84,71.97,109.61,548.24,927.47,844.5,830.17
2764,2023-02-24T00:25:33.820000,7463834261,442.76,202.3,72.09,109.89,547.94,927.79,843.81,829.52
2765,2023-02-24T00:25:33.825000,7463834262,441.65,201.83,72.29,109.53,547.46,927.34,843.72,829.48
2766,2023-02-24T00:25:33.830000,7463834263,442.35,202.49,72.67,109.49,548.27,928.26,844.1,829.91
2767,2023-02-24T00:25:33.835000,7463834264,442.76,202.17,72.22,109.18,548.53,928.38,844.27,830.06
2768,2023-02-24T00:25:33.840000,7463834265,442.09,201.9,73.01,109.38,547.56,927.42,844.32,829.48
2769,2023-02-24T00:25:33.845000,7463834266,442.25,202.21,72.92,109.36,548.12,927.23,843.98,829.83
2770,2023-02-24T00:25:33.850000,7463834267,442.62,201.84,72.58,109.58,548.03,927.69,844.43,829.96
2771,2023-02-24T00:25:33.855000,7463834268,442.45,202.55,72.39,110.04,548.2,927.87,844.13,829.55
2772,2023-02-24T00:25:33.860000,7463834269,442.52,201.53,72.47,109.72,548.43,927.28,843.8,829.37
2773,2023-02-24T00:25:33.865000,7463834270,442.24,201.86,73.12,109.68,547.85,927.78,844.06,829.98
2774,2023-02-24T00:25:33.870000,7463834271,442.01,202.03,72.65,109.45,548.17,926.88,843.98,829.9
2775,2023-02-24T00:25:33.875000,7463834272,442.38,201.42,72.51,109.22,548.2,927.56,844.05,829.61
2776,2023-02-24T00:25:33.880000,7463834273,442.05,202.04,72.87,109.44,547.72,927.17,843.6,830.16
2777,2023-02-24T00:25:33.885000,7463834274,441.75,202.06,73.1,110.22,547.43,928.25,844.15,829.33
2778,2023-02-24T00:25:33.890000,7463834275,441.85,202.14,72.01,109.79,547.71,927.67,843.94,829.78
2779,2023-02-24T00:25:33.895000,7463834276,442.97,202.6,72.3,109.86,547.35,927.67,844.03,829.43
2780,2023-02-24T00:25:33.900000,7463834277,442.37,202.59,72.71,109.14,547.58,927.68,843.46,829.15
2781,2023-02-24T00:25:33.905000,7463834278,442.65,201.86,72.43,109.4,547.71,928.05,844.48,829.06
2782,2023-02-24T00:25:33.910000,7463834279,442.84,202.07,72.81,109.54,547.75,927.64,844.05,829.88
2783,2023-02-24T00:25:33.915000,7463834280,443.27,202.14,72.46,109.79,548.04,927.94,844.39,829.65
2784,2023-02-24T00:25:33.920000,7463834281,442.54,201.98,72.45,109.5,547.76,927.66,844.31,829.61
2785,2023-02-24T00:25:33.925000,7463834282,442.1,202.57,72.5,109.64,547.91,927.48,844.29,829.31
2786,2023-02-24T00:25:33.930000,7463834283,442.13,202.05,72.59,109.25,547.65,927.84,843.97,828.92
2787,2023-02-24T00:25:33.935000,7463834284,442.15,201.69,72.45,110.17,548.34,927.37,844.38,830
2788,2023-02-24T00:25:33.940000,7463834285,442.41,201.9,72.6,109.94,548.44,927.58,844.15,829.92
2789,2023-02-24T00:25:33.945000,7463834286,443.26,201.49,72.18,109.62,548.24,927.68,844.27,829.42
2790,2023-02-24T00:25:33.950000,7463834287,442.71,202.18,72.49,109.17,548.23,928.08,844.55,829.54
2791,2023-02-24T00:25:33.955000,7463834288,443.2,201.84,72.5,109.01,547.98,928.23,844.38,829.67
2792,2023-02-24T00:25:33.960000,7463834289,442.21,201.55,72.93,109.65,547.8,927.78,843.58,829.69
2793,2023-02-24T00:25:33.965000,7463834290,442.22,201.56,72.44,109.42,547.81,927.88,844.16,829.71
2794,2023-02-24T00:25:33.970000,7463834291,442.09,201.39,72.55,109.36,547.42,927.66,844.1,829.51
2795,2023-02-24T00:25:33.975000,7463834292,443.2,202.17,72.7,109.84,547.98,927.51,844.18,829.69
2796,2023-02-24T00:25:33.980000,7463834293,442.94,202.11,72.79,109.71,548.01,927.29,844.25,830.24
2797,2023-02-24T00:25:33.985000,7463834294,442.38,201.1,72.39,109.36,548.2,928.41,844.03,829.64
2798,2023-02-24T00:25:33.990000,7463834295,442.06,202.02,73.06,109.65,548.15,927.65,844.03,829.89
2799,2023-02-24T00:25:33.995000,7463834296,442.59,202.05,72.31,109.54,548.09,928.63,843.99,830.31
2800,2023-02-24T00:25:34,7463834297,442.15,201.37,72.29,108.64,547.65,927.67,843.66,829.68
2801,2023-02-24T00:25:34.005000,7463834298,442.17,201.84,72.64,109.38,547.4,927.59,843.4,829.34
2802,2023-02-24T00:25:34.010000,7463834299,443.2,202.3,72.76,109.5,547.7,927.54,844.07,829.44
2803,2023-02-24T00:25:34.015000,7463834300,442.93,201.82,72.14,110.07,547.59,927.53,844.19,829.95
2804,2023-02-24T00:25:34.020000,7463834301,442.5,202,72.33,109.93,547.54,927.04,843.22,829.95
2805,2023-02-24T00:25:34.025000,7463834302,442.19,201.87,72.44,109.26,547.14,927.55,843.74,829.4
2806,2023-02-24T00:25:34.030000,7463834303,442.4,202.47,71.79,109.21,548.19,928.12,843.72,829.18
2807,2023-02-24T00:25:34.035000,7463834304,441.76,202.41,72.72,109.68,547.97,927.4,843.59,829.8
2808,2023-02-24T00:25:34.040000,7463834305,442.96,202.09,72.38,109.26,548.01,927.84,844.05,828.87
2809,2023-02-24T00:25:34.045000,7463834306,442.28,201.68,72.43,108.91,547.53,927.71,844.43,829.82
2810,2023-02-24T00:25:34.050000,7463834307,442.4,201.84,72.87,109.29,547.89,928.08,844.08,829.85
2811,2023-02-24T00:25:34.055000,7463834308,442.43,201.59,72.5,108.98,548.37,927.76,843.83,829.13
2812,2023-02-24T00:25:34.060000,7463834309,442.44,201.13,72.26,109.42,547.74,927.61,844.29,829.09
2813,2023-02-24T00:25:34.065000,7463834310,442.17,201.92,72.38,109.96,548.27,927.88,844.11,830.11
2814,2023-02-24T00:25:34.070000,7463834311,442.47,201.49,72.87,109.91,547.9,927.65,843.97,829.33
2815,2023-02-24T00:25:34.075000,7463834312,442.62,201.84,72.41,109.54,548.27,927.72,843.57,829.42
2816,2023-02-24T00:25:34.080000,7463834313,442.29,202,72.57,109.67,547.99,928.09,843.96,829.18
2817,2023-02-24T00:25:34.085000,7463834314,442.06,202.1,72.81,109.29,547.9,928.34,844.16,829.52
2818,2023-02-24T00:25:34.090000,7463834315,442.75,202.12,72.12,109.79,547.71,927.66,843.62,829.63
2819,2023-02-24T00:25:34.095000,7463834316,442.28,201.92,72.07,109.63,547.79,927.66,844.16,829.91
2820,2023-02-24T00:25:34.100000,7463834317,442.64,201.56,72.66,109.95,547.51,927.69,843.65,829.27
2821,2023-02-24T00:25:34.105000,7463834318,442.57,201.8,72.13,109.38,548.05,927.25,843.33,829.84
2822,2023-02-24T00:25:34.110000,7463834319,441.96,201.68,72.05,109.23,547.94,928.18,844.08,829.29
2823,2023-02-24T00:25:34.115000,7463834320,442.7,201.58,72.45,109.54,547.89,928.05,843.82,830.12
2824,2023-02-24T00:25:34.120000,7463834321,442.8,201.57,72.52,110.06,548.37,927.15,844.31,829.86
2825,2023-02-24T00:25:34.125000,7463834322,442.35,201.67,72.46,109.73,547.75,927.79,843.89,829.7
2826,2023-02-24T00:25:34.130000,7463834323,442.65,201.34,72.73,109.65,547.44,927.79,844.34,829.38
2827,2023-02-24T00:25:34.135000,7463834324,442.77,201.89,72.38,109.17,547.51,927.53,843.81,829.27
2828,2023-02-24T00:25:34.140000,7463834325,442.12,202,72.58,109.51,547.81,927.21,843.97,829.57
2829,2023-02-24T00:25:34.145000,7463834326,442.81,201.85,72.37,109.67,547.99,927.36,843.49,829.2
2830,2023-02-24T00:25:34.150000,7463834327,442.41,202.04,72.18,109.3,547.74,927.45,844,829.43
2831,2023-02-24T00:25:34.155000,7463834328,442.05,202.11,72.49,109.57,547.88,927.59,843.93,829.37
2832,2023-02-24T00:25:34.160000,7463834329,442.53,202.28,72.14,109.49,547.79,927.42,843.85,829.67
2833,2023-02-24T00:25:34.165000,7463834330,442.73,201.12,72.7,109.36,548.41,927.87,844.14,829.84
2834,2023-02-24T00:25:34.170000,7463834331,442.21,201.82,72.79,109.56,548.46,928.06,843.96,830.14
2835,2023-02-24T00:25:34.175000,7463834332,442.41,202.02,72.5,108.93,547.48,927.85,844.08,829.57
2836,2023-02-24T00:25:34.180000,7463834333,442.44,202.21,72.79,109.69,547.73,927.95,843.44,829.35
2837,2023-02-24T00:25:34.185000,7463834334,442.62,201.13,72.22,109.54,547.61,927.41,843.32,829.7
2838,2023-02-24T00:25:34.190000,7463834335,441.91,201.96,72.57,109,547.52,927.58,844.01,829.31
2839,2023-02-24T00:25:34.195000,7463834336,443.13,202.56,72.56,108.9,548.54,927.89,843.82,829.8
2840,2023-02-24T00:25:34.200000,7463834337,442.26,201.89,72.25,109.38,547.37,927.43,843.73,829.77
2841,2023-02-24T00:25:34.205000,7463834338,442.46,202.12,72.45,109.53,547.6,927.51,844.09,829.62
2842,2023-02-24T00:25:34.210000,7463834339,442.42,201.81,72.82,109.88,547.75,927.91,843.98,829.85
2843,2023-02-24T00:25:34.215000,7463834340,442.88,201.98,72.46,109.69,547.71,927.53,843.43,829.38
2844,2023-02-24T00:25:34.220000,7463834341,442.31,201.93,72.04,109.77,547.43,927.79,843.8,829.25
2845,2023-02-24T00:25:34.225000,7463834342,442.34,202.24,72.05,109,547.74,927.91,843.85,829.47
2846,2023-02-24T00:25:34.230000,7463834343,441.92,201.41,72.38,108.96,547.37,927.99,843.55,829.36
2847,2023-02-24T00:25:34.235000,7463834344,441.86,201.56,72.76,109.57,547.74,927.59,843.65,829.44
2848,2023-02-24T00:25:34.240000,7463834345,442.01,202.09,72.35,109.47,547.87,927.93,844.44,829.83
2849,2023-02-24T00:25:34.245000,7463834346,442,201.44,72.41,109.09,548.23,927.44,843.93,829.64
2850,2023-02-24T00:25:34.250000,7463834347,442.27,202.27,72.56,109.64,548.54,927.6,844.17,830.12
2851,2023-02-24T00:25:34.255000,7463834348,442.72,202.02,72.35,109.17,547.5,927.94,844.57,830.07
2852,2023-02-24T00:25:34.260000,7463834349,442.51,201.66,72.76,109.59,547.21,928.08,844,829.6
2853,2023-02-24T00:25:34.265000,7463834350,442.74,202.13,72.46,110.08,547.76,927.63,843.72,829.99
2854,2023-02-24T00:25:34.270000,7463834351,442.56,202.17,72.4,108.81,547.6,927.72,843.92,830.21
2855,2023-02-24T00:25:34.275000,7463834352,442.24,201.86,72.56,108.91,548.08,927.75,843.54,829
2856,2023-02-24T00:25:34.280000,7463834353,442.3,202.16,72.66,109.14,547.98,927.62,844.31,829.57
2857,2023-02-24T00:25:34.285000,7463834354,442.41,201.37,72.35,109.4,547.38,927.47,844.05,829.45
2858,2023-02-24T00:25:34.290000,7463834355,442.73,201.9,72.71,108.89,548.31,927.72,843.72,829.6
2859,2023-02-24T00:25:34.295000,7463834356,442.49,201.74,71.99,109.2,547.67,928.04,843.79,829.2
2860,2023-02-24T00:25:34.300000,7463834357,442.69,201.46,72.78,109.57,548.2,927.49,843.56,829.53
2861,2023-02-24T00:25:34.305000,7463834358,442.45,202.29,72.96,109.71,548.21,927.93,844.88,829.64
2862,2023-02-24T00:25:34.310000,7463834359,442.83,201.86,72.16,109.7,548.15,927.53,844.18,829.27
2863,2023-02-24T00:25:34.315000,7463834360,443.12,201.88,72.27,109.79,547.91,927.86,844.22,829.49
2864,2023-02-24T00:25:34.320000,7463834361,442.13,202.59,72.45,109.35,548,928.09,843.96,829.12
2865,2023-02-24T00:25:34.325000,7463834362,442.64,202.84,72.27,109.63,548.66,928.15,844.33,829.58
2866,2023-02-24T00:25:34.330000,7463834363,442.59,201.89,72.78,109.5,547.98,927.59,844.01,829.88
2867,2023-02-24T00:25:34.335000,7463834364,442.61,201.44,72.4,109.41,547.74,927.5,843.68,830.05
2868,2023-02-24T00:25:34.340000,7463834365,442.54,202.18,72.9,109.76,548.46,927.92,844.44,829.59
2869,2023-02-24T00:25:34.345000,7463834366,442.21,202.31,72.75,109.3,547.89,927.44,843.78,829.6
2870,2023-02-24T00:25:34.350000,7463834367,442.75,202.13,72.2,109.63,547.81,927.66,844.07,829.3
2871,2023-02-24T00:25:34.355000,7463834368,442.39,202.14,72.55,109.45,547.84,927.17,844.14,829.98
2872,2023-02-24T00:25:34.360000,7463834369,442.39,202.12,72.62,109.34,547.87,927.43,843.87,829.51
2873,2023-02-24T00:25:34.365000,7463834370,442.26,202.21,72.57,109.92,547.96,927.46,843.71,829.59
2874,2023-02-24T00:25:34.370000,7463834371,442.33,202.24,72.52,109.86,547.74,928.23,843.55,829.77
2875,2023-02-24T00:25:34.375000,7463834372,441.92,202.15,72.55,109.66,547.59,927.86,844.58,830.12
2876,2023-02-24T00:25:34.380000,7463834373,442.75,201.84,72.92,109.22,547.44,928.07,844.56,829.95
2877,2023-02-24T00:25:34.385000,7463834374,442.86,201.75,72.84,109.13,548.46,928.16,844.24,830.04
2878,2023-02-24T00:25:34.390000,7463834375,443.17,201.44,72.27,109.33,547.71,927.63,844.21,829.46
2879,2023-02-24T00:25:34.395000,7463834376,442.36,201.76,72.46,109.19,547.69,927.6,843.9,829.74
2880,2023-02-24T00:25:34.400000,7463834377,443.16,201.77,73.02,109.77,548.07,928.14,844.4,829.66
2881,2023-02-24T00:25:34.405000,7463834378,441.9,201.81,72.5,109.38,547.48,928.1,844.03,829.02
2882,2023-02-24T00:25:34.410000,7463834379,442.62,202.38,72.37,108.98,547.57,928.1,843.95,829.7
2883,2023-02-24T00:25:34.415000,7463834380,443.18,202.09,72.55,109.46,547.73,928.18,844.18,829.17
2884,2023-02-24T00:25:34.420000,7463834381,442.62,202,72.37,109.82,548.16,927.98,844.03,829.72
2885,2023-02-24T00:25:34.425000,7463834382,442.29,202.31,72.27,109.73,548.18,927.43,844.38,829.52
2886,2023-02-24T00:25:34.430000,7463834383,442.06,202.17,71.89,108.76,547.76,927.63,843.71,829.18
2887,2023-02-24T00:25:34.435000,7463834384,442.8,201.99,72.31,109.96,548.21,928.19,843.6,829.66
2888,2023-02-24T00:25:34.440000,7463834385,442.7,201.85,73.08,109.59,548.23,928.54,844.33,830.24
2889,2023-02-24T00:25:34.445000,7463834386,442.54,201.92,72.2,109.64,547.42,927.37,844.33,830
2890,2023-02-24T00:25:34.450000,7463834387,442.14,202.1,71.91,109.58,548.03,927.57,843.85,829.34
2891,2023-02-24T00:25:34.455000,7463834388,442.47,202.12,72.54,110.26,548.19,927.97,843.51,829.88
2892,2023-02-24T00:25:34.460000,7463834389,442.95,202.5,73.19,109.7,547.35,927.77,843.9,829.86
2893,2023-02-24T00:25:34.465000,7463834390,442.58,202.12,72.35,109.76,547.81,927.7,844.01,829.55
2894,2023-02-24T00:25:34.470000,7463834391,442.73,201.97,72.33,109.74,547.04,927.15,844.04,829.58
2895,2023-02-24T00:25:34.475000,7463834392,442.69,201.37,72.28,109.28,547.97,927.9,844.38,829.52
2896,2023-02-24T00:25:34.480000,7463834393,443.43,201.75,72.58,109.42,548.44,927.85,844.45,829.93
2897,2023-02-24T00:25:34.485000,7463834394,442.44,202.07,72.64,109.94,548.01,927.46,844.76,829.28
2898,2023-02-24T00:25:34.490000,7463834395,442.67,201.55,72.32,108.96,547.72,927.35,844.38,830.35
2899,2023-02-24T00:25:34.495000,7463834396,442.79,201.79,72.7,110.09,548.05,927.91,844.21,829.92
2900,2023-02-24T00:25:34.500000,7463834397,441.75,202.02,72.77,109.38,547.76,927.84,844.47,830.39
2901,2023-02-24T00:25:34.505000,7463834398,442.04,202.09,72.81,109.5,547.81,928.01,844.31,829.85
2902,2023-02-24T00:25:34.510000,7463834399,441.99,201.48,72.56,109.52,547.54,928.13,844.2,829.83
2903,2023-02-24T00:25:34.515000,7463834400,442.51,201.81,72.78,108.76,547.75,928.27,843.95,830.43
2904,2023-02-24T00:25:34.520000,7463834401,442.65,202.18,73.26,109.54,548.32,927.76,844.3,830.09
2905,2023-02-24T00:25:34.525000,7463834402,442.5,202.26,72.19,109.46,547.97,927.47,843.99,829.2
2906,2023-02-24T00:25:34.530000,7463834403,441.97,202.45,72.31,109.74,547.8,928.13,844.1,829.43
2907,2023-02-24T00:25:34.535000,7463834404,442.81,201.79,72.4,109.43,548.11,927.85,843.98,829.66
2908,2023-02-24T00:25:34.540000,7463834405,442.61,201.79,71.93,110.07,547.49,927.69,844.28,830.07
2909,2023-02-24T00:25:34.545000,7463834406,442.28,202.31,72.41,109.59,547.79,928.44,843.9,830.09
2910,2023-02-24T00:25:34.550000,7463834407,441.93,201.81,71.68,109.15,547.7,927.4,843.98,829.45
2911,2023-02-24T00:25:34.555000,7463834408,442.25,201.6,72.31,109.35,548.25,928.47,844.19,829.67
2912,2023-02-24T00:25:34.560000,7463834409,442.34,202.24,72.79,109.47,547.98,927.75,843.98,829.91
2913,2023-02-24T00:25:34.565000,7463834410,442.02,201.74,72.57,109.92,548.12,928.41,844.04,829.52
2914,2023-02-24T00:25:34.570000,7463834411,441.59,201.64,72.43,109.43,547.8,928.47,844.05,829.27
2915,2023-02-24T00:25:34.575000,7463834412,442.28,201.69,72.82,109.76,547.88,927.97,844.5,829.63
2916,2023-02-24T00:25:34.580000,7463834413,443.36,202.42,72.42,109.5,547.92,928.21,844.75,830.06
2917,2023-02-24T00:25:34.585000,7463834414,441.75,202.32,72.55,109.69,547.64,927.81,844.28,830.12
2918,2023-02-24T00:25:34.590000,7463834415,442.44,202.1,72.19,109.83,547.67,927.92,843.63,829.42
2919,2023-02-24T00:25:34.595000,7463834416,442.88,202.33,72.55,109.87,548.16,927.86,844.63,829.97
2920,2023-02-24T00:25:34.600000,7463834417,442.34,202.53,72.9,110.17,548.17,928.28,844.57,829.82
2921,2023-02-24T00:25:34.605000,7463834418,442.34,202.06,72.45,109.47,547.77,927.93,844.29,829.63
2922,2023-02-24T00:25:34.610000,7463834419,441.97,201.99,72.07,109.12,547.58,928.09,843.95,829.35
2923,2023-02-24T00:25:34.615000,7463834420,442.02,201.92,72.49,109.84,547.99,928.42,843.43,829.85
2924,2023-02-24T00:25:34.620000,7463834421,442.76,202.51,72.44,109.52,547.99,928.2,844.31,830.03
2925,2023-02-24T00:25:34.625000,7463834422,442.63,202.12,72.92,109.96,547.7,927.41,843.67,829.95
2926,2023-02-24T00:25:34.630000,7463834423,442.2,201.67,72.5,109.7,547.08,927.4,843.58,829.06
2927,2023-02-24T00:25:34.635000,7463834424,442,202.35,72.32,109.47,548.11,927.4,843.85,830.21
2928,2023-02-24T00:25:34.640000,7463834425,442.75,202.01,72.24,110.09,547.94,928.07,844.34,830.14
2929,2023-02-24T00:25:34.645000,7463834426,441.85,201.87,72.71,109.51,547.73,927.92,844.39,830.08
2930,2023-02-24T00:25:34.650000,7463834427,441.6,201.37,72.33,109.85,547.64,927.61,844.1,829.96
2931,2023-02-24T00:25:34.655000,7463834428,442.38,201.62,72.65,109.84,547.88,927.53,843.64,830.05
2932,2023-02-24T00:25:34.660000,7463834429,443,201.97,72.51,109.8,547.72,927.61,844.64,829.89
2933,2023-02-24T00:25:34.665000,7463834430,441.61,202.14,72.35,109.36,548.07,928.02,844.07,829.83
2934,2023-02-24T00:25:34.670000,7463834431,441.67,201.67,72.12,108.58,547.69,927.74,843.96,829.98
2935,2023-02-24T00:25:34.675000,7463834432,442.25,201.87,72.38,109.09,548.19,927.58,844.72,829.56
2936,2023-02-24T00:25:34.680000,7463834433,442.7,201.66,73.04,109.62,548.29,928.23,844.23,829.91
2937,2023-02-24T00:25:34.685000,7463834434,442.4,201.75,73.15,109.97,547.6,927.65,843.86,830.06
2938,2023-02-24T00:25:34.690000,7463834435,442.59,202.03,71.82,109.2,547.59,927.68,844.49,829.81
2939,2023-02-24T00:25:34.695000,7463834436,442.4,202.37,71.72,109.26,547.53,928.3,844.41,829.84
2940,2023-02-24T00:25:34.700000,7463834437,442.34,202.09,72.02,109.15,548.44,928.65,844.22,829.73
2941,2023-02-24T00:25:34.705000,7463834438,443.1,202.15,72.66,109.92,548.25,927.95,844.16,829.98
2942,2023-02-24T00:25:34.710000,7463834439,442.67,201.66,72.43,109.73,548.32,927.5,844.05,829.95
2943,2023-02-24T00:25:34.715000,7463834440,442.77,202.07,72.98,109.9,548.14,928.53,843.87,830.04
2944,2023-02-24T00:25:34.720000,7463834441,442.25,202.15,72.57,109.84,548.51,928.31,844.87,829.84
2945,2023-02-24T00:25:34.725000,7463834442,442.18,201.57,71.97,109.03,547.68,927.79,843.86,829.84
2946,2023-02-24T00:25:34.730000,7463834443,442.5,202.26,72.47,109.35,547.96,927.74,844.61,829.68
2947,2023-02-24T00:25:34.735000,7463834444,441.81,202.17,72.38,109.79,547.96,927.66,844.17,829.67
2948,2023-02-24T00:25:34.740000,7463834445,442.22,202.06,72.34,109.8,548.99,928.28,844.49,829.95
2949,2023-02-24T00:25:34.745000,7463834446,442.25,202.07,72.64,109.21,548.64,928.22,844.54,830.38
2950,2023-02-24T00:25:34.750000,7463834447,442.44,201.94,73.05,109.51,547.44,927.81,844.33,829.8
2951,2023-02-24T00:25:34.755000,7463834448,442.19,201.72,72.21,108.87,547.51,927.77,843.73,829.52
2952,2023-02-24T00:25:34.760000,7463834449,442.47,201.99,72.37,109.62,548.16,928.13,844.74,829.87
2953,2023-02-24T00:25:34.765000,7463834450,442.04,201.48,72.2,109.18,548.23,927.64,843.2,829.56
2954,2023-02-24T00:25:34.770000,7463834451,441.85,202.21,72.62,109.3,547.35,927.36,844.33,829.53
2955,2023-02-24T00:25:34.775000,7463834452,441.59,201.92,72.44,109.69,548.15,927.67,843.77,830.29
2956,2023-02-24T00:25:34.780000,7463834453,442.09,202.15,72.73,109.4,547.97,928.53,844.04,830.05
2957,2023-02-24T00:25:34.785000,7463834454,442.43,201.97,72.35,109.66,547.43,927.51,843.57,829.93
2958,2023-02-24T00:25:34.790000,7463834455,442.75,201.69,72.4,109.33,547.83,927.86,844.16,829.32
2959,2023-02-24T00:25:34.795000,7463834456,442.78,201.82,72.12,110.05,548.18,927.53,844.2,829.73
2960,2023-02-24T00:25:34.800000,7463834457,442.11,201.79,72.63,109.88,548.22,927.49,843.93,829.86
2961,2023-02-24T00:25:34.805000,7463834458,442.68,201.77,72.32,109.58,548.09,928.18,843.92,829.94
2962,2023-02-24T00:25:34.810000,7463834459,442.34,201.68,72.42,108.99,547,927.36,843.24,829.13
2963,2023-02-24T00:25:34.815000,7463834460,442.79,202.18,73.27,109.27,547.43,927.47,844.7,829.91
2964,2023-02-24T00:25:34.820000,7463834461,441.85,201.96,73.05,109.64,547.64,928.38,844.08,830.05
2965,2023-02-24T00:25:34.825000,7463834462,442,202.23,72.14,109.01,547.83,927.7,844.51,829.88
2966,2023-02-24T00:25:34.830000,7463834463,442.88,202.12,72.17,109.34,547.97,927.54,843.43,829.72
2967,2023-02-24T00:25:34.835000,7463834464,442.44,201.45,72.48,109.25,547.51,927.71,843.62,829.74
2968,2023-02-24T00:25:34.840000,7463834465,442.36,201.54,71.85,109.53,547.91,928.1,844.03,830.05
2969,2023-02-24T00:25:34.845000,7463834466,441.74,201.81,72.22,109.42,547.24,927.86,843.66,830.11
2970,2023-02-24T00:25:34.850000,7463834467,441.72,201.81,72.32,109.06,547.26,927.71,843.78,829.56
2971,2023-02-24T00:25:34.855000,7463834468,442.23,201.92,72.05,109.46,547.85,927.32,844.19,829.77
2972,2023-02-24T00:25:34.860000,7463834469,442.91,202.01,72.9,109.29,548.37,927.9,844.4,830.03
2973,2023-02-24T00:25:34.865000,7463834470,442.45,201.85,72.61,109.42,548.18,927.68,844.17,829.58
2974,2023-02-24T00:25:34.870000,7463834471,441.3,201.4,72.41,109.3,547.86,927.36,843.92,829.54
2975,2023-02-24T00:25:34.875000,7463834472,442.02,202.48,72.3,109.27,547.54,927.26,843.55,829.67
2976,2023-02-24T00:25:34.880000,7463834473,442.58,202.06,72.55,109.79,548.43,927.89,843.85,830.2
2977,2023-02-24T00:25:34.885000,7463834474,442.17,202.23,72.52,109.88,547.85,927.57,844.13,829.73
2978,2023-02-24T00:25:34.890000,7463834475,442.39,201.76,72.04,108.79,548.03,926.98,843.73,829.24
2979,2023-02-24T00:25:34.895000,7463834476,442.36,201.73,72.62,109.32,548.31,927.18,843.84,829.57
2980,2023-02-24T00:25:34.900000,7463834477,442.55,201.76,72.64,109.35,547.83,927.59,844.71,829.98
2981,2023-02-24T00:25:34.905000,7463834478,443.25,202.4,72.05,109.73,547.51,927.78,844.29,829.86
2982,2023-02-24T00:25:34.910000,7463834479,442.45,201.84,72.39,109.3,547.86,927.41,844.08,829.12
2983,2023-02-24T00:25:34.915000,7463834480,442.24,201.39,72.32,109.37,548.36,928.06,844.66,830.13
2984,2023-02-24T00:25:34.920000,7463834481,442.65,201.54,73.09,109.53,547.64,927.51,844.71,829.93
2985,2023-02-24T00:25:34.925000,7463834482,442.21,202.14,72.3,109.04,547.96,927.27,843.81,829.65
2986,2023-02-24T00:25:34.930000,7463834483,442.3,201.49,72.26,109.44,548.14,927.38,843.63,828.9
2987,2023-02-24T00:25:34.935000,7463834484,442.15,201.51,72.34,109.6,548.2,927.76,843.65,829.86
2988,2023-02-24T00:25:34.940000,7463834485,441.5,201.85,72.71,109.41,548.08,928.12,844,829.78
2989,2023-02-24T00:25:34.945000,7463834486,441.95,201.97,72.49,109.67,547.77,927.79,843.76,829.76
2990,2023-02-24T00:25:34.950000,7463834487,442.21,201.77,72.1,109.88,547.91,927.56,843.82,829.42
2991,2023-02-24T00:25:34.955000,7463834488,441.9,201.73,72.23,109.59,548.2,927.69,843.99,829.34
2992,2023-02-24T00:25:34.960000,7463834489,443.19,202.23,72.86,109.89,548.47,928.23,843.9,829.57
2993,2023-02-24T00:25:34.965000,7463834490,443,202.23,72.76,109.61,548.6,928.06,843.89,829.74
2994,2023-02-24T00:25:34.970000,7463834491,442.39,201.97,71.94,109.44,547.85,927.95,843.74,829.74
2995,2023-02-24T00:25:34.975000,7463834492,441.74,202.22,72.6,110.26,547.89,927.5,844.6,829.45
2996,2023-02-24T00:25:34.980000,7463834493,442.23,201.59,72.96,109.86,548.01,928.15,844.71,829.85
2997,2023-02-24T00:25:34.985000,7463834494,442.28,202.13,72.79,109.6,547.66,928.07,844.79,829.62
2998,2023-02-24T00:25:34.990000,7463834495,442.3,202.45,72.79,109,548.09,927.93,843.8,830.02
2999,2023-02-24T00:25:34.995000,7463834496,442.54,201.5,72.44,109.64,547.31,927.61,843.73,829.86
3000,2023-02-24T00:25:35,7463834497,441.35,202.04,72.58,110.05,547.86,927.48,844.77,829.37
3001,2023-02-24T00:25:35.005000,7463834498,442.22,201.87,72.11,109.57,548.19,927.59,843.98,829.94
3002,2023-02-24T00:25:35.010000,7463834499,441.85,201.53,71.89,109,547.65,927.58,843.52,829.85
3003,2023-02-24T00:25:35.015000,7463834500,443.11,201.96,72.23,109.43,547.68,927.07,843.29,829.57
3004,2023-02-24T00:25:35.020000,7463834501,442.4,201.93,72.79,109.65,548.27,927.82,844.19,829.2
3005,2023-02-24T00:25:35.025000,7463834502,443.02,202.14,72.61,109.94,547.91,927.93,844.23,829.99
3006,2023-02-24T00:25:35.030000,7463834503,442.18,202.05,72.24,109.43,547.63,927.81,843.85,830.11
3007,2023-02-24T00:25:35.035000,7463834504,442.21,202,72.55,109.52,548.07,927.88,844.63,829.63
3008,2023-02-24T00:25:35.040000,7463834505,442.8,202.11,73.04,109.83,547.96,928.27,844.21,830.21
3009,2023-02-24T00:25:35.045000,7463834506,442.29,201.97,73.02,109.7,547.83,927.76,843.65,829.82
3010,2023-02-24T00:25:35.050000,7463834507,442.72,202.05,72.84,109.48,547.6,927.22,844.11,829.82
3011,2023-02-24T00:25:35.055000,7463834508,442.51,202.02,72.14,108.87,547.91,927.17,843.29,829.73
3012,2023-02-24T00:25:35.060000,7463834509,443.22,201.91,73.22,108.99,548.29,928.01,844.4,830.08
3013,2023-02-24T00:25:35.065000,7463834510,442.27,202.3,72.46,109.54,547.78,927.73,843.93,829.2
3014,2023-02-24T00:25:35.070000,7463834511,442.45,201.71,72.86,109.51,547.46,927.47,843.75,828.97
3015,2023-02-24T00:25:35.075000,7463834512,442.96,201.89,72.75,110.3,547.89,927.93,843.85,829.65
3016,2023-02-24T00:25:35.080000,7463834513,442.78,202.02,72.68,109.23,547.85,928.19,844.5,829.71
3017,2023-02-24T00:25:35.085000,7463834514,441.96,202.11,73.01,109.44,548,927.58,844.14,829.54
3018,2023-02-24T00:25:35.090000,7463834515,441.83,202.16,72.97,109.15,547.94,927.39,843.87,829.36
3019,2023-02-24T00:25:35.095000,7463834516,441.33,201.77,72.43,109.45,547.5,927.36,843.94,829.2
3020,2023-02-24T00:25:35.100000,7463834517,442.77,202.1,72.93,109.2,548.25,927.1,843.12,829.65
3021,2023-02-24T00:25:35.105000,7463834518,442.09,202.07,72.71,108.88,547.67,927.62,843.5,829.63
3022,2023-02-24T00:25:35.110000,7463834519,441.81,202.04,72.26,108.7,547.66,927.42,843.58,829.43
3023,2023-02-24T00:25:35.115000,7463834520,441.78,201.31,72.38,109.12,547.91,927.47,843.29,829.27
3024,2023-02-24T00:25:35.120000,7463834521,442.7,201.93,72.66,109.61,548.02,928.57,844.12,829.78
3025,2023-02-24T00:25:35.125000,7463834522,442.76,201.96,72.94,109.87,547.6,928.22,843.97,829.53
3026,2023-02-24T00:25:35.130000,7463834523,442.52,202.37,72.77,109.9,547.93,927.18,843.77,829.82
3027,2023-02-24T00:25:35.135000,7463834524,443.22,202.36,72.66,109.22,548.14,927.93,843.71,829.85
3028,2023-02-24T00:25:35.140000,7463834525,442.25,202.52,73.22,109.27,547.85,927.8,843.74,829.35
3029,2023-02-24T00:25:35.145000,7463834526,441.34,201.88,72.66,109.73,547.92,927.78,843.86,829.32
3030,2023-02-24T00:25:35.150000,7463834527,442.46,201.78,72.53,109.16,547.28,927.72,843.56,829.91
3031,2023-02-24T00:25:35.155000,7463834528,442.84,202.05,72.4,109.29,547.44,927.85,844.31,829.7
3032,2023-02-24T00:25:35.160000,7463834529,442.18,201.88,72.4,109.7,547.7,927.86,844.03,829.87
3033,2023-02-24T00:25:35.165000,7463834530,442.25,201.81,72.14,109.58,547.68,927.69,843.63,829.81
3034,2023-02-24T00:25:35.170000,7463834531,442.67,202.11,72.85,109.24,548.14,927.69,843.67,829.7
3035,2023-02-24T00:25:35.175000,7463834532,442.93,201.56,72.73,109.99,547.83,928.12,843.98,829.21
3036,2023-02-24T00:25:35.180000,7463834533,442.25,201.83,72.76,110.28,547.49,927.92,844.93,829.09
3037,2023-02-24T00:25:35.185000,7463834534,442.5,201.78,72.26,109.75,547.66,927.93,844.02,829.64
3038,2023-02-24T00:25:35.190000,7463834535,442.16,201.69,71.92,109.5,547.67,927.74,843.99,829.38
3039,2023-02-24T00:25:35.195000,7463834536,442.29,201.74,72.95,109.34,547.63,927.57,843.83,829.32
3040,2023-02-24T00:25:35.200000,7463834537,442.55,201.37,72.56,109.98,547.66,927.87,844.12,829.52
3041,2023-02-24T00:25:35.205000,7463834538,442.35,201.67,72.12,109.11,548.31,927.59,844.02,830.02
3042,2023-02-24T00:25:35.210000,7463834539,441.68,201.56,72.42,109.72,547.99,928.09,843.73,829.3
3043,2023-02-24T00:25:35.215000,7463834540,442.69,202.03,72.24,109.84,547.98,927.58,843.89,829.54
3044,2023-02-24T00:25:35.220000,7463834541,442.82,201.86,72.5,109.14,547.66,927.71,843.93,828.94
3045,2023-02-24T00:25:35.225000,7463834542,442.22,202.25,72.08,109.58,548.26,927.57,843.49,829.73
3046,2023-02-24T00:25:35.230000,7463834543,441.96,202.11,72.54,109.79,546.92,927.68,844.17,829.98
3047,2023-02-24T00:25:35.235000,7463834544,442.58,201.94,72.5,109.81,548.09,927.63,843.89,829.62
3048,2023-02-24T00:25:35.240000,7463834545,442.27,201.94,72.81,109.65,548.33,928.06,843.91,829.97
3049,2023-02-24T00:25:35.245000,7463834546,442.49,201.54,72.65,109.21,547.97,927.6,843.95,829.36
3050,2023-02-24T00:25:35.250000,7463834547,442.83,201.81,72.34,109.78,547.82,927.6,844.13,829.4
3051,2023-02-24T00:25:35.255000,7463834548,442.37,201.94,72.1,109.6,547.81,928.18,844.57,829.47
3052,2023-02-24T00:25:35.260000,7463834549,441.91,202.19,72.66,109.02,548.05,927.42,844.57,829.76
3053,2023-02-24T00:25:35.265000,7463834550,441.76,202.02,72.21,109.44,547.45,927.54,843.54,829.63
3054,2023-02-24T00:25:35.270000,7463834551,442.51,201.63,72.31,109.82,547.25,927.55,844.03,828.96
3055,2023-02-24T00:25:35.275000,7463834552,442.48,202.18,72.37,109.5,547.61,928.05,844.15,829.87
3056,2023-02-24T00:25:35.280000,7463834553,442.57,202.25,72.4,109.34,547.98,928.24,844.04,830.22
3057,2023-02-24T00:25:35.285000,7463834554,441.91,201.66,73.01,109,547.69,928.16,844.3,829.6
3058,2023-02-24T00:25:35.290000,7463834555,441.8,201.95,72.76,109.79,548.16,927.61,843.42,829.69
3059,2023-02-24T00:25:35.295000,7463834556,442.04,202.32,72.08,109.15,548.15,927.52,843.87,829.81
3060,2023-02-24T00:25:35.300000,7463834557,442.97,201.93,71.79,109.49,547.51,927.37,843.79,829.67
3061,2023-02-24T00:25:35.305000,7463834558,442.93,201.94,72.46,109.48,547.31,927.9,844,830.04
3062,2023-02-24T00:25:35.310000,7463834559,441.97,202.1,72.23,109.25,548.13,927.73,843.5,829.49
3063,2023-02-24T00:25:35.315000,7463834560,442.19,202.13,72.44,109.75,547.86,927.43,843.5,829.63
3064,2023-02-24T00:25:35.320000,7463834561,443.01,201.58,72.14,110.05,547.83,927.48,844.72,830
3065,2023-02-24T00:25:35.325000,7463834562,442.69,202.64,72.32,109.52,547.79,927.47,844.65,829.89
3066,2023-02-24T00:25:35.330000,7463834563,441.89,201.76,72.09,109.56,547.97,927.71,843.54,830.07
3067,2023-02-24T00:25:35.335000,7463834564,442.43,201.94,72.39,109.66,548.1,927.98,844.1,829.58
3068,2023-02-24T00:25:35.340000,7463834565,442.07,201.92,72.92,110.11,548.35,928.23,844.62,830.15
3069,2023-02-24T00:25:35.345000,7463834566,442.61,201.83,72.02,109.74,548.28,927.48,843.99,829.52
3070,2023-02-24T00:25:35.350000,7463834567,442.13,202.29,72.71,109.36,547.68,927.74,843.9,829.89
3071,2023-02-24T00:25:35.355000,7463834568,441.58,202.23,71.86,109.64,548.18,927.04,844.2,830.04
3072,2023-02-24T00:25:35.360000,7463834569,442.47,202.02,73.2,109.74,547.8,927.95,843.86,829.44
3073,2023-02-24T00:25:35.365000,7463834570,442.73,201.84,72.55,109.99,548.03,927.71,844.23,830.19
3074,2023-02-24T00:25:35.370000,7463834571,441.99,201.89,71.6,109.88,547.68,927.41,844,829.83
3075,2023-02-24T00:25:35.375000,7463834572,442.14,202.12,72.11,109.37,547.86,927.65,844.23,829.57
3076,2023-02-24T00:25:35.380000,7463834573,442.67,202.31,72.51,109.6,547.39,928.21,844.71,830.15
3077,2023-02-24T00:25:35.385000,7463834574,441.9,201.35,72.52,109.73,547.69,927.92,843.73,829.74
3078,2023-02-24T00:25:35.390000,7463834575,441.94,201.66,71.94,109.63,547.96,927.83,844.12,830.35
3079,2023-02-24T00:25:35.395000,7463834576,442.35,202.22,72.38,110.02,548,928.3,844.53,829.85
3080,2023-02-24T00:25:35.400000,7463834577,441.78,202.67,72.87,109.5,548.32,927.75,843.85,829.35
3081,2023-02-24T00:25:35.405000,7463834578,442.28,202.17,72.26,109.54,548.08,927.88,844.4,830.19
3082,2023-02-24T00:25:35.410000,7463834579,442.14,201.68,73.1,109.72,548.15,927.79,843.72,829.9
3083,2023-02-24T00:25:35.415000,7463834580,442.16,202.32,72.56,109.23,547.74,927.3,844.3,830.17
3084,2023-02-24T00:25:35.420000,7463834581,442.44,202.34,72.41,109.96,548.62,928.18,845.04,829.95
3085,2023-02-24T00:25:35.425000,7463834582,442.46,202.16,72.64,109.43,547.55,927.88,844.36,829.75
3086,2023-02-24T00:25:35.430000,7463834583,442.49,202.13,72.67,109.36,548.16,927.95,844.04,829.35
3087,2023-02-24T00:25:35.435000,7463834584,442.89,201.68,72.28,109.19,548.23,927.87,844.61,829.09
3088,2023-02-24T00:25:35.440000,7463834585,443,201.86,72.43,109.86,548.48,928.06,844.37,830.04
3089,2023-02-24T00:25:35.445000,7463834586,442.64,202.14,72.16,109.87,548.33,927.81,844.48,829.84
3090,2023-02-24T00:25:35.450000,7463834587,442.47,201.36,72.41,109.57,547.44,927.08,843.61,829.64
3091,2023-02-24T00:25:35.455000,7463834588,442.17,202.4,72.42,109.27,547.76,927.61,844.6,829.97
3092,2023-02-24T00:25:35.460000,7463834589,442.33,202.06,72.5,109.65,548.31,927.65,844.39,829.7
3093,2023-02-24T00:25:35.465000,7463834590,442.62,201.91,72.4,109.36,547.93,928.11,843.7,829.25
3094,2023-02-24T00:25:35.470000,7463834591,442.71,202.12,72.17,109.4,547.64,928.36,843.89,829.9
3095,2023-02-24T00:25:35.475000,7463834592,442.05,202.06,72.19,109.56,548.39,927.97,843.91,829.51
3096,2023-02-24T00:25:35.480000,7463834593,442.57,201.92,73.03,109.4,548.15,927.9,843.99,829.35
3097,2023-02-24T00:25:35.485000,7463834594,442.42,202.01,72.69,109.13,548.18,927.8,843.85,829.38
3098,2023-02-24T00:25:35.490000,7463834595,441.65,201.74,72.71,109.95,547.85,927.48,843.53,829.35
3099,2023-02-24T00:25:35.495000,7463834596,442.4,201.93,72.37,109.64,548.25,927.75,844.27,829.56
3100,2023-02-24T00:25:35.500000,7463834597,442.74,201.82,72.74,109.75,547.64,928,844.75,829.92
3101,2023-02-24T00:25:35.505000,7463834598,442.41,202.04,72.5,109.29,548,928.13,844.26,829.73
3102,2023-02-24T00:25:35.510000,7463834599,442.04,201.85,72.58,109.26,548.8,928.14,843.48,829.22
3103,2023-02-24T00:25:35.515000,7463834600,441.74,201.62,72.83,109.27,548.03,927.82,843.6,828.98
3104,2023-02-24T00:25:35.520000,7463834601,442.04,201.75,72.31,109.69,547.97,927.43,844.56,829.71
3105,2023-02-24T00:25:35.525000,7463834602,442.31,201.53,72.28,109.3,547.96,927.62,844.42,829.9
3106,2023-02-24T00:25:35.530000,7463834603,442.14,201.48,72.58,109.88,547.43,927.56,843.61,829.9
3107,2023-02-24T00:25:35.535000,7463834604,442.05,201.99,72.29,109.83,548.73,928.2,844.05,829.56
3108,2023-02-24T00:25:35.540000,7463834605,442.49,202.13,72.95,110.18,548.22,927.86,843.99,829.43
3109,2023-02-24T00:25:35.545000,7463834606,442.73,201.66,72.65,110.08,548.37,927.85,844.31,829.78
3110,2023-02-24T00:25:35.550000,7463834607,442.67,202.21,72.63,109.26,547.79,927.88,843.95,829.39
3111,2023-02-24T00:25:35.555000,7463834608,442.58,202.01,72.82,109.75,548.16,928.64,843.99,829.72
3112,2023-02-24T00:25:35.560000,7463834609,442.57,201.77,72.65,109.7,548.37,928.51,844.48,829.63
3113,2023-02-24T00:25:35.565000,7463834610,441.88,202.22,72.49,110.04,547.46,927.46,843.77,829.7
3114,2023-02-24T00:25:35.570000,7463834611,442.51,202.27,72.47,109.38,547.61,927.86,844.41,830.01
3115,2023-02-24T00:25:35.575000,7463834612,442.55,202.3,72.55,109.3,548.19,928.1,843.89,829.78
3116,2023-02-24T00:25:35.580000,7463834613,442.7,201.98,72.1,109.46,547.43,927.72,844.18,830.03
3117,2023-02-24T00:25:35.585000,7463834614,442.21,201.53,72.54,109.34,547.72,927.86,843.73,829.68
3118,2023-02-24T00:25:35.590000,7463834615,442.08,202.17,72.77,109.52,548.02,927.68,844.12,829.8
3119,2023-02-24T00:25:35.595000,7463834616,442.98,201.53,72.66,109.34,547.76,927.68,843.8,830.25
3120,2023-02-24T00:25:35.600000,7463834617,442.74,201.77,72.67,109.84,548.67,928.03,843.97,830.12
3121,2023-02-24T00:25:35.605000,7463834618,442.46,201.95,72.56,109.33,547.46,927.98,843.61,830.02
3122,2023-02-24T00:25:35.610000,7463834619,442.29,202.15,72.59,109.98,548.18,927.38,844.24,829.55
3123,2023-02-24T00:25:35.615000,7463834620,442.65,202.04,72.59,108.85,548.08,927.98,844.18,829.33
3124,2023-02-24T00:25:35.620000,7463834621,442.13,202.11,72.14,109.49,547.52,927.93,844.45,829.1
3125,2023-02-24T00:25:35.625000,7463834622,442.31,201.73,72.14,109.72,547.43,927.03,844.42,829.51
3126,2023-02-24T00:25:35.630000,7463834623,442.35,201.83,72.82,109.68,547.88,927.35,843.75,829.78
3127,2023-02-24T00:25:35.635000,7463834624,442.1,201.68,72.49,109.16,547.83,927.64,843.57,829.98
3128,2023-02-24T00:25:35.640000,7463834625,441.97,202.2,73.07,109.9,548.24,928.26,844.45,829.47
3129,2023-02-24T00:25:35.645000,7463834626,441.78,201.59,72.84,109.22,547.96,927.97,843.9,829.8
3130,2023-02-24T00:25:35.650000,7463834627,442.42,201.96,72.32,109.33,547.84,927.17,844.04,829.32
3131,2023-02-24T00:25:35.655000,7463834628,442.67,201.84,72.36,110.07,548.11,927.61,844.14,829.78
3132,2023-02-24T00:25:35.660000,7463834629,442.53,202.25,72.98,109.92,548.1,928.2,844.37,829.96
3133,2023-02-24T00:25:35.665000,7463834630,441.79,201.64,72.72,108.98,547.92,927.54,844.02,829.66
3134,2023-02-24T00:25:35.670000,7463834631,442.34,202.06,72.76,109.17,547.69,927.41,844,829.91
3135,2023-02-24T00:25:35.675000,7463834632,442.34,201.88,72.09,109.71,547.99,927.58,843.89,829.96
3136,2023-02-24T00:25:35.680000,7463834633,442.22,201.85,72.09,109.52,547.66,927.8,844.03,829.82
3137,2023-02-24T00:25:35.685000,7463834634,441.99,201.71,72.31,108.99,547.64,927.68,844.61,829.43
3138,2023-02-24T00:25:35.690000,7463834635,441.92,201.84,72.07,109.49,548.05,927.56,844.85,829.75
3139,2023-02-24T00:25:35.695000,7463834636,443.11,202.24,72.61,109.54,547.64,927.65,844.21,829.7
3140,2023-02-24T00:25:35.700000,7463834637,442.03,201.89,72.44,109.7,548.08,927.34,844,829.87
3141,2023-02-24T00:25:35.705000,7463834638,442.45,201.96,72.2,109.59,547.58,927.61,843.56,830.02
3142,2023-02-24T00:25:35.710000,7463834639,441.68,201.74,72.37,109.07,547.97,927.04,843.79,830.43
3143,2023-02-24T00:25:35.715000,7463834640,442.31,201.67,72.88,110.04,547.96,927.97,843.88,829.3
3144,2023-02-24T00:25:35.720000,7463834641,441.93,202.21,72.88,110.08,548.39,928.35,844.47,829.98
3145,2023-02-24T00:25:35.725000,7463834642,442.52,201.85,72.3,109.28,547.39,927.94,844.31,829.62
3146,2023-02-24T00:25:35.730000,7463834643,442.56,201.88,72.15,109.38,547.34,927.64,843.75,830.03
3147,2023-02-24T00:25:35.735000,7463834644,442.44,202.23,72.16,109.81,548.17,927.6,844.1,829.15
3148,2023-02-24T00:25:35.740000,7463834645,442.18,201.83,72.49,109.99,548.18,927.98,844.41,830.45
3149,2023-02-24T00:25:35.745000,7463834646,442.33,202.39,72,109.99,547.76,927.98,844.19,830.12
3150,2023-02-24T00:25:35.750000,7463834647,442.45,201.79,71.96,109.49,548.1,927.59,844.03,829.78
3151,2023-02-24T00:25:35.755000,7463834648,442.39,201.76,72.97,109.56,548.53,927.77,843.82,829.68
3152,2023-02-24T00:25:35.760000,7463834649,442.55,202.12,72.61,109.23,548.1,928.02,844.97,829.73
3153,2023-02-24T00:25:35.765000,7463834650,442.38,202.32,72.43,108.81,547.85,928.09,843.82,829.45
3154,2023-02-24T00:25:35.770000,7463834651,441.39,201.63,72.55,109.42,547.45,927.28,844.5,829.51
3155,2023-02-24T00:25:35.775000,7463834652,442.68,201.97,72.4,109.48,548.16,927.71,844.67,830.11
3156,2023-02-24T00:25:35.780000,7463834653,443.28,202.25,73.27,109.12,547.65,927.35,844.16,829.85
3157,2023-02-24T00:25:35.785000,7463834654,442.76,201.97,72.86,109.56,547.98,927.66,844.03,829.31
3158,2023-02-24T00:25:35.790000,7463834655,442.54,201.79,72.16,109.6,547.97,928.05,843.74,829.76
3159,2023-02-24T00:25:35.795000,7463834656,442.61,202.21,72.2,110.4,548.08,927.69,843.53,829.83
3160,2023-02-24T00:25:35.800000,7463834657,442.48,201.84,72.69,109.42,547.8,928.02,844.6,829.81
3161,2023-02-24T00:25:35.805000,7463834658,442.69,201.93,72.33,108.94,547.86,927.99,843.84,830.07
3162,2023-02-24T00:25:35.810000,7463834659,442.31,202.45,72.2,109.12,548.01,927.77,844.01,829.52
3163,2023-02-24T00:25:35.815000,7463834660,442.72,201.78,72.9,109.46,547.37,927.9,843.75,830.2
3164,2023-02-24T00:25:35.820000,7463834661,442.82,202.18,72.26,109.61,548.04,927.97,844.37,829.4
3165,2023-02-24T00:25:35.825000,7463834662,442.54,201.02,72.57,109.81,547.64,927.84,844.38,829.93
3166,2023-02-24T00:25:35.830000,7463834663,442.66,201.44,72.17,109.12,548.09,927.81,844.15,830.38
3167,2023-02-24T00:25:35.835000,7463834664,442.02,201.73,72.53,109.63,547.93,927.64,844.46,829.47
3168,2023-02-24T00:25:35.840000,7463834665,442.1,201.45,72.51,109.71,547.93,927.51,844.04,829.45
3169,2023-02-24T00:25:35.845000,7463834666,442.07,201.74,72.87,109.95,547.6,927.84,843.43,829.94
3170,2023-02-24T00:25:35.850000,7463834667,442.55,201.71,71.97,109.48,548.29,927.59,844,829.42
3171,2023-02-24T00:25:35.855000,7463834668,442.94,201.98,72.84,110.23,548.23,928.07,844.16,829.65
3172,2023-02-24T00:25:35.860000,7463834669,442.69,202.15,73.17,109.52,548.82,928.31,844.36,829.68
3173,2023-02-24T00:25:35.865000,7463834670,442.32,201.89,72.41,109.7,548.3,928.16,844.27,830.02
3174,2023-02-24T00:25:35.870000,7463834671,442.14,201.46,72.11,109.31,547.49,927.14,844.17,829.29
3175,2023-02-24T00:25:35.875000,7463834672,442.17,202.19,72.73,109.26,548.17,927.46,844.18,829.68
3176,2023-02-24T00:25:35.880000,7463834673,443.05,202.19,72.25,109.66,547.66,927.59,844.48,830.17
3177,2023-02-24T00:25:35.885000,7463834674,442.57,201.82,72.48,109.33,547.54,927.89,844.23,829.54
3178,2023-02-24T00:25:35.890000,7463834675,442.36,201.53,72.79,109.7,547.63,927.98,844.13,829.9
3179,2023-02-24T00:25:35.895000,7463834676,442.37,202.05,72.67,109.77,547.74,928.13,843.74,829.66
3180,2023-02-24T00:25:35.900000,7463834677,442.8,201.73,72.41,109.44,547.99,928.07,844.38,829.93
3181,2023-02-24T00:25:35.905000,7463834678,442.17,201.99,72.97,109.57,547.61,927.42,844.37,829.41
3182,2023-02-24T00:25:35.910000,7463834679,442.33,202.19,72.54,108.98,547.61,927.84,844.04,829.92
3183,2023-02-24T00:25:35.915000,7463834680,442.54,201.92,72.4,109.73,547.66,927.93,844.02,829.63
3184,2023-02-24T00:25:35.920000,7463834681,441.85,202.03,72.73,109.48,547.7,927.57,844.67,829.87
3185,2023-02-24T00:25:35.925000,7463834682,442.05,202,72.62,109.15,547.83,928.27,844.04,829.29
3186,2023-02-24T00:25:35.930000,7463834683,441.98,201.28,72.35,109.69,548.11,927.24,843.88,829.82
3187,2023-02-24T00:25:35.935000,7463834684,442.4,202.06,72.79,109.74,548.35,927.19,843.85,829.33
3188,2023-02-24T00:25:35.940000,7463834685,442.51,202.43,72.53,110.09,548.33,927.75,844.15,829.89
3189,2023-02-24T00:25:35.945000,7463834686,442.04,202.49,72.32,109.09,547.77,927.8,844.27,830.15
3190,2023-02-24T00:25:35.950000,7463834687,442.42,202.45,72.36,109.41,547.54,927.91,843.94,829.66
3191,2023-02-24T00:25:35.955000,7463834688,442.03,201.56,72.49,109.81,547.74,927.7,843.9,830.27
3192,2023-02-24T00:25:35.960000,7463834689,442.33,201.96,72.84,109.77,547.6,928.27,844.3,829.75
3193,2023-02-24T00:25:35.965000,7463834690,442.36,202.42,72.85,109.75,547.85,927.79,844.31,829.63
3194,2023-02-24T00:25:35.970000,7463834691,442.04,201.67,72.77,109.8,547.84,927.58,844.22,829.82
3195,2023-02-24T00:25:35.975000,7463834692,441.87,201.33,72.54,109.06,547.63,927.74,844.15,829.87
3196,2023-02-24T00:25:35.980000,7463834693,442.81,201.63,72.99,109.33,547.54,927.64,844.23,829.3
3197,2023-02-24T00:25:35.985000,7463834694,442.76,201.94,72.56,109.02,547.81,928.24,844.64,829.97
3198,2023-02-24T00:25:35.990000,7463834695,442.15,201.68,72.06,109.55,547.68,926.74,844.02,829.9
3199,2023-02-24T00:25:35.995000,7463834696,442.61,201.98,72.98,109.43,547.15,927.9,844.22,829.82
3200,2023-02-24T00:25:36,7463834697,442.74,202.51,72.74,110.03,548.62,928.24,844.2,830.04
3201,2023-02-24T00:25:36.005000,7463834698,442.71,201.79,72.56,109.45,547.83,927.91,843.47,830.23
3202,2023-02-24T00:25:36.010000,7463834699,441.92,202.45,71.69,109.74,548.01,927.44,843.74,829.62
3203,2023-02-24T00:25:36.015000,7463834700,442.62,202.27,72.19,109.36,548.78,927.37,843.82,829.31
3204,2023-02-24T00:25:36.020000,7463834701,441.83,202.29,73.29,109.75,547.65,927.59,843.63,829.32
3205,2023-02-24T00:25:36.025000,7463834702,441.83,201.72,72.39,109.93,548.49,927.66,843.56,829.84
3206,2023-02-24T00:25:36.030000,7463834703,442.39,201.89,72.84,109.24,547.46,927.43,843.35,829.74
3207,2023-02-24T00:25:36.035000,7463834704,442.06,202.48,72.36,109.67,547.43,927.2,843.78,829.29
3208,2023-02-24T00:25:36.040000,7463834705,442.31,202.02,72.45,110.14,547.93,927.6,843.97,829.26
3209,2023-02-24T00:25:36.045000,7463834706,442.32,201.91,72.12,109.66,548.27,927.78,843.92,829.52
3210,2023-02-24T00:25:36.050000,7463834707,441.91,202.18,71.95,108.92,547.57,927.28,844.33,829.99
3211,2023-02-24T00:25:36.055000,7463834708,442.94,201.54,72.04,109.85,547.96,928.41,843.8,829.88
3212,2023-02-24T00:25:36.060000,7463834709,441.76,202.42,72.12,109.97,547.97,927.87,844.15,829.92
3213,2023-02-24T00:25:36.065000,7463834710,442.82,202.17,73.13,109.43,547.66,927.85,843.59,830.26
3214,2023-02-24T00:25:36.070000,7463834711,442.27,201.83,72.16,109.2,547.64,926.82,843.96,829.89
3215,2023-02-24T00:25:36.075000,7463834712,441.77,201.96,72.58,109.99,547.87,927.65,844.16,830.06
3216,2023-02-24T00:25:36.080000,7463834713,442.8,202.38,72.32,109.67,547.99,927.88,844.43,830.25
3217,2023-02-24T00:25:36.085000,7463834714,442.57,202.41,72.06,109.28,548.12,927.99,843.58,829.29
3218,2023-02-24T00:25:36.090000,7463834715,442.76,201.4,72.87,109.35,547.58,927.65,843.94,829.63
3219,2023-02-24T00:25:36.095000,7463834716,442.03,201.68,72.47,109.12,547.49,927.43,843.94,829.61
3220,2023-02-24T00:25:36.100000,7463834717,442.09,201.81,72.69,109.79,547.66,927.85,844.13,829.25
3221,2023-02-24T00:25:36.105000,7463834718,442.5,201.64,72.18,109.7,547.57,927.89,844.23,829.23
3222,2023-02-24T00:25:36.110000,7463834719,442.67,201.61,72.61,109.54,547.58,928.05,843.81,829.82
3223,2023-02-24T00:25:36.115000,7463834720,442.21,201.63,72.63,109.62,547.62,927.86,843.89,829.82
3224,2023-02-24T00:25:36.120000,7463834721,441.79,202.02,72.68,109.52,548.34,928.07,844.56,830.05
3225,2023-02-24T00:25:36.125000,7463834722,442.52,202.25,71.68,108.98,548.09,927.7,843.92,829.21
3226,2023-02-24T00:25:36.130000,7463834723,441.99,201.13,72.25,109.41,547.52,927.26,843.67,830.31
3227,2023-02-24T00:25:36.135000,7463834724,442.14,201.67,72.25,109.64,547.92,927.94,843.73,829.55
3228,2023-02-24T00:25:36.140000,7463834725,442.31,201.6,72.43,110.26,547.77,927.6,844.07,829.62
3229,2023-02-24T00:25:36.145000,7463834726,443.04,201.77,72.94,109.83,548.06,928.21,844.28,829.3
3230,2023-02-24T00:25:36.150000,7463834727,443.28,201.54,72.15,109.43,547.86,927.62,844.03,829.3
3231,2023-02-24T00:25:36.155000,7463834728,442.04,202.05,71.94,109.5,547.85,927.47,844.08,829.96
3232,2023-02-24T00:25:36.160000,7463834729,442.34,202.28,72.21,110.17,548.02,927.8,844.25,830.16
3233,2023-02-24T00:25:36.165000,7463834730,442.05,202.01,72.76,109.77,548.12,927.71,844.19,829.98
3234,2023-02-24T00:25:36.170000,7463834731,441.86,201.58,72.19,109.77,548.02,927.1,843.98,829.53
3235,2023-02-24T00:25:36.175000,7463834732,442.21,202.01,72.49,109.33,547.57,927.77,843.39,829.67
3236,2023-02-24T00:25:36.180000,7463834733,442.41,201.82,72.7,109.6,547.83,927.77,844.52,829.82
3237,2023-02-24T00:25:36.185000,7463834734,442.07,201.53,72.27,108.68,548.07,927.51,844,830.29
3238,2023-02-24T00:25:36.190000,7463834735,441.75,201.47,72.41,109.37,547.5,927.33,844.04,829.25
3239,2023-02-24T00:25:36.195000,7463834736,442.45,202.03,72.36,109.24,547.88,927.82,844.13,829.42
3240,2023-02-24T00:25:36.200000,7463834737,442.39,202.26,72.34,109.58,548.08,926.71,844.07,830.01
3241,2023-02-24T00:25:36.205000,7463834738,442.44,201.58,72.52,109.35,547.84,927.84,843.82,829.2
3242,2023-02-24T00:25:36.210000,7463834739,443.76,201.82,71.31,109.88,548.01,927.41,843.78,829.77
3243,2023-02-24T00:25:36.215000,7463834740,441.9,201.11,72.22,109.51,547.76,927.65,843.89,829.78
3244,2023-02-24T00:25:36.220000,7463834741,442.24,201.66,73.51,109.56,547.75,927.6,844.65,829.73
3245,2023-02-24T00:25:36.225000,7463834742,441.82,202.24,72.31,109.69,548.23,927.56,843.89,829.49
3246,2023-02-24T00:25:36.230000,7463834743,441.87,201.79,72.55,108.92,548.01,927.53,844.57,829.19
3247,2023-02-24T00:25:36.235000,7463834744,442.32,201.34,72.79,109.7,547.83,927.77,844.61,830.03
3248,2023-02-24T00:25:36.240000,7463834745,442.5,202.11,72.48,109.53,547.82,927.81,844.36,830.17
3249,2023-02-24T00:25:36.245000,7463834746,442.2,201.43,72.64,109.08,547.59,927.86,843.97,828.88
3250,2023-02-24T00:25:36.250000,7463834747,442.35,201.41,72.45,109.24,548.5,927.67,844,829.38
3251,2023-02-24T00:25:36.255000,7463834748,442.47,202.26,71.99,109.74,548.1,927.99,844.09,830.29
3252,2023-02-24T00:25:36.260000,7463834749,442.69,201.91,72.52,109.67,547.76,928.31,844.23,829.66
3253,2023-02-24T00:25:36.265000,7463834750,442.48,201.82,72.19,109.37,547.82,927.91,844.04,829.61
3254,2023-02-24T00:25:36.270000,7463834751,442.29,201.61,72.09,109.23,547.94,927.34,844.22,829.5
3255,2023-02-24T00:25:36.275000,7463834752,443.3,201.94,72.96,109.53,547.87,927.83,843.62,829.9
3256,2023-02-24T00:25:36.280000,7463834753,442.54,202.02,72.22,110.37,547.96,927.81,844.09,830.22
3257,2023-02-24T00:25:36.285000,7463834754,442.84,201.75,72.03,109.39,547.6,927.72,843.85,829.95
3258,2023-02-24T00:25:36.290000,7463834755,442,201.52,72.06,109.07,547.46,927.95,844.09,829.89
3259,2023-02-24T00:25:36.295000,7463834756,442.42,201.71,72.45,109.87,548.13,927.81,843.75,830.13
3260,2023-02-24T00:25:36.300000,7463834757,441.97,202.16,72.4,109.62,548.44,927.97,844.35,829.96
3261,2023-02-24T00:25:36.305000,7463834758,441.67,202.21,72.65,109.22,547.71,926.83,843.98,830.15
3262,2023-02-24T00:25:36.310000,7463834759,442.18,202.03,72.27,109.97,547.81,927.52,843.83,829.91
3263,2023-02-24T00:25:36.315000,7463834760,441.92,202.37,72.83,109.9,547.91,927.38,843.85,829.99
3264,2023-02-24T00:25:36.320000,7463834761,442.47,201.78,72.77,109.95,547.84,928.15,844.58,829.68
3265,2023-02-24T00:25:36.325000,7463834762,442.34,202.17,72.5,109.87,547.73,927.74,843.77,829.85
3266,2023-02-24T00:25:36.330000,7463834763,441.97,202.55,72.21,109.54,547.48,927.34,844.24,829.64
3267,2023-02-24T00:25:36.335000,7463834764,442.66,202.03,72.18,109.59,548.33,927.82,844.03,829.83
3268,2023-02-24T00:25:36.340000,7463834765,442.14,201.64,72.5,109.71,548.46,927.79,844.45,830.09
3269,2023-02-24T00:25:36.345000,7463834766,442.79,201.81,72.81,110.04,548.18,927.49,844.27,830.16
3270,2023-02-24T00:25:36.350000,7463834767,442.51,202.16,72.35,109.75,547.89,927.3,844.3,829.83
3271,2023-02-24T00:25:36.355000,7463834768,442.41,201.95,72.31,109.57,547.5,927.9,844.14,829.47
3272,2023-02-24T00:25:36.360000,7463834769,442.07,202.17,72.12,109.24,548.63,927.75,844.71,829.64
3273,2023-02-24T00:25:36.365000,7463834770,442.74,202.36,72.63,109.39,548.29,928.25,844.44,829.65
3274,2023-02-24T00:25:36.370000,7463834771,442.35,202.53,72.65,109.27,548.15,927.52,843.82,828.8
3275,2023-02-24T00:25:36.375000,7463834772,441.85,202.54,72.8,110.31,547.49,927.52,844,830.24
3276,2023-02-24T00:25:36.380000,7463834773,441.82,202.11,72.41,109.57,548.33,927.8,844.38,829.67
3277,2023-02-24T00:25:36.385000,7463834774,441.98,202.06,72.25,110.4,548.55,927.85,843.98,829.62
3278,2023-02-24T00:25:36.390000,7463834775,441.53,202.15,72.4,109.23,547.79,927.6,843.96,829.3
3279,2023-02-24T00:25:36.395000,7463834776,442.15,201.73,72.74,109.74,547.94,927.61,843.89,829.54
3280,2023-02-24T00:25:36.400000,7463834777,442.79,201.83,72.43,109.51,547.8,928.18,843.94,830.04
3281,2023-02-24T00:25:36.405000,7463834778,442.41,202.69,72.49,109.62,547.92,927.85,843.87,829.25
3282,2023-02-24T00:25:36.410000,7463834779,442.39,202.42,72.31,109.62,547.7,927.65,844.67,830.25
3283,2023-02-24T00:25:36.415000,7463834780,442.74,201.35,72.32,109.3,548.34,928.16,844.12,829.98
3284,2023-02-24T00:25:36.420000,7463834781,442.42,201.67,72.05,110.21,547.85,928.06,844.13,829.9
3285,2023-02-24T00:25:36.425000,7463834782,442.01,202.08,72.74,109.5,548.2,927.95,844.17,829.73
3286,2023-02-24T00:25:36.430000,7463834783,441.96,202.01,72.52,108.91,547.93,927.74,844.25,829.35
3287,2023-02-24T00:25:36.435000,7463834784,442.57,202.2,72.56,109.03,547.83,927.58,844.46,829.89
3288,2023-02-24T00:25:36.440000,7463834785,442.52,201.85,72.66,109.32,547.52,928.39,844.58,830
3289,2023-02-24T00:25:36.445000,7463834786,442.75,201.83,72.24,109.32,547.86,927.62,844.65,830.02
3290,2023-02-24T00:25:36.450000,7463834787,441.97,201.87,72.07,109.28,547.69,927.24,843.93,829.68
3291,2023-02-24T00:25:36.455000,7463834788,442.88,202.03,72.88,109.27,547.71,926.61,843.9,829.55
3292,2023-02-24T00:25:36.460000,7463834789,442.83,201.63,72.6,108.81,547.53,927.71,844.24,830.12
3293,2023-02-24T00:25:36.465000,7463834790,442.02,202.02,72.94,109.51,547.85,927.26,844.52,829.65
3294,2023-02-24T00:25:36.470000,7463834791,442.54,201.81,72.3,109.34,547.97,927.37,844.89,829.55
3295,2023-02-24T00:25:36.475000,7463834792,442.63,201.85,72.02,109.54,548.22,927.92,843.98,829.67
3296,2023-02-24T00:25:36.480000,7463834793,442.92,202.24,72.96,109.83,548.14,928.3,844.37,829.64
3297,2023-02-24T00:25:36.485000,7463834794,443.02,202.2,72.49,109.35,548.21,928.17,844.59,829.89
3298,2023-02-24T00:25:36.490000,7463834795,442.09,201.84,72.67,109.42,547.76,928.4,843.82,829.76
3299,2023-02-24T00:25:36.495000,7463834796,442.19,201.73,72.65,109.8,547.81,928.18,844.35,829.98
3300,2023-02-24T00:25:36.500000,7463834797,442.51,202.09,71.86,109.74,547.92,927.71,844.62,829.85
3301,2023-02-24T00:25:36.505000,7463834798,442.33,201.93,72.65,109.74,548.2,928.31,844.32,829.88
3302,2023-02-24T00:25:36.510000,7463834799,441.65,202.16,72.18,109.47,548.39,927.6,843.88,830.07
3303,2023-02-24T00:25:36.515000,7463834800,442.11,201.39,72.66,109.37,548.12,927.56,844.29,830.24
3304,2023-02-24T00:25:36.520000,7463834801,442.4,202.13,72.14,109.53,547.49,927.97,844.55,829.89
3305,2023-02-24T00:25:36.525000,7463834802,442.21,201.61,72.54,109.94,548.2,928,844.22,830.09
3306,2023-02-24T00:25:36.530000,7463834803,442.09,201.84,71.87,109.64,548.34,927.92,844.32,830.25
3307,2023-02-24T00:25:36.535000,7463834804,442.33,202.05,72.83,109.56,549.18,927.9,844.29,830.26
3308,2023-02-24T00:25:36.540000,7463834805,442.79,201.9,72.46,109.26,548.15,927.56,844.15,829.37
3309,2023-02-24T00:25:36.545000,7463834806,442.15,201.54,72.75,109.35,547.72,927.76,844.63,829.84
3310,2023-02-24T00:25:36.550000,7463834807,442.68,201.84,72.38,109.04,547.63,927.62,844.3,829.85
3311,2023-02-24T00:25:36.555000,7463834808,441.71,202.37,72.47,109.21,547.91,928.02,844.72,829.7
3312,2023-02-24T00:25:36.560000,7463834809,441.59,201.91,72.03,109.37,547.78,927.96,843.92,829.97
3313,2023-02-24T00:25:36.565000,7463834810,442.71,201.32,72.45,109.48,547.7,927.42,844.67,830.14
3314,2023-02-24T00:25:36.570000,7463834811,442.65,201.42,72.32,109.14,548.16,927.91,844.71,830.23
3315,2023-02-24T00:25:36.575000,7463834812,443.29,201.9,72.12,109.88,548.12,927.94,844.3,830.08
3316,2023-02-24T00:25:36.580000,7463834813,442.29,202.14,72.21,109.89,547.53,928.19,844.77,829.83
3317,2023-02-24T00:25:36.585000,7463834814,442,201.91,72.16,109.03,547.72,928.32,844.27,829.79
3318,2023-02-24T00:25:36.590000,7463834815,442.48,201.4,72.26,109.62,548.22,927.57,843.67,829.81
3319,2023-02-24T00:25:36.595000,7463834816,442.87,201.74,72.83,109.8,548.13,927.89,843.98,830
3320,2023-02-24T00:25:36.600000,7463834817,442.25,201.44,72.59,109.45,547.76,927.68,844.48,829.91
3321,2023-02-24T00:25:36.605000,7463834818,442.3,201.52,72.56,109.75,547.68,927.8,844.44,830.31
3322,2023-02-24T00:25:36.610000,7463834819,442.44,202.22,72.12,109.59,547.86,927.46,843.9,829.91
3323,2023-02-24T00:25:36.615000,7463834820,442.54,201.75,72.58,109.82,547.44,927.95,844.24,830.26
3324,2023-02-24T00:25:36.620000,7463834821,442.34,201.31,71.87,109.32,547.88,928.4,843.93,829.39
3325,2023-02-24T00:25:36.625000,7463834822,442.67,201.62,72.67,109.5,547.93,927.64,844.35,829.79
3326,2023-02-24T00:25:36.630000,7463834823,442.46,201.84,72.49,109.7,548.08,927.93,843.86,830.13
3327,2023-02-24T00:25:36.635000,7463834824,442.58,202.46,72.28,110.3,547.81,928,844.45,830.21
3328,2023-02-24T00:25:36.640000,7463834825,442.45,202.07,72.37,109.83,548.41,927.65,843.83,829.73
3329,2023-02-24T00:25:36.645000,7463834826,441.75,202.02,72.28,109.28,548.22,927.68,843.73,829.77
3330,2023-02-24T00:25:36.650000,7463834827,442.17,201.99,72.57,109.36,547.79,928.19,844.38,829.72
3331,2023-02-24T00:25:36.655000,7463834828,442.11,201.58,72.25,109.68,547.74,928.49,844.09,829.21
3332,2023-02-24T00:25:36.660000,7463834829,442.19,201.81,72.4,109.79,547.87,927.72,844.22,829.05
3333,2023-02-24T00:25:36.665000,7463834830,442.18,201.8,72.58,109.57,548.16,927.57,843.45,830
3334,2023-02-24T00:25:36.670000,7463834831,442.38,201.98,72.63,109.72,548.84,927.97,843.22,829.98
3335,2023-02-24T00:25:36.675000,7463834832,442.03,202.22,72.32,109,548.03,928.15,843.86,830
3336,2023-02-24T00:25:36.680000,7463834833,442.53,202.43,72.88,109.33,548.26,928.09,844.14,829.49
3337,2023-02-24T00:25:36.685000,7463834834,442.55,202.36,72.89,109.4,548.42,928.19,844.18,829.97
3338,2023-02-24T00:25:36.690000,7463834835,442.41,202.37,72.16,109.78,548.24,928.01,845.05,830.4
3339,2023-02-24T00:25:36.695000,7463834836,441.65,201.67,72.28,109.67,547.61,927.66,843.97,830.04
3340,2023-02-24T00:25:36.700000,7463834837,442.3,202.6,72.1,109.45,548.2,927.92,844.3,829.63
3341,2023-02-24T00:25:36.705000,7463834838,442.25,201.88,72.77,109.63,547.66,928.2,843.86,830.33
3342,2023-02-24T00:25:36.710000,7463834839,442.19,202.38,72.61,109.15,548.44,927.91,843.79,829.64
3343,2023-02-24T00:25:36.715000,7463834840,442.32,201.81,72.7,109.34,548.13,927.45,844.45,829.47
3344,2023-02-24T00:25:36.720000,7463834841,442.54,201.92,72.53,109.93,547.57,927.74,844.5,829.41
3345,2023-02-24T00:25:36.725000,7463834842,442.41,201.76,72.38,109.35,548.04,928.2,844.38,829.57
3346,2023-02-24T00:25:36.730000,7463834843,441.93,202.15,72.54,109.19,547.86,927.29,844.98,829.85
3347,2023-02-24T00:25:36.735000,7463834844,441.27,202.01,72.63,109.32,548.22,928.17,843.78,829.49
3348,2023-02-24T00:25:36.740000,7463834845,442.52,201.55,72.48,109.23,547.8,927.38,843.91,829.58
3349,2023-02-24T00:25:36.745000,7463834846,442.61,201.61,72.73,109.46,547.84,927.76,844.19,829.68
3350,2023-02-24T00:25:36.750000,7463834847,442.27,202.11,72.82,109.9,547.98,927.72,843.59,829.5
3351,2023-02-24T00:25:36.755000,7463834848,442.36,202.74,72.44,109.24,547.85,928.01,844.48,829.5
3352,2023-02-24T00:25:36.760000,7463834849,441.89,201.66,72.77,109.44,548.01,928.16,844.25,829.65
3353,2023-02-24T00:25:36.765000,7463834850,442.27,202,72.39,109.68,548.23,927.98,843.98,829.59
3354,2023-02-24T00:25:36.770000,7463834851,441.96,202.06,72.86,110.15,547.6,927.8,843.78,830.01
3355,2023-02-24T00:25:36.775000,7463834852,441.91,201.74,72.75,109.18,547.13,927.64,843.9,829.7
3356,2023-02-24T00:25:36.780000,7463834853,442.29,201.9,72.79,109.7,548.28,927.4,844.42,829.77
3357,2023-02-24T00:25:36.785000,7463834854,442.12,201.49,72.08,109.88,548.1,927.87,844.55,830.06
3358,2023-02-24T00:25:36.790000,7463834855,442.3,201.89,72.61,109.28,547.74,928,844.51,830.16
3359,2023-02-24T00:25:36.795000,7463834856,442.04,201.61,72.39,109.24,548.11,928,844.29,830.18
3360,2023-02-24T00:25:36.800000,7463834857,442.17,201.56,72.35,109.55,547.86,927.57,843.97,829.67
3361,2023-02-24T00:25:36.805000,7463834858,442.79,201.98,72.56,109.38,547.91,927.61,843.75,829.88
3362,2023-02-24T00:25:36.810000,7463834859,442.31,202.44,72.48,109.75,547.46,927.66,843.88,829.81
3363,2023-02-24T00:25:36.815000,7463834860,442.05,202.23,72.55,109.82,547.66,928.01,844.15,829.34
3364,2023-02-24T00:25:36.820000,7463834861,442.24,201.74,72.49,109.39,548.24,927.73,844.37,829.29
3365,2023-02-24T00:25:36.825000,7463834862,441.89,202.33,73.28,109.85,548.62,927.93,844.67,830.11
3366,2023-02-24T00:25:36.830000,7463834863,441.96,201.56,73.16,109.44,547.75,927.92,844.02,830.18
3367,2023-02-24T00:25:36.835000,7463834864,442.39,201.7,72.99,109.13,547.52,927.26,844.22,829.14
3368,2023-02-24T00:25:36.840000,7463834865,441.53,201.85,72.47,109.32,547.67,927.5,843.89,829.4
3369,2023-02-24T00:25:36.845000,7463834866,442.68,202.04,72.11,109.34,548.14,928.08,844.13,829.61
3370,2023-02-24T00:25:36.850000,7463834867,442.07,202.24,72.42,109.62,547.62,928.2,843.7,830.01
3371,2023-02-24T00:25:36.855000,7463834868,442.01,202.18,72.21,109.97,547.64,927.9,843.77,829.48
3372,2023-02-24T00:25:36.860000,7463834869,442.22,201.93,72.71,109.68,547.33,927.61,843.66,829.77
3373,2023-02-24T00:25:36.865000,7463834870,442.5,202.26,72.35,109.83,547.82,928.43,843.79,829.98
3374,2023-02-24T00:25:36.870000,7463834871,442.17,201.72,72.54,109.44,547.8,928.5,843.61,829.47
3375,2023-02-24T00:25:36.875000,7463834872,442.39,202.02,72.56,109.64,548.3,928.09,844.27,829.8
3376,2023-02-24T00:25:36.880000,7463834873,442.54,201.99,72.25,109.42,547.59,927.75,843.91,829.58
3377,2023-02-24T00:25:36.885000,7463834874,441.52,202.37,71.94,109.56,547.59,927.46,844.22,829.49
3378,2023-02-24T00:25:36.890000,7463834875,442.35,202.3,72.46,109.64,547.86,928.31,844.41,829.97
3379,2023-02-24T00:25:36.895000,7463834876,441.71,202.45,72.34,109.92,547.38,928.03,844.19,829.29
3380,2023-02-24T00:25:36.900000,7463834877,442.11,201.24,72.24,109.1,548.13,927.85,844.31,829.72
3381,2023-02-24T00:25:36.905000,7463834878,442.26,201.49,72.42,109.28,547.53,927.54,844.32,829.61
3382,2023-02-24T00:25:36.910000,7463834879,442.39,201.92,72.71,109.87,547.5,927.95,844.47,829.72
3383,2023-02-24T00:25:36.915000,7463834880,442.8,202.2,72.27,109.56,547.85,927.24,844.14,829.92
3384,2023-02-24T00:25:36.920000,7463834881,441.57,201.85,72.48,109.54,547.84,927.37,844.16,829.6
3385,2023-02-24T00:25:36.925000,7463834882,441.86,201.94,72.47,109.26,547.46,928.29,844.2,830.13
3386,2023-02-24T00:25:36.930000,7463834883,442.71,202.2,71.66,109.33,547.64,927.97,844.54,830.28
3387,2023-02-24T00:25:36.935000,7463834884,442.29,201.99,72.39,109.2,548.28,928.31,843.99,829.89
3388,2023-02-24T00:25:36.940000,7463834885,442.28,202.16,71.7,109.75,547.48,927.91,843.89,829.86
3389,2023-02-24T00:25:36.945000,7463834886,442.57,201.9,71.93,109.88,548.06,928.1,843.92,829.6
3390,2023-02-24T00:25:36.950000,7463834887,442.92,201.87,72.52,109.87,547.91,927.63,844.15,829.53
3391,2023-02-24T00:25:36.955000,7463834888,442.75,201.76,72.52,109.77,547.93,927.86,844.04,830.1
3392,2023-02-24T00:25:36.960000,7463834889,442.1,202.07,72.4,109.61,547.43,927.63,844.01,829.45
3393,2023-02-24T00:25:36.965000,7463834890,442.18,202.33,72.17,109.29,547.86,927.09,843.98,829.88
3394,2023-02-24T00:25:36.970000,7463834891,442.56,201.63,72.48,109.4,548.28,928.28,844.27,829.43
3395,2023-02-24T00:25:36.975000,7463834892,441.82,202.26,72.18,109.35,547.71,928.3,843.64,829.21
3396,2023-02-24T00:25:36.980000,7463834893,442.45,201.96,72.29,109.46,548.06,927.38,843.73,829.19
3397,2023-02-24T00:25:36.985000,7463834894,441.95,201.94,71.9,109.66,547.89,928.33,844.28,829.77
3398,2023-02-24T00:25:36.990000,7463834895,442.05,202.34,72.64,110.28,548.34,927.82,844.12,830
3399,2023-02-24T00:25:36.995000,7463834896,441.77,202.23,72.21,109.05,547.68,928.21,844.18,830.17
3400,2023-02-24T00:25:37,7463834897,442.86,201.68,72.16,109.62,547.27,927.43,844.04,829.87
3401,2023-02-24T00:25:37.005000,7463834898,442.32,202.44,72.56,109.45,547.67,927.75,843.48,829.33
3402,2023-02-24T00:25:37.010000,7463834899,442,201.61,72.84,109.48,547.67,927.78,844.27,829.9
3403,2023-02-24T00:25:37.015000,7463834900,442.1,201.61,72.2,109.75,547.41,927.34,844.45,829.59
3404,2023-02-24T00:25:37.020000,7463834901,442.07,201.46,72.36,109.36,547.71,927.74,844.1,829.82
3405,2023-02-24T00:25:37.025000,7463834902,442.35,201.55,72.4,109.44,547.17,927.56,843.74,829.84
3406,2023-02-24T00:25:37.030000,7463834903,442.54,201.55,72.31,110.03,547.84,927.76,844.4,829.76
3407,2023-02-24T00:25:37.035000,7463834904,442.26,202.13,72.33,109.27,548.1,927.62,843.87,829.72
3408,2023-02-24T00:25:37.040000,7463834905,442.05,201.88,72.42,109.23,548.34,927.72,843.85,829.5
3409,2023-02-24T00:25:37.045000,7463834906,442.42,201.85,72.87,108.64,547.28,927.92,844.12,829.91
3410,2023-02-24T00:25:37.050000,7463834907,442.64,201.76,72.51,109.42,547.43,927.89,843.68,829.63
3411,2023-02-24T00:25:37.055000,7463834908,443,202.2,72.81,109.67,547.96,928.17,844.33,829.4
3412,2023-02-24T00:25:37.060000,7463834909,442.46,201.69,72.61,109.84,548.01,927.62,843.81,829.1
3413,2023-02-24T00:25:37.065000,7463834910,442.74,202.28,72.52,109.93,547.93,927.52,843.82,829.63
3414,2023-02-24T00:25:37.070000,7463834911,442.39,202.28,72.48,110.03,547.87,928.13,843.92,829.91
3415,2023-02-24T00:25:37.075000,7463834912,442.68,201.33,72.46,109.39,547.88,927.54,843.87,829.85
3416,2023-02-24T00:25:37.080000,7463834913,442.66,201.76,72.73,109.42,547.53,927.58,843.97,829.29
3417,2023-02-24T00:25:37.085000,7463834914,442.2,201.71,72.49,109.73,547.8,927.8,843.8,829.5
3418,2023-02-24T00:25:37.090000,7463834915,442.15,201.79,72.24,109.1,547.91,928.08,844.05,829.88
3419,2023-02-24T00:25:37.095000,7463834916,442.24,201.59,72.4,108.99,548.37,928.05,843.45,830.06
3420,2023-02-24T00:25:37.100000,7463834917,441.94,200.98,72.72,109.53,547.51,927.6,844.04,829.5
3421,2023-02-24T00:25:37.105000,7463834918,442.02,202.02,72.76,109.86,547.6,927.84,843.91,829.34
3422,2023-02-24T00:25:37.110000,7463834919,442.71,202.21,72.98,109.66,547.56,928.38,843.7,829.62
3423,2023-02-24T00:25:37.115000,7463834920,441.81,201.8,72.32,109.59,547.82,927.23,844.22,829.82
3424,2023-02-24T00:25:37.120000,7463834921,441.87,201.21,71.9,109.46,548.04,927.5,843.43,829.51
3425,2023-02-24T00:25:37.125000,7463834922,441.2,201.68,72.06,109.3,548.24,927.89,843.78,829.47
3426,2023-02-24T00:25:37.130000,7463834923,442.85,201.69,72.89,109.6,547.42,927.68,844.64,829.55
3427,2023-02-24T00:25:37.135000,7463834924,442.8,202.09,72.32,109.32,547.99,927.6,843.8,829.16
3428,2023-02-24T00:25:37.140000,7463834925,440.68,200.39,71.02,108.27,546.64,925.36,841.3,828.05
3429,2023-02-24T00:25:37.145000,7463834926,442.22,202.29,72.29,109.89,548.24,927.58,843.98,829.75
3430,2023-02-24T00:25:37.150000,7463834927,442.14,202.18,72.11,109.75,548.27,928.1,843.4,830.07
3431,2023-02-24T00:25:37.155000,7463834928,442.93,202.64,72.51,109.96,548.52,927.71,843.98,829.42
3432,2023-02-24T00:25:37.160000,7463834929,442.69,202.66,72.86,109.4,547.95,927.42,843.74,830.12
3433,2023-02-24T00:25:37.165000,7463834930,442.58,202.22,72.94,109.75,547.91,927.1,843.88,829.61
3434,2023-02-24T00:25:37.170000,7463834931,442.35,202.47,72.51,109.69,548.36,928.37,844.27,830.38
3435,2023-02-24T00:25:37.175000,7463834932,442.36,201.5,72.78,109.3,548.07,928.11,843.93,829.69
3436,2023-02-24T00:25:37.180000,7463834933,442.54,201.97,72.32,109.35,548.08,927.42,843.89,829.38
3437,2023-02-24T00:25:37.185000,7463834934,442.57,201.49,72.41,109.2,548.03,927.73,843.22,829.68
3438,2023-02-24T00:25:37.190000,7463834935,441.88,202.15,72.61,109.86,548.32,927.85,843.63,829.77
3439,2023-02-24T00:25:37.195000,7463834936,442.51,202.11,72.45,109.61,548.06,927.39,844.02,829.97
3440,2023-02-24T00:25:37.200000,7463834937,442.43,202.18,72.58,109.76,548.12,927.79,843.65,829.65
3441,2023-02-24T00:25:37.205000,7463834938,442.05,202.1,72.3,109.64,548.23,927.82,843.76,829.78
3442,2023-02-24T00:25:37.210000,7463834939,442.59,202.43,72.46,109.52,548.94,928.16,844.37,830.3
3443,2023-02-24T00:25:37.215000,7463834940,442.6,201.9,72.08,109.44,547.99,927.94,843.32,829.33
3444,2023-02-24T00:25:37.220000,7463834941,442.29,202.03,72.14,109.39,547.66,927.89,843.58,829.73
3445,2023-02-24T00:25:37.225000,7463834942,442.1,202.38,72.26,109.6,548,928.52,844.57,829.59
3446,2023-02-24T00:25:37.230000,7463834943,443.39,202.11,72.85,110,548.07,927.92,844.1,829.71
3447,2023-02-24T00:25:37.235000,7463834944,442.57,202.42,72.66,110.18,547.9,927.2,843.82,830.02
3448,2023-02-24T00:25:37.240000,7463834945,442.17,201.63,72.26,109.36,547.68,926.99,843.37,829.46
3449,2023-02-24T00:25:37.245000,7463834946,441.98,201.68,72.52,109.57,548.2,928.07,843.58,829.77
3450,2023-02-24T00:25:37.250000,7463834947,442.69,202.36,72.96,109.57,547.85,927.57,843.99,829.32
3451,2023-02-24T00:25:37.255000,7463834948,442.98,202.38,72.83,108.87,548.3,927.62,844.44,828.95
3452,2023-02-24T00:25:37.260000,7463834949,442.54,201.66,72.57,109.15,547.87,927.83,843.99,829.54
3453,2023-02-24T00:25:37.265000,7463834950,443.11,202.2,72.1,109.45,547.9,927.65,843.83,829.2
3454,2023-02-24T00:25:37.270000,7463834951,442.66,202.47,72.67,109.79,547.61,927.49,843.9,829.42
3455,2023-02-24T00:25:37.275000,7463834952,442.75,201.94,72.68,109.09,547.58,927.28,843.72,829.87
3456,2023-02-24T00:25:37.280000,7463834953,441.98,201.75,72.29,109.93,547.68,927.82,843.96,829.74
3457,2023-02-24T00:25:37.285000,7463834954,442.44,201.57,72.57,110.07,548.09,927.73,844.03,829.95
3458,2023-02-24T00:25:37.290000,7463834955,442.3,202.16,72.6,109.58,548.67,928.08,844.84,829.93
3459,2023-02-24T00:25:37.295000,7463834956,442.44,201.96,73.06,109.59,548.64,928.03,844.44,829.98
3460,2023-02-24T00:25:37.300000,7463834957,442.09,201.91,72.88,109.5,547.88,928.23,844.28,830.04
3461,2023-02-24T00:25:37.305000,7463834958,442.15,201.84,73.26,109.69,548.04,927.98,843.33,830.32
3462,2023-02-24T00:25:37.310000,7463834959,443.02,202.16,72.79,110.43,548.54,927.97,843.69,829.84
3463,2023-02-24T00:25:37.315000,7463834960,442.9,201.5,72.49,109.81,548.4,927.32,844.82,830.12
3464,2023-02-24T00:25:37.320000,7463834961,442.97,201.97,72.14,109.43,547.33,927.53,844.12,829.76
3465,2023-02-24T00:25:37.325000,7463834962,442.81,201.26,71.48,109.35,547.69,927.91,844.58,829.51
3466,2023-02-24T00:25:37.330000,7463834963,442.68,201.93,71.95,109.18,547.89,927.94,844.45,830.08
3467,2023-02-24T00:25:37.335000,7463834964,442.45,201.87,72.31,109.65,547.63,928.2,844.08,829.43
3468,2023-02-24T00:25:37.340000,7463834965,442.25,202.08,72.02,109.55,548.02,928.41,843.2,829.07
3469,2023-02-24T00:25:37.345000,7463834966,442.44,202,72.13,109.06,548.31,927.94,843.87,829.76
3470,2023-02-24T00:25:37.350000,7463834967,442.88,202.52,72.78,109.59,547.72,928.53,844.5,829.66
3471,2023-02-24T00:25:37.355000,7463834968,442.83,201.94,73.44,109.08,547.95,928.23,844,829.65
3472,2023-02-24T00:25:37.360000,7463834969,442.22,202.32,72.1,109.38,547.56,927.46,844.3,830.02
3473,2023-02-24T00:25:37.365000,7463834970,441.51,202.03,72.71,109.35,547.79,928.27,843.82,829.92
3474,2023-02-24T00:25:37.370000,7463834971,442.3,201.56,72.64,109.47,548.09,927.84,844.4,829.22
3475,2023-02-24T00:25:37.375000,7463834972,443.11,202.4,72.82,109.31,547.79,927.84,844.42,830.08
3476,2023-02-24T00:25:37.380000,7463834973,442.84,201.87,72.76,109.38,548.16,927.85,844.22,829.25
3477,2023-02-24T00:25:37.385000,7463834974,442.5,201.81,72.1,109.16,547.96,927.18,843.94,829.7
3478,2023-02-24T00:25:37.390000,7463834975,442.21,201.82,72.67,109.57,547.65,928.44,844.3,830.55
3479,2023-02-24T00:25:37.395000,7463834976,443.44,202.19,72.46,109.7,547.62,927.42,844.24,829.87
3480,2023-02-24T00:25:37.400000,7463834977,441.49,201.58,72.89,109.58,547.8,927.44,843.86,829.9
3481,2023-02-24T00:25:37.405000,7463834978,442.45,202.35,72.72,109.78,547.58,927.58,844.03,829.31
3482,2023-02-24T00:25:37.410000,7463834979,442.47,201.61,72.62,109.79,548.1,928.05,844.32,830.1
3483,2023-02-24T00:25:37.415000,7463834980,443.08,202.11,72.64,109.24,548.01,928.23,844.31,829.77
3484,2023-02-24T00:25:37.420000,7463834981,442.49,202.36,72.72,109.75,547.92,927.83,844,829.52
3485,2023-02-24T00:25:37.425000,7463834982,442.29,201.84,72.39,109.67,547.97,928.08,843.81,830.05
3486,2023-02-24T00:25:37.430000,7463834983,442.23,201.96,72.27,109.58,547.54,928.51,844.31,829.87
3487,2023-02-24T00:25:37.435000,7463834984,442.41,201.49,72.46,109.1,548.05,927.82,843.88,829.58
3488,2023-02-24T00:25:37.440000,7463834985,442.91,201.64,72.34,109.14,547.98,927.49,843.68,829.12
3489,2023-02-24T00:25:37.445000,7463834986,443,201.82,72.72,108.51,547.38,927.47,844.07,829.61
3490,2023-02-24T00:25:37.450000,7463834987,442.73,201.45,72.93,108.97,548.27,927.4,844.8,829.99
3491,2023-02-24T00:25:37.455000,7463834988,441.89,201.11,72.3,109.48,547.83,928.17,844.78,830.17
3492,2023-02-24T00:25:37.460000,7463834989,442.44,202,72.31,109.26,547.74,928.04,844.01,829.43
3493,2023-02-24T00:25:37.465000,7463834990,442.26,202.21,72.6,108.93,547.89,927.93,844.45,829.95
3494,2023-02-24T00:25:37.470000,7463834991,442.44,202.2,72.38,109.68,548.2,927.81,844.3,829.64
3495,2023-02-24T00:25:37.475000,7463834992,442.14,202.14,72.8,109.57,547.79,927.95,843.96,829.77
3496,2023-02-24T00:25:37.480000,7463834993,442.15,201.85,72.54,109.84,547.82,927.39,844.35,830.12
3497,2023-02-24T00:25:37.485000,7463834994,442.7,202.16,72.61,109.66,547.32,927.64,843.93,829.82
3498,2023-02-24T00:25:37.490000,7463834995,442.85,201.95,72.81,110.03,547.82,928.19,844.27,829.31
3499,2023-02-24T00:25:37.495000,7463834996,442.34,201.49,72.53,109.24,548.63,928.05,844.05,829.4
3500,2023-02-24T00:25:37.500000,7463834997,442.75,201.83,72.13,109.81,548.1,928.15,843.77,830.03
3501,2023-02-24T00:25:37.505000,7463834998,442.38,202.11,72.3,109.27,547.81,927.79,844.33,829.84
3502,2023-02-24T00:25:37.510000,7463834999,442.79,202.65,72.98,109.17,548.57,927.9,844.23,830.08
3503,2023-02-24T00:25:37.515000,7463835000,442.57,202.06,73.14,109.42,548.01,927.57,844.18,829.62
3504,2023-02-24T00:25:37.520000,7463835001,442.41,201.95,71.89,108.74,547.91,927.33,843.86,829.91
3505,2023-02-24T00:25:37.525000,7463835002,442.18,201.73,72.86,109.79,547.85,928.07,844.27,829.56
3506,2023-02-24T00:25:37.530000,7463835003,442.17,201.54,72.46,109.42,548.33,927.45,844.42,829.86
3507,2023-02-24T00:25:37.535000,7463835004,441.7,201.74,73.19,109.81,547.4,927.36,844.11,829.4
3508,2023-02-24T00:25:37.540000,7463835005,441.34,201.76,71.93,109.94,547.61,927.36,844.48,829.83
3509,2023-02-24T00:25:37.545000,7463835006,442.37,202.12,72.41,109.41,548.17,927.88,844.51,830.06
3510,2023-02-24T00:25:37.550000,7463835007,442.59,201.94,73.13,108.78,548.21,927.87,843.73,829.99
3511,2023-02-24T00:25:37.555000,7463835008,441.83,201.87,72.47,109.43,548.43,927.92,843.67,829.23
3512,2023-02-24T00:25:37.560000,7463835009,441.93,201.87,72.83,109.25,548.06,927.84,843.48,829.91
3513,2023-02-24T00:25:37.565000,7463835010,442.47,201.7,73.12,109.51,547.57,927.86,844.17,829.55
3514,2023-02-24T00:25:37.570000,7463835011,442.42,201.88,72.54,109.78,548.02,928.25,844.6,829.45
3515,2023-02-24T00:25:37.575000,7463835012,441.93,201.6,72.82,109.57,547.78,927.83,844.11,829.47
3516,2023-02-24T00:25:37.580000,7463835013,442.62,201.88,72.14,109.61,547.83,927.91,843.96,829.65
3517,2023-02-24T00:25:37.585000,7463835014,442.33,201.97,71.83,110.17,548.56,927.95,844.08,829.28
3518,2023-02-24T00:25:37.590000,7463835015,442.68,201.99,72.32,110.18,548.32,928.4,844.14,829.96
3519,2023-02-24T00:25:37.595000,7463835016,442.84,201.67,73.07,109.87,547.88,928.1,844.23,829.67
3520,2023-02-24T00:25:37.600000,7463835017,442.17,201.98,72.21,109.38,547.58,927.25,844.09,829.63
3521,2023-02-24T00:25:37.605000,7463835018,442.06,201.94,72.33,109.74,547.81,927.27,844.07,829.43
3522,2023-02-24T00:25:37.610000,7463835019,442.22,201.91,72.59,109.83,548.25,928.08,844.57,830.02
3523,2023-02-24T00:25:37.615000,7463835020,442.66,201.59,73.01,109.47,547.9,928.24,844.23,829.66
3524,2023-02-24T00:25:37.620000,7463835021,442.35,201.78,72.41,109.43,547.38,927.62,843.95,829.03
3525,2023-02-24T00:25:37.625000,7463835022,442.4,202,72.65,109.78,548.28,927.73,844,829.58
3526,2023-02-24T00:25:37.630000,7463835023,441.76,202.55,72.64,109.26,548.31,927.93,844.42,830.02
3527,2023-02-24T00:25:37.635000,7463835024,442.99,201.74,72.61,109.7,548.01,927.87,843.93,829.85
3528,2023-02-24T00:25:37.640000,7463835025,441.68,202.11,72.47,109.56,548.04,927.62,844.57,829.76
3529,2023-02-24T00:25:37.645000,7463835026,442.28,202.35,72.6,109.54,547.56,927.71,844.87,829.65
3530,2023-02-24T00:25:37.650000,7463835027,442.23,202.37,72.71,110.24,547.85,928.75,844.26,830.33
3531,2023-02-24T00:25:37.655000,7463835028,441.73,202.02,72.04,109.8,548.36,928,843.34,830.21
3532,2023-02-24T00:25:37.660000,7463835029,441.85,201.46,72.79,109.25,547.73,927.81,843.61,830.38
3533,2023-02-24T00:25:37.665000,7463835030,442.51,201.85,72.55,109.35,548.14,928.02,843.78,829.27
3534,2023-02-24T00:25:37.670000,7463835031,441.96,202.01,72.99,110.53,548.07,928.03,844.13,829.75
3535,2023-02-24T00:25:37.675000,7463835032,442.85,202.16,72.37,109.31,548.5,928.16,844.17,829.95
3536,2023-02-24T00:25:37.680000,7463835033,442.37,201.82,72.85,110.18,548.37,927.33,844.03,829.47
3537,2023-02-24T00:25:37.685000,7463835034,442.49,201.81,72.65,109.64,548.57,927.45,843.93,829.41
3538,2023-02-24T00:25:37.690000,7463835035,442.31,202.35,72.97,109.35,548.49,927.68,844.02,829.46
3539,2023-02-24T00:25:37.695000,7463835036,442.24,201.96,72.89,109.95,547.96,927.57,844.43,829.38
3540,2023-02-24T00:25:37.700000,7463835037,442.83,202.53,72.71,109.61,548.22,927.17,844.15,829.09
3541,2023-02-24T00:25:37.705000,7463835038,442.37,201.89,72.76,110.09,548.15,927.83,844.3,829.64
3542,2023-02-24T00:25:37.710000,7463835039,442.48,202.4,72.21,109.84,547.58,928.06,844.55,829.44
3543,2023-02-24T00:25:37.715000,7463835040,443.13,201.38,72.81,109.13,547.82,927.63,844.08,829.48
3544,2023-02-24T00:25:37.720000,7463835041,442.4,201.76,72.82,109.04,547.84,927.53,844.02,829.67
3545,2023-02-24T00:25:37.725000,7463835042,442.2,201.5,72.17,109.51,548.24,927.19,843.97,829.83
3546,2023-02-24T00:25:37.730000,7463835043,442.3,201.86,72.47,109.98,547.65,927.31,844.34,829.47
3547,2023-02-24T00:25:37.735000,7463835044,442.68,202.71,72.88,109.97,547.8,928.15,843.66,830.37
3548,2023-02-24T00:25:37.740000,7463835045,441.94,201.37,72.64,109.35,547.42,927.71,843.81,830.3
3549,2023-02-24T00:25:37.745000,7463835046,442.97,201.97,72.39,109.39,547.81,927.51,843.36,829.34
3550,2023-02-24T00:25:37.750000,7463835047,442.83,202.11,72.37,109.47,547.62,927.89,844.54,830.08
3551,2023-02-24T00:25:37.755000,7463835048,442.47,202.52,72.81,109.81,548.25,928.48,843.54,829.75
3552,2023-02-24T00:25:37.760000,7463835049,442.99,201.76,73.22,109.58,547.5,927.28,843.68,829.75
3553,2023-02-24T00:25:37.765000,7463835050,442.67,201.59,72.74,109.46,547.87,927.5,843.77,829.7
3554,2023-02-24T00:25:37.770000,7463835051,443.02,202.11,72.92,109.47,547.97,928.04,844.4,829.93
3555,2023-02-24T00:25:37.775000,7463835052,441.84,202.19,72.64,109.44,547.76,927.24,843.86,829.67
3556,2023-02-24T00:25:37.780000,7463835053,441.95,201.87,72.17,109.56,548.2,927.85,843.35,829.46
3557,2023-02-24T00:25:37.785000,7463835054,442.58,201.82,72.64,109.81,547.9,927.79,844.16,829.89
3558,2023-02-24T00:25:37.790000,7463835055,442.09,202.02,72.64,109.59,548.03,928,844.61,829.64
3559,2023-02-24T00:25:37.795000,7463835056,442.89,201.91,72.79,109.18,548.13,927.35,844.12,830.37
3560,2023-02-24T00:25:37.800000,7463835057,442.41,201.92,72.65,108.85,548.01,927.37,843.34,829.13
3561,2023-02-24T00:25:37.805000,7463835058,442.48,202.07,72.68,109.11,547.56,928.03,843.28,829.53
3562,2023-02-24T00:25:37.810000,7463835059,442.45,201.59,72.75,109.83,548.07,928.15,844.13,830.16
3563,2023-02-24T00:25:37.815000,7463835060,442.67,201.61,72.24,109.03,547.34,927.27,844.21,829.82
3564,2023-02-24T00:25:37.820000,7463835061,442.15,201.62,71.82,109.36,547.77,927.74,843.97,830.26
3565,2023-02-24T00:25:37.825000,7463835062,441.96,202.11,72.67,109.57,547.69,928.33,844.19,829.73
3566,2023-02-24T00:25:37.830000,7463835063,443.23,202.42,72.78,109.9,547.98,927.86,844.34,829.64
3567,2023-02-24T00:25:37.835000,7463835064,442.53,201.85,73.21,110.1,548.3,927.29,844.1,829.63
3568,2023-02-24T00:25:37.840000,7463835065,441.98,201.72,71.9,109.73,547.9,927.81,844.23,829.22
3569,2023-02-24T00:25:37.845000,7463835066,442.17,202.03,72.53,109.55,547.62,927.73,843.66,829.63
3570,2023-02-24T00:25:37.850000,7463835067,442.02,202.01,72.65,109.7,548.56,927.96,844.81,829.59
3571,2023-02-24T00:25:37.855000,7463835068,442.52,201.66,72.74,109.45,548.06,927.68,843.96,830.15
3572,2023-02-24T00:25:37.860000,7463835069,442.1,202.3,72.75,110.01,547.85,927.85,844.23,829.71
3573,2023-02-24T00:25:37.865000,7463835070,442.32,202.37,72.55,109.84,547.83,927.97,844.01,829.88
3574,2023-02-24T00:25:37.870000,7463835071,442.52,202.74,72.16,109.79,547.92,928.19,844.67,829.68
3575,2023-02-24T00:25:37.875000,7463835072,442.28,201.51,72.27,109.16,548.09,928.04,844.3,829.69
3576,2023-02-24T00:25:37.880000,7463835073,441.98,202.08,71.88,109.55,547.79,927.96,843.74,829.27
3577,2023-02-24T00:25:37.885000,7463835074,442.14,201.56,71.76,109.77,547.89,928.23,843.58,829.4
3578,2023-02-24T00:25:37.890000,7463835075,442.18,201.88,72.47,109.73,547.87,927.28,844.16,830.01
3579,2023-02-24T00:25:37.895000,7463835076,442.64,201.71,72.67,109.84,548.17,928.02,843.91,829.73
3580,2023-02-24T00:25:37.900000,7463835077,441.26,202.09,72.54,109.51,547.6,928.36,843.64,829.84
3581,2023-02-24T00:25:37.905000,7463835078,442.08,202.22,72.85,109.75,547.53,928,844.19,829.14
3582,2023-02-24T00:25:37.910000,7463835079,441.85,202.11,72.82,109.7,548.2,927.66,844,829.75
3583,2023-02-24T00:25:37.915000,7463835080,442.49,201.76,72.5,109.73,548.02,927.02,844.03,829.49
3584,2023-02-24T00:25:37.920000,7463835081,442.58,201.79,72.73,109.59,548.3,927.4,844,829.78
3585,2023-02-24T00:25:37.925000,7463835082,441.85,201.46,72.36,110.08,547.9,927.73,844.27,829.6
3586,2023-02-24T00:25:37.930000,7463835083,442.03,201.51,72.63,109.35,548,927.95,844.95,829.9
3587,2023-02-24T00:25:37.935000,7463835084,441.89,202.28,72.53,109.67,548.14,927.1,843.93,829.48
3588,2023-02-24T00:25:37.940000,7463835085,441.88,201.81,72.44,109.31,548.01,927.52,843.1,829.84
3589,2023-02-24T00:25:37.945000,7463835086,442.45,201.99,72.69,109.26,547.83,927.68,844.05,829.59
3590,2023-02-24T00:25:37.950000,7463835087,442.62,202.1,72.79,109.44,547.69,927.95,843.9,829.26
3591,2023-02-24T00:25:37.955000,7463835088,442.51,202.12,72.19,109.43,548.34,928,844.08,829.51
3592,2023-02-24T00:25:37.960000,7463835089,442.62,202.12,72.33,109.49,547.71,927.74,843.38,829.4
3593,2023-02-24T00:25:37.965000,7463835090,442.1,201.8,72.31,109.9,547.53,928.01,843.76,829.57
3594,2023-02-24T00:25:37.970000,7463835091,442.34,201.99,72.84,109.83,548.03,928.4,844.8,829.37
3595,2023-02-24T00:25:37.975000,7463835092,442.34,201.85,72.67,109.8,547.47,927.68,843.7,829.8
3596,2023-02-24T00:25:37.980000,7463835093,442.52,201.79,72.34,109.37,547.4,927.93,843.63,829.68
3597,2023-02-24T00:25:37.985000,7463835094,441.66,201.89,72.78,109.12,547.42,927.01,844.03,829.68
3598,2023-02-24T00:25:37.990000,7463835095,442.07,202.21,71.98,109.37,547.82,928.22,843.97,829.73
3599,2023-02-24T00:25:37.995000,7463835096,442.53,202.25,72.5,110.33,547.83,927.06,844.61,830.34
3600,2023-02-24T00:25:38,7463835097,442.59,201.95,71.82,109.92,547.82,927.81,843.93,829.93
3601,2023-02-24T00:25:38.005000,7463835098,441.84,201.84,72.77,110.32,547.72,927.46,843.92,829.96
3602,2023-02-24T00:25:38.010000,7463835099,442.32,201.96,73.11,109.32,547.73,927.43,844.45,829.06
3603,2023-02-24T00:25:38.015000,7463835100,443.23,201.43,72.21,109.71,547.37,927.36,844.12,829.47
3604,2023-02-24T00:25:38.020000,7463835101,441.9,202.1,72.23,109.51,547.55,927.66,844.12,829.6
3605,2023-02-24T00:25:38.025000,7463835102,442.42,201.72,72.18,109.64,548.09,927.85,843.55,830.2
3606,2023-02-24T00:25:38.030000,7463835103,442.52,201.45,72.85,109.65,548.14,927.62,844.28,830.27
3607,2023-02-24T00:25:38.035000,7463835104,442.47,202.34,72.55,110.08,548.43,927.96,843.91,829.5
3608,2023-02-24T00:25:38.040000,7463835105,443.02,201.42,72.79,109.7,548.12,927.79,843.58,829.61
3609,2023-02-24T00:25:38.045000,7463835106,442.67,202.4,72.44,109.67,547.89,927.69,844.01,828.99
3610,2023-02-24T00:25:38.050000,7463835107,442.25,201.49,71.92,109.02,547.22,927.26,843.97,829.88
3611,2023-02-24T00:25:38.055000,7463835108,442.57,201.42,72.37,109.77,547.71,927.58,843.46,829.66
3612,2023-02-24T00:25:38.060000,7463835109,442.03,202.41,72.58,109.73,548.14,928.09,844.5,829.79
3613,2023-02-24T00:25:38.065000,7463835110,442.31,202.06,73.17,109.53,547.91,927.52,844.47,829.4
3614,2023-02-24T00:25:38.070000,7463835111,442.4,201.71,72.41,109.43,548.16,927.66,843.97,829.72
3615,2023-02-24T00:25:38.075000,7463835112,443.04,201.74,72.34,109.14,547.61,927.48,844.01,829.1
3616,2023-02-24T00:25:38.080000,7463835113,441.81,201.4,72.64,109.29,547.43,927.56,843.74,829.51
3617,2023-02-24T00:25:38.085000,7463835114,442.42,201.93,72.45,109.77,548.14,927.9,844.44,829.45
3618,2023-02-24T00:25:38.090000,7463835115,442.95,201.93,72.53,109.67,548.76,927.7,843.73,829.4
3619,2023-02-24T00:25:38.095000,7463835116,442.57,201.73,72.96,109.4,548.19,927.41,843.49,829.73
3620,2023-02-24T00:25:38.100000,7463835117,442.06,201.59,72.18,109.33,547.79,927.68,843.94,829.34
3621,2023-02-24T00:25:38.105000,7463835118,442.23,202.34,72.39,109.67,548.56,928.21,844.07,829.82
3622,2023-02-24T00:25:38.110000,7463835119,441.86,202.56,72.26,109.69,547.51,928.36,843.81,829.78
3623,2023-02-24T00:25:38.115000,7463835120,441.87,201.52,72.63,109.57,548.35,927.65,843.3,829.71
3624,2023-02-24T00:25:38.120000,7463835121,442,202.12,72.29,109.6,547.69,927.46,844.07,829.86
3625,2023-02-24T00:25:38.125000,7463835122,442.05,201.9,73.03,110.12,548.23,927.5,844.67,829.14
3626,2023-02-24T00:25:38.130000,7463835123,442.84,202.02,72.49,108.92,547.6,927.75,843.48,829.65
3627,2023-02-24T00:25:38.135000,7463835124,442.3,201.44,72.59,109.31,548.24,927.72,843.99,829.41
3628,2023-02-24T00:25:38.140000,7463835125,442.58,202.06,72.64,109.85,547.54,927.92,843.77,829.6
3629,2023-02-24T00:25:38.145000,7463835126,442.66,202.31,72.28,109.01,547.62,927.26,843.66,829.56
3630,2023-02-24T00:25:38.150000,7463835127,442.45,201.42,72.29,109.14,547.65,927.48,843.81,829.65
3631,2023-02-24T00:25:38.155000,7463835128,442.23,202.06,72.07,109.58,548.12,927.12,843.81,829.61
3632,2023-02-24T00:25:38.160000,7463835129,441.99,201.72,72.37,110.13,547.89,927.27,843.39,829.97
3633,2023-02-24T00:25:38.165000,7463835130,442.3,201.87,72.25,109.8,548.09,927.68,844.14,829.87
3634,2023-02-24T00:25:38.170000,7463835131,442.49,202.16,72.31,110.13,548.28,928.17,843.76,829.66
3635,2023-02-24T00:25:38.175000,7463835132,442.41,201.65,72.65,109.36,548.26,928.32,844.5,829.48
3636,2023-02-24T00:25:38.180000,7463835133,442.02,201.34,72.48,109.06,547.27,927.79,842.99,829.32
3637,2023-02-24T00:25:38.185000,7463835134,442.01,201.81,72.92,109.74,547.93,927.8,843.98,829.83
3638,2023-02-24T00:25:38.190000,7463835135,442.31,202.14,73.09,111.12,548.78,928.69,844.45,830.13
3639,2023-02-24T00:25:38.195000,7463835136,442.47,202.04,72.31,109.55,547.98,927.68,843.92,830.1
3640,2023-02-24T00:25:38.200000,7463835137,442.5,200.94,71.64,109.75,546.86,927.16,844.06,829.11
3641,2023-02-24T00:25:38.205000,7463835138,442.3,201.59,72.1,109.56,546.83,927.48,842.82,829.53
3642,2023-02-24T00:25:38.210000,7463835139,442.45,202.43,72.42,109.57,547.96,928.15,844.97,829.38
3643,2023-02-24T00:25:38.215000,7463835140,442.42,202.24,72.53,109.8,547.5,927.84,843.85,829.59
3644,2023-02-24T00:25:38.220000,7463835141,443,201.96,72.37,109.27,547.5,927.4,844.11,830.2
3645,2023-02-24T00:25:38.225000,7463835142,442.46,202.24,72.72,109.42,548.12,927.73,843.87,830.21
3646,2023-02-24T00:25:38.230000,7463835143,441.9,201.68,72.01,108.55,547.33,927.11,843.61,829.32
3647,2023-02-24T00:25:38.235000,7463835144,442.06,201.83,72.93,109.11,547.13,927.49,843.74,829.37
3648,2023-02-24T00:25:38.240000,7463835145,443.13,202.23,73.07,110.45,548.72,928.13,844.75,830.29
3649,2023-02-24T00:25:38.245000,7463835146,442.39,202.21,72.87,110.22,548.37,927.86,844.5,830.09
3650,2023-02-24T00:25:38.250000,7463835147,441.49,201.71,71.98,109.08,547.55,927.12,843.25,829.43
3651,2023-02-24T00:25:38.255000,7463835148,442.49,202.15,72.56,109.47,547.82,927.91,843.97,829.38
3652,2023-02-24T00:25:38.260000,7463835149,442.91,202.67,73.11,109.93,548.28,928.41,844.91,830.17
3653,2023-02-24T00:25:38.265000,7463835150,442.64,202.71,72.41,109.57,547.72,927.59,844.06,829.55
3654,2023-02-24T00:25:38.270000,7463835151,442.07,201.82,71.96,108.49,546.85,927.06,843.17,829.57
3655,2023-02-24T00:25:38.275000,7463835152,442.12,202.29,72.33,109.61,548.21,927.71,844.05,830.08
3656,2023-02-24T00:25:38.280000,7463835153,442.89,202.59,73.37,109.98,548.68,928.18,844.23,829.89
3657,2023-02-24T00:25:38.285000,7463835154,442.67,201.9,72.72,109.34,547.83,927.91,844.31,829.52
3658,2023-02-24T00:25:38.290000,7463835155,441.63,201.76,71.96,109.64,547.1,927.68,843.98,829.51
3659,2023-02-24T00:25:38.295000,7463835156,442.05,201.94,72.09,109.78,547.32,927.5,844.02,829.43
3660,2023-02-24T00:25:38.300000,7463835157,442.24,202.06,72.2,109.53,547.61,927.26,844.7,829.81
3661,2023-02-24T00:25:38.305000,7463835158,442.54,202.09,72.25,109.18,547.46,927.6,843.57,830.26
3662,2023-02-24T00:25:38.310000,7463835159,442.06,201.81,72.18,109,547.69,927.9,843.69,829.45
3663,2023-02-24T00:25:38.315000,7463835160,442.57,202.11,72.27,109.09,547.69,927.83,843.37,829.47
3664,2023-02-24T00:25:38.320000,7463835161,442.71,202.09,72.71,109.86,548.05,928.21,843.94,829.28
3665,2023-02-24T00:25:38.325000,7463835162,442.05,201.78,72.59,109.4,547.87,928,843.53,829.57
3666,2023-02-24T00:25:38.330000,7463835163,442.44,201.95,72.49,109.4,547.88,928.15,844.28,829.36
3667,2023-02-24T00:25:38.335000,7463835164,442.34,201.91,72.12,110.67,547.52,927.79,844.28,829.76
3668,2023-02-24T00:25:38.340000,7463835165,442.64,202.78,73.06,110.11,548.08,928.25,844.67,830.43
3669,2023-02-24T00:25:38.345000,7463835166,441.91,201.28,72.32,109.79,548.06,927.75,843.24,830.33
3670,2023-02-24T00:25:38.350000,7463835167,441.42,201.19,71.46,109.19,547.65,927.46,843.85,829.35
3671,2023-02-24T00:25:38.355000,7463835168,441.99,202.7,72.87,109.37,547.75,928.12,843.94,829.29
3672,2023-02-24T00:25:38.360000,7463835169,442.58,202.75,72.75,109.97,548.63,928.25,844.19,829.46
3673,2023-02-24T00:25:38.365000,7463835170,442.35,202.32,72.61,109.91,547.41,927.9,843.71,829.65
3674,2023-02-24T00:25:38.370000,7463835171,441.23,201.31,71.91,109.04,546.67,926.99,843.64,829.08
3675,2023-02-24T00:25:38.375000,7463835172,442.2,201.92,72.64,109.24,547.74,928.31,844.32,829.74
3676,2023-02-24T00:25:38.380000,7463835173,442.61,202.51,72.84,110.76,548.19,928.29,845.48,830.99
3677,2023-02-24T00:25:38.385000,7463835174,442.19,202.62,72.61,109.67,548.33,927.65,844.21,830.17
3678,2023-02-24T00:25:38.390000,7463835175,441.53,201.21,71.53,108.83,547.23,926.76,842.73,828.96
3679,2023-02-24T00:25:38.395000,7463835176,442.5,202.38,72.37,109.9,548.31,927.96,844.45,830.04
3680,2023-02-24T00:25:38.400000,7463835177,442.79,201.91,73.15,110.17,548.49,929.13,845.19,830.13
3681,2023-02-24T00:25:38.405000,7463835178,442.54,201.55,72.52,109.74,548.16,927.66,843.85,830.26
3682,2023-02-24T00:25:38.410000,7463835179,441.9,200.58,71.86,108.65,547.17,926.83,842.71,828.9
3683,2023-02-24T00:25:38.415000,7463835180,442.64,202.17,72.32,109.55,547.42,927.91,844.41,829.78
3684,2023-02-24T00:25:38.420000,7463835181,443.82,203.42,72.97,110.27,548.43,929.15,845.51,830.65
3685,2023-02-24T00:25:38.425000,7463835182,442.72,201.86,72.09,109.93,548.51,927.34,844.14,830.26
3686,2023-02-24T00:25:38.430000,7463835183,441.67,201.24,71.71,108.76,547.28,925.9,843.47,829.13
3687,2023-02-24T00:25:38.435000,7463835184,442.56,201.95,72.73,109.14,548.2,927.94,843.93,829.85
3688,2023-02-24T00:25:38.440000,7463835185,443.37,202.79,73.54,110.57,549.34,929.32,845.57,830.61
3689,2023-02-24T00:25:38.445000,7463835186,442.68,202.12,73.16,109.82,547.62,927.83,844.57,829.98
3690,2023-02-24T00:25:38.450000,7463835187,441.53,201.29,71.24,108.99,546.3,926.65,842.92,829.64
3691,2023-02-24T00:25:38.455000,7463835188,442.37,202.28,72.27,109.19,546.53,928.26,844.08,829.74
3692,2023-02-24T00:25:38.460000,7463835189,443.04,203.48,73.17,110.19,548.7,929.32,844.92,830.99
3693,2023-02-24T00:25:38.465000,7463835190,442.26,202.36,72.85,109.47,547.14,927.03,844.45,830.08
3694,2023-02-24T00:25:38.470000,7463835191,441.46,200.97,71.42,108.32,547.19,926.03,842.69,828.74
3695,2023-02-24T00:25:38.475000,7463835192,443.3,201.88,72.39,109.72,548.24,927.77,843.93,829.65
3696,2023-02-24T00:25:38.480000,7463835193,443.93,203.13,73.82,110.17,549.49,929.8,845.64,831.01
3697,2023-02-24T00:25:38.485000,7463835194,442.22,201.79,72.9,109.88,547.37,927.67,844.48,829.49
3698,2023-02-24T00:25:38.490000,7463835195,441.71,201.35,71.57,108.89,546.14,927.03,843,829.17
3699,2023-02-24T00:25:38.495000,7463835196,441.95,201.83,72.32,109.19,547.73,927.65,844.44,829.2
3700,2023-02-24T00:25:38.500000,7463835197,443.21,202.96,73.54,110.06,548.36,929.41,845.21,830.48
3701,2023-02-24T00:25:38.505000,7463835198,442.39,201.76,72.39,109.87,547.39,927.92,844.65,829.73
3702,2023-02-24T00:25:38.510000,7463835199,441.33,201.01,71.89,108.35,547.14,926.39,842.82,829.25
3703,2023-02-24T00:25:38.515000,7463835200,442.3,201.32,73.02,109.38,547.93,927.5,844.34,829.92
3704,2023-02-24T00:25:38.520000,7463835201,443.44,202.84,73.57,110.32,549.42,929.19,845.86,830.47
3705,2023-02-24T00:25:38.525000,7463835202,443.12,201.91,72.32,109.17,548.84,928.31,844.58,830.47
3706,2023-02-24T00:25:38.530000,7463835203,441.82,201.6,72.17,108.99,547.69,926.31,842.29,829.13
3707,2023-02-24T00:25:38.535000,7463835204,442.31,201.91,72.27,109.66,547.8,927.98,843.53,829.46
3708,2023-02-24T00:25:38.540000,7463835205,443.5,203.09,72.95,110.23,548.73,928.54,845.74,830.88
3709,2023-02-24T00:25:38.545000,7463835206,442.93,202.11,73.04,109.65,547.47,928.28,844.5,830.43
3710,2023-02-24T00:25:38.550000,7463835207,442.19,201.27,71.94,108.7,546.77,926.79,843.25,829.27
3711,2023-02-24T00:25:38.555000,7463835208,441.69,202.62,72.58,109.75,548.11,927.52,844.32,830.08
3712,2023-02-24T00:25:38.560000,7463835209,443.35,202.73,72.97,109.92,548.86,928.96,845.38,830.95
3713,2023-02-24T00:25:38.565000,7463835210,442.79,202.1,72.82,109.82,548.58,927.84,844.5,829.65
3714,2023-02-24T00:25:38.570000,7463835211,441.72,201.49,71.71,108.9,547.03,926.98,842.75,829.7
3715,2023-02-24T00:25:38.575000,7463835212,442.36,201.72,71.68,109.38,547.79,927.95,843.52,829.72
3716,2023-02-24T00:25:38.580000,7463835213,442.85,202.96,73.92,111.16,548.9,929.3,845.37,831.25
3717,2023-02-24T00:25:38.585000,7463835214,441.97,202.02,72.48,109.47,547.78,928.58,844.35,829.94
3718,2023-02-24T00:25:38.590000,7463835215,441.5,201.07,71.41,108.8,546.52,926.43,843.01,829.22
3719,2023-02-24T00:25:38.595000,7463835216,442.62,201.97,72.34,109.35,547.66,927.68,843.78,829.52
3720,2023-02-24T00:25:38.600000,7463835217,444.1,202.92,73.45,110.19,549.43,928.92,845.95,830.4
3721,2023-02-24T00:25:38.605000,7463835218,441.85,201.77,72.32,109.17,547.79,927.76,843.78,830.14
3722,2023-02-24T00:25:38.610000,7463835219,441.16,201.1,72.18,108.7,547.08,926.74,843.41,828.7
3723,2023-02-24T00:25:38.615000,7463835220,441.9,201.57,71.94,109.74,547.32,928.68,843.53,829.04
3724,2023-02-24T00:25:38.620000,7463835221,442.82,202.52,73.37,110.7,548.57,929.66,845.33,830.2
3725,2023-02-24T00:25:38.625000,7463835222,442.3,201.91,72.65,108.96,547.65,928.06,844.11,829.68
3726,2023-02-24T00:25:38.630000,7463835223,441.81,200.84,71.97,108.6,547.11,926.33,842.25,828.97
3727,2023-02-24T00:25:38.635000,7463835224,442.01,201.95,71.64,109.06,548.02,927.19,843.7,829.2
3728,2023-02-24T00:25:38.640000,7463835225,443.56,202.99,73.33,110.85,549.4,929.18,845.85,830.16
3729,2023-02-24T00:25:38.645000,7463835226,442.6,201.91,72.83,109.83,548.72,927.81,844.35,829.5
3730,2023-02-24T00:25:38.650000,7463835227,441.84,201.04,71.18,108.3,547.37,926.3,842.7,829.5
3731,2023-02-24T00:25:38.655000,7463835228,442.49,201.8,71.56,108.83,547.57,927.34,843.93,829.63
3732,2023-02-24T00:25:38.660000,7463835229,443.73,202.91,73.77,110.67,548.9,929.05,845.6,830.4
3733,2023-02-24T00:25:38.665000,7463835230,442.51,202.16,72.72,109.74,548.29,928.68,845.04,829.68
3734,2023-02-24T00:25:38.670000,7463835231,441.77,200.74,71.97,109.03,547.44,926.82,843.3,828.55
3735,2023-02-24T00:25:38.675000,7463835232,441.9,201.65,72.1,108.96,548.19,926.81,844.25,829.46
3736,2023-02-24T00:25:38.680000,7463835233,443.74,203.04,73.06,109.89,549.18,928.54,844.99,830.35
3737,2023-02-24T00:25:38.685000,7463835234,443.23,202.32,72.78,109.99,548.74,928.5,844.03,830.69
3738,2023-02-24T00:25:38.690000,7463835235,442.52,201.77,72.05,108.97,547.68,926.81,843.32,829.51
3739,2023-02-24T00:25:38.695000,7463835236,442.74,201.53,71.76,108.59,547.61,927.88,844.06,829.83
3740,2023-02-24T00:25:38.700000,7463835237,442.74,202.92,72.96,109.8,548.18,928.64,845.37,830.6
3741,2023-02-24T00:25:38.705000,7463835238,442.04,202.16,73.07,109.67,547.87,928.14,844.02,829.42
3742,2023-02-24T00:25:38.710000,7463835239,441.22,201.2,72.15,108.56,547.11,926.41,843.08,829.34
3743,2023-02-24T00:25:38.715000,7463835240,442,201.38,71.83,109.43,547.56,927.64,844.22,829.84
3744,2023-02-24T00:25:38.720000,7463835241,442.55,202.79,72.88,110.22,549.6,928.81,845.57,830.41
3745,2023-02-24T00:25:38.725000,7463835242,442.38,202.12,72.37,109.67,549.01,927.57,844.57,830.37
3746,2023-02-24T00:25:38.730000,7463835243,442.45,201.12,71.91,108.96,547.03,926.43,843.23,829.54
3747,2023-02-24T00:25:38.735000,7463835244,442.91,201.85,72.21,109.61,547.34,927.91,843.88,829.48
3748,2023-02-24T00:25:38.740000,7463835245,444.07,202.65,73.1,110.18,548.65,929.54,845.36,830.92
3749,2023-02-24T00:25:38.745000,7463835246,442.11,201.91,72.7,109.7,548.24,928.17,844.34,830.44
3750,2023-02-24T00:25:38.750000,7463835247,441.29,200.97,71.71,109.39,547.64,926.71,843.14,829.2
3751,2023-02-24T00:25:38.755000,7463835248,441.99,201.97,72.29,109.22,548.35,927.38,843.66,829.59
3752,2023-02-24T00:25:38.760000,7463835249,443.1,202.88,72.41,110.13,548.9,928.52,844.84,829.77
3753,2023-02-24T00:25:38.765000,7463835250,442.8,201.79,72.53,109.7,548.47,928.18,843.79,829.88
3754,2023-02-24T00:25:38.770000,7463835251,441.9,200.47,72.23,108.94,547.34,926.62,843.06,829.39
3755,2023-02-24T00:25:38.775000,7463835252,441.36,201.37,72.38,109.67,547.48,928.08,844.62,830.02
3756,2023-02-24T00:25:38.780000,7463835253,442.8,203.53,73.12,109.64,548.34,928.66,845.87,830.17
3757,2023-02-24T00:25:38.785000,7463835254,442.47,202.06,72.66,109.71,548.44,928.64,845.1,830.33
3758,2023-02-24T00:25:38.790000,7463835255,441.35,200.49,71.97,109.39,547.13,926.94,843.21,829.69
3759,2023-02-24T00:25:38.795000,7463835256,442.09,201.71,72.71,109.71,547.79,928.11,844.69,829.84
3760,2023-02-24T00:25:38.800000,7463835257,443.66,202.63,72.85,109.55,548.15,928.62,845.21,830.15
3761,2023-02-24T00:25:38.805000,7463835258,442.06,201.71,72.63,109.65,547.99,928.06,844.8,830.24
3762,2023-02-24T00:25:38.810000,7463835259,441.54,201.53,72.21,109.44,547.05,926.35,843.02,829.88
3763,2023-02-24T00:25:38.815000,7463835260,441.9,200.96,72.25,109.49,547.59,927.09,844,829.73
3764,2023-02-24T00:25:38.820000,7463835261,441.57,201.2,72.23,109.2,547.53,927.59,844.08,829.83
3765,2023-02-24T00:25:38.825000,7463835262,442.49,201.78,73.07,109.77,547.71,927.43,843.85,829.95
3766,2023-02-24T00:25:38.830000,7463835263,443.49,202.55,73.19,110.2,548.23,928.43,844.65,830.59
3767,2023-02-24T00:25:38.835000,7463835264,442.69,202.1,72.98,109.27,547.27,927.72,844.38,829.91
3768,2023-02-24T00:25:38.840000,7463835265,442.54,201.63,72.57,109.36,547.57,928.29,844.63,829.74
3769,2023-02-24T00:25:38.845000,7463835266,442.23,201.69,71.93,109.09,547.01,926.73,844.32,829.35
3770,2023-02-24T00:25:38.850000,7463835267,443.13,201.65,72.56,109.14,547.87,927.31,845.2,829.85
3771,2023-02-24T00:25:38.855000,7463835268,442.39,201.7,72.01,109.57,548.01,927.12,845.15,829.73
3772,2023-02-24T00:25:38.860000,7463835269,442.27,201.66,72.67,110.66,547.88,927.91,844.58,830.05
3773,2023-02-24T00:25:38.865000,7463835270,442.34,202.12,72.78,109.78,547.51,927.63,843.78,829.33
3774,2023-02-24T00:25:38.870000,7463835271,443.55,202.25,72.61,110.03,547.89,928.24,844.43,830.04
3775,2023-02-24T00:25:38.875000,7463835272,442.31,201.96,72.26,110.1,547.33,927.9,844.07,829.78
3776,2023-02-24T00:25:38.880000,7463835273,442.25,201.54,72.32,109.31,546.83,928.03,843.33,829.8
3777,2023-02-24T00:25:38.885000,7463835274,442.14,201.72,72.16,109.36,546.98,927.8,844.21,830.43
3778,2023-02-24T00:25:38.890000,7463835275,442.19,201.76,72.87,109.48,548.04,927.6,844.26,830.25
3779,2023-02-24T00:25:38.895000,7463835276,442.16,201.76,72.37,109.15,547.77,927.51,844.13,829.82
3780,2023-02-24T00:25:38.900000,7463835277,442.05,201.2,72.21,108.78,548.22,927.38,843.77,829.41
3781,2023-02-24T00:25:38.905000,7463835278,442.74,201.36,72.46,109.38,547.38,926.93,843.97,829.13
3782,2023-02-24T00:25:38.910000,7463835279,442.49,201.86,72.12,109.76,548.17,927.42,844.35,829.88
3783,2023-02-24T00:25:38.915000,7463835280,442.26,201.44,72.23,109.58,547.33,927.14,843.82,829.49
3784,2023-02-24T00:25:38.920000,7463835281,442.94,201.95,72.84,109.56,547.54,928.55,844.5,830.38
3785,2023-02-24T00:25:38.925000,7463835282,442.88,202.15,72.55,109.29,547.56,928.15,843.99,829.69
3786,2023-02-24T00:25:38.930000,7463835283,441.98,201.83,71.94,109.3,546.98,927.92,843.63,830.35
3787,2023-02-24T00:25:38.935000,7463835284,441.9,202.23,72.14,109.57,548.58,928.36,844.52,830.23
3788,2023-02-24T00:25:38.940000,7463835285,442.85,202.37,72.58,109.31,548.67,928.64,844.86,830.71
3789,2023-02-24T00:25:38.945000,7463835286,443.39,202.29,72.95,109.66,548.81,928.23,844.5,830.83
3790,2023-02-24T00:25:38.950000,7463835287,441.87,201.16,71.95,108.8,547.15,926.6,843.25,829.59
3791,2023-02-24T00:25:38.955000,7463835288,442.65,201.3,71.94,109.4,547.48,927.05,843.8,829.48
3792,2023-02-24T00:25:38.960000,7463835289,442.34,202.18,72.33,108.66,548.33,928.12,845.11,830.49
3793,2023-02-24T00:25:38.965000,7463835290,443.09,201.91,72.97,110.08,548.8,928.94,845.33,830.42
3794,2023-02-24T00:25:38.970000,7463835291,442.53,202.13,72.35,110.18,547.4,929,845.01,830.54
3795,2023-02-24T00:25:38.975000,7463835292,442.01,201.8,72.42,109.4,547.26,928.2,844.73,830.3
3796,2023-02-24T00:25:38.980000,7463835293,442.06,201.49,71.58,108.92,546.27,927.92,844.76,830.32
3797,2023-02-24T00:25:38.985000,7463835294,443.37,201.56,72.97,110.42,547.94,927.87,845.71,830.93
3798,2023-02-24T00:25:38.990000,7463835295,443.53,202.19,72.53,109.65,547.4,928.21,844.79,830.33
3799,2023-02-24T00:25:38.995000,7463835296,442.11,201.45,72.14,109.17,547.47,927.4,844.52,830.4
3800,2023-02-24T00:25:39,7463835297,442.46,201.73,72.59,109.33,547.52,927.96,845.2,830.78
3801,2023-02-24T00:25:39.005000,7463835298,443.7,202.51,73.05,110.38,548.41,928.05,845.14,831.16
3802,2023-02-24T00:25:39.010000,7463835299,441.8,201.19,72.7,109.67,547.93,927.38,844.5,830.31
3803,2023-02-24T00:25:39.015000,7463835300,442.59,201.86,72.67,109.82,547.32,927.4,844.83,830.45
3804,2023-02-24T00:25:39.020000,7463835301,443.34,201.67,72.9,109.83,547.46,928.72,845.77,830.85
3805,2023-02-24T00:25:39.025000,7463835302,442.39,202.12,73.12,110.05,547.64,928.49,845.37,830.73
3806,2023-02-24T00:25:39.030000,7463835303,441.98,201.81,72.61,109.35,547.46,928.08,844.7,830
3807,2023-02-24T00:25:39.035000,7463835304,442,201.31,72.24,109.32,547.54,927.12,844.82,830.77
3808,2023-02-24T00:25:39.040000,7463835305,441.94,201.56,72.43,109.4,547.4,927.62,844.52,830.81
3809,2023-02-24T00:25:39.045000,7463835306,441.76,201.89,71.85,108.93,547.51,926.87,844.28,830.52
3810,2023-02-24T00:25:39.050000,7463835307,442.32,201.42,72.33,108.38,547.51,926.77,844.32,829.88
3811,2023-02-24T00:25:39.055000,7463835308,442.51,201.52,72.01,109.12,546.99,927.79,844.87,830.11
3812,2023-02-24T00:25:39.060000,7463835309,442.79,202.26,73.23,110.08,547.62,928.42,845.14,830.64
3813,2023-02-24T00:25:39.065000,7463835310,442.42,201.8,72.37,109.45,546.99,928.2,844.84,830.52
3814,2023-02-24T00:25:39.070000,7463835311,442.14,201.31,72.33,109.57,546.52,928.16,844.83,830.32
3815,2023-02-24T00:25:39.075000,7463835312,441.44,201.09,72.45,108.94,546.79,927.94,844.42,830.8
3816,2023-02-24T00:25:39.080000,7463835313,442.72,201.87,73.06,110.1,548.01,928.12,845.52,830.89
3817,2023-02-24T00:25:39.085000,7463835314,443.24,201.98,72.79,110.06,548.12,928.43,845.41,831.01
3818,2023-02-24T00:25:39.090000,7463835315,443.26,201.29,72.42,109.3,547.11,927.86,844.54,830.15
3819,2023-02-24T00:25:39.095000,7463835316,442.3,201.46,72.27,109.22,547.48,927.42,844.38,830.77
3820,2023-02-24T00:25:39.100000,7463835317,442.81,202.19,73.51,109.67,547.79,928.16,845.37,830.82
3821,2023-02-24T00:25:39.105000,7463835318,442.87,201.34,72.87,110.41,548.55,928.48,845.17,830.57
3822,2023-02-24T00:25:39.110000,7463835319,442.36,201.22,72.03,109.52,547.23,927.44,844.57,830.4
3823,2023-02-24T00:25:39.115000,7463835320,442.92,201.04,72.09,109.57,546.78,927.8,845.59,831.19
3824,2023-02-24T00:25:39.120000,7463835321,442.91,201.83,72.96,110.38,548.04,928.75,845.83,831.51
3825,2023-02-24T00:25:39.125000,7463835322,442.77,201.82,72.74,109.48,547.36,928.46,845.65,831.37
3826,2023-02-24T00:25:39.130000,7463835323,442.84,201.22,72.58,109.65,547.27,928.34,845.32,831.61
3827,2023-02-24T00:25:39.135000,7463835324,442.6,202.28,72.19,109.88,546.69,927.3,844.95,831.06
3828,2023-02-24T00:25:39.140000,7463835325,443.08,202.26,73.22,111.49,548.2,929.21,846.18,831.52
3829,2023-02-24T00:25:39.145000,7463835326,442.73,201.97,71.65,109.94,548.03,927.7,845.68,830.83
3830,2023-02-24T00:25:39.150000,7463835327,442.1,200.81,72.38,109.36,547.42,927.02,845.18,830.6
3831,2023-02-24T00:25:39.155000,7463835328,442.68,201.01,72.92,109.53,547.63,927.98,845.14,830.94
3832,2023-02-24T00:25:39.160000,7463835329,442.88,201.49,73.18,109.92,548.08,928.36,845.92,830.9
3833,2023-02-24T00:25:39.165000,7463835330,443.65,201.98,72.4,109.94,547.57,928.9,845.58,831.46
3834,2023-02-24T00:25:39.170000,7463835331,443,202,72.84,109.96,547.62,928.77,846,832.3
3835,2023-02-24T00:25:39.175000,7463835332,443.4,202.37,72.22,109.89,547.17,927.94,846.81,832.22
3836,2023-02-24T00:25:39.180000,7463835333,442.6,201.44,72.77,109.05,546.67,927.85,846.37,831.96
3837,2023-02-24T00:25:39.185000,7463835334,443.47,202.26,73.16,110.05,547.66,928.09,847.01,831.87
3838,2023-02-24T00:25:39.190000,7463835335,443.09,201.77,73.38,110.29,547.9,928.47,846.53,832.18
3839,2023-02-24T00:25:39.195000,7463835336,443.02,201.14,72.87,109.42,547.4,928.48,846.09,832
3840,2023-02-24T00:25:39.200000,7463835337,442.93,200.8,72.54,108.79,546.85,928.31,845.85,831.31
3841,2023-02-24T00:25:39.205000,7463835338,443.64,201.33,72.26,110.07,546.96,928.36,846.24,831.76
3842,2023-02-24T00:25:39.210000,7463835339,443.09,201.54,72.89,110.15,547.06,928.92,847.49,832.73
3843,2023-02-24T00:25:39.215000,7463835340,442.73,201.45,72.43,109.62,546.46,928.83,847.21,832.5
3844,2023-02-24T00:25:39.220000,7463835341,443.12,200.73,71.54,109.37,545.88,928.58,846.48,832.29
3845,2023-02-24T00:25:39.225000,7463835342,443.64,201.64,72.78,110.29,546.49,928.44,847.22,832.56
3846,2023-02-24T00:25:39.230000,7463835343,443.61,202.02,72.87,109.96,547.64,928.39,847.19,832.7
3847,2023-02-24T00:25:39.235000,7463835344,443.49,201.68,72.42,109.75,547.31,927.75,847.17,832.68
3848,2023-02-24T00:25:39.240000,7463835345,442.95,200.79,72.58,109.47,546.96,927.48,846.61,832.81
3849,2023-02-24T00:25:39.245000,7463835346,443.15,200.93,72.46,109.62,546.88,928.37,847.2,832.58
3850,2023-02-24T00:25:39.250000,7463835347,443.39,201.66,72.72,110.07,547.44,929.01,847.45,832.81
3851,2023-02-24T00:25:39.255000,7463835348,443.49,200.97,73.01,109.34,546.81,928.81,847.11,832.81
3852,2023-02-24T00:25:39.260000,7463835349,443.36,200.74,72.67,109.34,546.25,928.81,847.77,832.57
3853,2023-02-24T00:25:39.265000,7463835350,443.58,200.67,72.71,109.84,546.13,928,846.98,832.4
3854,2023-02-24T00:25:39.270000,7463835351,443.17,201.72,73.19,109.07,546.98,928.13,847.48,832.18
3855,2023-02-24T00:25:39.275000,7463835352,442.93,200.98,72.78,109.89,547.07,927.75,847.65,832.73
3856,2023-02-24T00:25:39.280000,7463835353,443.65,201.28,72.79,109.64,546.93,928.41,847.49,832.89
3857,2023-02-24T00:25:39.285000,7463835354,443.92,201.02,72.77,110.08,546.93,928.69,847.82,833.59
3858,2023-02-24T00:25:39.290000,7463835355,442.67,201.13,72.88,109.58,546.92,928.8,848.61,833.5
3859,2023-02-24T00:25:39.295000,7463835356,443.66,201.03,72.44,110.2,546.51,929.41,848.37,833.24
3860,2023-02-24T00:25:39.300000,7463835357,443.13,201.04,72.69,110.28,546.64,928.46,848.23,833.52
3861,2023-02-24T00:25:39.305000,7463835358,443.49,201.88,73.17,110.15,547.2,928.28,848.53,833.76
3862,2023-02-24T00:25:39.310000,7463835359,443.88,201.39,72.3,109.5,546.36,928.25,848.49,834.92
3863,2023-02-24T00:25:39.315000,7463835360,443.72,201.35,72.57,110.91,547.21,928.48,849.06,834
3864,2023-02-24T00:25:39.320000,7463835361,443.98,200.93,72.71,110.21,546.91,928.49,848.44,834.57
3865,2023-02-24T00:25:39.325000,7463835362,443.32,200.66,73.36,110.52,546.11,929.38,849.06,834.58
3866,2023-02-24T00:25:39.330000,7463835363,444.17,200.72,72.87,110.05,546.1,928.21,848.36,834.36
3867,2023-02-24T00:25:39.335000,7463835364,444.43,200.79,73.12,110.35,547.49,929.71,849.91,834.6
3868,2023-02-24T00:25:39.340000,7463835365,444.35,200.32,73.47,110.23,547.26,928.63,849.83,833.95
3869,2023-02-24T00:25:39.345000,7463835366,443.68,200.34,73.02,110.49,546.8,928.62,849.13,833.96
3870,2023-02-24T00:25:39.350000,7463835367,442.79,200.01,72.22,109.7,546.46,928.54,848.8,834.26
3871,2023-02-24T00:25:39.355000,7463835368,444.33,201.58,73.34,110.76,546.88,929.35,850.26,835.07
3872,2023-02-24T00:25:39.360000,7463835369,443.35,201.31,73.71,110.08,546.5,929.53,850.16,834.88
3873,2023-02-24T00:25:39.365000,7463835370,443.55,201.04,72.79,109.04,545.54,928.92,849.05,834.42
3874,2023-02-24T00:25:39.370000,7463835371,443.41,201.15,73.04,109.9,546.42,929.26,850.02,834.84
3875,2023-02-24T00:25:39.375000,7463835372,444.73,200.98,73.55,110.58,546.91,929.68,850.9,835.19
3876,2023-02-24T00:25:39.380000,7463835373,443.92,200.94,73.09,110.69,546.38,928.94,849.94,835.3
3877,2023-02-24T00:25:39.385000,7463835374,443.37,199.85,72.63,110.27,545.7,928.26,848.43,835
3878,2023-02-24T00:25:39.390000,7463835375,444.16,200.35,73.03,109.9,546.16,928.89,849.46,834.96
3879,2023-02-24T00:25:39.395000,7463835376,445.48,201.36,73.83,110.97,547.64,930.57,852.03,835.85
3880,2023-02-24T00:25:39.400000,7463835377,443.9,200.56,72.74,110.34,545.78,929.66,850.91,835.41
3881,2023-02-24T00:25:39.405000,7463835378,443.72,199.32,72.04,109.04,545.16,927.93,848.93,835.31
3882,2023-02-24T00:25:39.410000,7463835379,444.99,200,72.95,110.18,546.36,928.35,850.86,835.56
3883,2023-02-24T00:25:39.415000,7463835380,445.06,201.13,73.51,110.85,546.91,930.4,852.35,836.82
3884,2023-02-24T00:25:39.420000,7463835381,444.11,200.14,72.71,109.77,545.91,928.19,850.98,836.61
3885,2023-02-24T00:25:39.425000,7463835382,443.66,199.41,72.47,109.49,545.66,927.45,849.68,835.61
3886,2023-02-24T00:25:39.430000,7463835383,444.35,200.45,72.69,110.95,545.91,928.8,850.9,836.09
3887,2023-02-24T00:25:39.435000,7463835384,444.88,200.33,73.81,110.8,546.24,930.17,852.79,836.65
3888,2023-02-24T00:25:39.440000,7463835385,444.22,200.26,73.34,110.05,544.81,929.24,851.06,836.68
3889,2023-02-24T00:25:39.445000,7463835386,443.43,199.46,72.18,108.95,544.4,928.1,850.22,835.36
3890,2023-02-24T00:25:39.450000,7463835387,444.2,200.67,73.27,110.6,546.08,930.03,851.35,836.88
3891,2023-02-24T00:25:39.455000,7463835388,444.8,200.45,73.68,111.22,546.57,931.18,852.85,836.98
3892,2023-02-24T00:25:39.460000,7463835389,444.23,199.7,73.21,110.49,545.86,929.05,851.25,836.31
3893,2023-02-24T00:25:39.465000,7463835390,443.98,198.92,73.12,110.47,545.21,928.29,850.67,836.23
3894,2023-02-24T00:25:39.470000,7463835391,445.17,199.51,73.76,110.94,546.01,929.55,851.73,836.47
3895,2023-02-24T00:25:39.475000,7463835392,445.96,200.38,72.73,110.72,546.2,929.83,852.44,836.86
3896,2023-02-24T00:25:39.480000,7463835393,445.22,199.59,72.4,110.29,544.8,928.55,850.86,836.24
3897,2023-02-24T00:25:39.485000,7463835394,444.96,199.75,73.19,110.69,545.9,929.63,851.19,837.04
3898,2023-02-24T00:25:39.490000,7463835395,445.65,200.22,73.95,110.43,546.34,930.05,852.58,837.34
3899,2023-02-24T00:25:39.495000,7463835396,444.59,199.14,73.02,109.74,544.56,929.34,851.21,836.39
3900,2023-02-24T00:25:39.500000,7463835397,444.63,198.86,72.61,110.15,545.26,929.09,851.09,836.33
3901,2023-02-24T00:25:39.505000,7463835398,446.42,200.77,74.77,111.5,547.09,931.26,853.24,838.66
3902,2023-02-24T00:25:39.510000,7463835399,445.67,200.31,74.38,110.96,546.18,930.01,852.42,837.39
3903,2023-02-24T00:25:39.515000,7463835400,443.26,197.43,72.61,108.07,543.89,926.64,850.01,835.75
3904,2023-02-24T00:25:39.520000,7463835401,444.3,199.08,72.8,110.01,544.6,928.65,851.27,837.18
3905,2023-02-24T00:25:39.525000,7463835402,447.65,201.58,75.28,112.83,547.93,932.42,854.83,839.34
3906,2023-02-24T00:25:39.530000,7463835403,445.82,200.06,74.31,111.06,545.91,930.97,853.14,837.75
3907,2023-02-24T00:25:39.535000,7463835404,442.5,197.13,70.81,108.06,542.36,926.72,849.08,834.38
3908,2023-02-24T00:25:39.540000,7463835405,444.6,198.92,73.05,109.86,545.08,929.35,852.13,836.62
3909,2023-02-24T00:25:39.545000,7463835406,448.15,202.53,75.43,113.13,548.71,932.71,856.31,839.3
3910,2023-02-24T00:25:39.550000,7463835407,445.55,200.02,73.8,110.94,545.85,930.18,853.16,837.81
3911,2023-02-24T00:25:39.555000,7463835408,441.97,196.23,70,107.07,541.65,925.33,847.73,834.91
3912,2023-02-24T00:25:39.560000,7463835409,444.64,198.74,72.19,109.84,544.21,929.65,851.19,836.94
3913,2023-02-24T00:25:39.565000,7463835410,448.83,203.36,76.85,115,549.11,935.44,858.05,840.79
3914,2023-02-24T00:25:39.570000,7463835411,446.27,200.06,73.41,110.86,545.31,930.84,852.78,837.91
3915,2023-02-24T00:25:39.575000,7463835412,441.5,195.37,69.43,106.63,540.39,924.88,847.11,833.95
3916,2023-02-24T00:25:39.580000,7463835413,445.21,199.08,73.11,110.22,544.64,929.46,852.12,837.82
3917,2023-02-24T00:25:39.585000,7463835414,448.87,203.56,77.41,113.83,549.58,934.58,858.17,840.14
3918,2023-02-24T00:25:39.590000,7463835415,445.89,199.81,72.99,110.1,545.81,929.68,853.04,837.9
3919,2023-02-24T00:25:39.595000,7463835416,441.3,195.63,69.46,106.92,540.74,925.15,847.86,834.56
3920,2023-02-24T00:25:39.600000,7463835417,445.3,199.26,73.74,111.07,545.13,930.94,852.85,838.19
3921,2023-02-24T00:25:39.605000,7463835418,449.06,203.69,77.04,113.91,548.6,935.94,858.31,840.71
3922,2023-02-24T00:25:39.610000,7463835419,445.86,199.57,73.64,110.31,543.91,930.54,852.51,838.06
3923,2023-02-24T00:25:39.615000,7463835420,442.03,195.5,69.55,107.11,540.82,925.58,847.48,834.91
3924,2023-02-24T00:25:39.620000,7463835421,446.06,199.05,73.77,110.43,545.29,930.57,853.03,837.59
3925,2023-02-24T00:25:39.625000,7463835422,449.45,202.2,75.63,113.63,547.46,934.41,857.55,839.57
3926,2023-02-24T00:25:39.630000,7463835423,446.05,198.57,73.21,110.46,544.56,929.38,852.83,837.52
3927,2023-02-24T00:25:39.635000,7463835424,443.35,195.61,70.91,108.22,542.02,926.48,849.78,836.49
3928,2023-02-24T00:25:39.640000,7463835425,447.08,198.74,74.01,110.8,544.46,931.43,853.79,838.74
3929,2023-02-24T00:25:39.645000,7463835426,447.92,200.67,74.28,111.5,546.08,933.4,856.04,839.13
3930,2023-02-24T00:25:39.650000,7463835427,445.94,198.42,72.83,109.39,543.57,930.28,852,837.71
3931,2023-02-24T00:25:39.655000,7463835428,444.47,197.34,72.67,109.52,542.19,929.06,850.48,837.32
3932,2023-02-24T00:25:39.660000,7463835429,446.77,199.55,74.5,111.29,544.43,931.61,854.61,837.96
3933,2023-02-24T00:25:39.665000,7463835430,447.04,200.07,73.77,110.92,545.61,931.96,855.36,838.51
3934,2023-02-24T00:25:39.670000,7463835431,446.78,198.01,72.95,109.74,544.33,929.99,852.65,837.1
3935,2023-02-24T00:25:39.675000,7463835432,445.83,197.65,72.49,110.25,543.74,930.11,852.25,837.81
3936,2023-02-24T00:25:39.680000,7463835433,446.95,199.12,74.69,110.47,545.23,932.06,854.77,838.99
3937,2023-02-24T00:25:39.685000,7463835434,446.18,198.25,72.61,109.09,542.88,930.65,853.1,837.41
3938,2023-02-24T00:25:39.690000,7463835435,446.58,198.51,72.58,109.59,542.96,930.09,852.16,838.27
3939,2023-02-24T00:25:39.695000,7463835436,447.41,198.58,74.76,111.76,544.43,932.13,854.37,839.27
3940,2023-02-24T00:25:39.700000,7463835437,448.08,198.91,73.97,110.7,545.03,932.6,855.75,839.4
3941,2023-02-24T00:25:39.705000,7463835438,444.88,196.9,71.51,108.53,541.85,928.8,852.36,836.49
3942,2023-02-24T00:25:39.710000,7463835439,445.75,197.81,72.76,109.75,543,929.82,852.07,838.24
3943,2023-02-24T00:25:39.715000,7463835440,447.84,200.01,74.92,111.91,545.72,932.55,855.28,839.77
3944,2023-02-24T00:25:39.720000,7463835441,447.74,199.54,74.58,111.67,544.9,933.07,855.54,838.91
3945,2023-02-24T00:25:39.725000,7463835442,444.64,196.86,71.09,108.49,540.8,929.28,851.68,836.13
3946,2023-02-24T00:25:39.730000,7463835443,446.04,198.31,73.31,110.04,542.58,931.1,852.8,838.54
3947,2023-02-24T00:25:39.735000,7463835444,448.55,199.94,75.24,111.89,545.45,933.88,856.28,840.21
3948,2023-02-24T00:25:39.740000,7463835445,448.55,199.44,74.49,111.46,545.28,933.04,856.06,839.39
3949,2023-02-24T00:25:39.745000,7463835446,444.63,195.81,71.33,108.24,541.03,928.76,851.28,837.05
3950,2023-02-24T00:25:39.750000,7463835447,446.61,197.97,72.78,109.85,543,930.96,853.52,838.61
3951,2023-02-24T00:25:39.755000,7463835448,448.81,199.73,75.51,112.46,545.31,934.26,857.23,840.4
3952,2023-02-24T00:25:39.760000,7463835449,448.56,199.4,74.6,111.42,544.07,934.04,856.56,839.55
3953,2023-02-24T00:25:39.765000,7463835450,444.84,195.81,71.98,108.35,540.64,928.92,851.11,837.27
3954,2023-02-24T00:25:39.770000,7463835451,446.19,197.81,73.88,110.38,543.28,931.84,854.46,839.17
3955,2023-02-24T00:25:39.775000,7463835452,448.78,200.37,75.72,112.3,545.28,934.49,856.29,840.82
3956,2023-02-24T00:25:39.780000,7463835453,447.46,198.91,74.54,110.9,543.82,933.31,856,839.28
3957,2023-02-24T00:25:39.785000,7463835454,444.79,196.11,71.85,108.7,540.9,929.28,852.9,837.25
3958,2023-02-24T00:25:39.790000,7463835455,447.5,198.69,74.13,110.78,543.25,932.63,854.91,839.37
3959,2023-02-24T00:25:39.795000,7463835456,449.34,199.9,75.64,112.57,544.11,934.3,856.63,840.98
3960,2023-02-24T00:25:39.800000,7463835457,448.66,199.16,74.43,110.61,542.95,933.24,855.84,839.06
3961,2023-02-24T00:25:39.805000,7463835458,445.33,197.07,72.07,109.76,541.45,931.14,852.85,837.24
3962,2023-02-24T00:25:39.810000,7463835459,447.34,198.08,74.45,111.36,542.72,933.6,855.26,839.1
3963,2023-02-24T00:25:39.815000,7463835460,448.87,199.22,75.05,112.27,543.53,934.37,856.38,840
3964,2023-02-24T00:25:39.820000,7463835461,447.57,198.91,73.72,110.26,542.57,932.88,855.09,838.76
3965,2023-02-24T00:25:39.825000,7463835462,447.3,196.83,72.9,109.4,541.08,930.76,853.1,838.34
3966,2023-02-24T00:25:39.830000,7463835463,448.5,198.38,74.58,111.29,543.17,933.85,856.62,839.67
3967,2023-02-24T00:25:39.835000,7463835464,448.56,199,74.6,112.56,543.51,934.79,856.72,840.33
3968,2023-02-24T00:25:39.840000,7463835465,447.51,197.37,72.84,109.91,542.27,932.76,855.82,838.59
3969,2023-02-24T00:25:39.845000,7463835466,446.59,196.89,72.43,110.02,540.84,931.96,853.78,838.79
3970,2023-02-24T00:25:39.850000,7463835467,448.4,199.47,75.07,112.03,543.64,934.66,856.12,839.84
3971,2023-02-24T00:25:39.855000,7463835468,448.79,199.32,74.99,111.57,543.66,934.71,856.17,839.87
3972,2023-02-24T00:25:39.860000,7463835469,447.4,196.95,72.84,109.78,541.16,931.49,853.93,838.92
3973,2023-02-24T00:25:39.865000,7463835470,447.59,196.81,73.64,110.21,542.26,932.44,854.49,838.99
3974,2023-02-24T00:25:39.870000,7463835471,448.16,198.8,75.62,111.9,543.64,934.71,856.8,840.01
3975,2023-02-24T00:25:39.875000,7463835472,448.87,198.97,74.42,110.85,542.87,934.76,856.21,839.42
3976,2023-02-24T00:25:39.880000,7463835473,447.35,196.95,73.06,109.56,540.87,932.58,853.71,837.95
3977,2023-02-24T00:25:39.885000,7463835474,446.68,197.73,74.12,110.5,541.73,933.21,854.38,839.21
3978,2023-02-24T00:25:39.890000,7463835475,448.63,198.82,75.55,112.28,543.59,935.74,857.21,839.77
3979,2023-02-24T00:25:39.895000,7463835476,448.13,198.94,74.17,111.84,542.69,934.47,855.64,839.32
3980,2023-02-24T00:25:39.900000,7463835477,446.72,196.88,72.57,109.66,541.13,932,853.84,837.51
3981,2023-02-24T00:25:39.905000,7463835478,448.09,198.14,74.27,111.22,542.42,933.75,855.08,839.15
3982,2023-02-24T00:25:39.910000,7463835479,448.57,198.35,75.76,112.43,543.09,935.39,856.49,840.17
3983,2023-02-24T00:25:39.915000,7463835480,447.7,198.21,74.32,110.54,542.1,934.8,855.82,838.86
3984,2023-02-24T00:25:39.920000,7463835481,447.37,197.1,73.37,109.55,540.08,933.02,854.54,838.87
3985,2023-02-24T00:25:39.925000,7463835482,447.88,197.89,74.24,111.17,542.39,935.29,856.33,839.25
3986,2023-02-24T00:25:39.930000,7463835483,448.91,198.52,75.22,112.11,542.13,935.34,857.23,839.7
3987,2023-02-24T00:25:39.935000,7463835484,448.3,196.92,73.17,110.49,541.29,933.59,855.62,839
3988,2023-02-24T00:25:39.940000,7463835485,447.21,196.68,73.09,109.09,540.73,932.23,854.31,838.29
3989,2023-02-24T00:25:39.945000,7463835486,449,199.3,75.26,112.31,542.58,935.99,856.91,840.27
3990,2023-02-24T00:25:39.950000,7463835487,447.81,198.3,74.74,111.36,542.41,935.24,856.75,840.02
3991,2023-02-24T00:25:39.955000,7463835488,446.25,196.64,73.39,110.21,540.41,933.4,854.25,838.39
3992,2023-02-24T00:25:39.960000,7463835489,447.86,196.34,72.49,109.82,539.92,933.46,854.44,838.41
3993,2023-02-24T00:25:39.965000,7463835490,449.96,200.38,75.34,112.68,543.02,937.15,857.22,840.57
3994,2023-02-24T00:25:39.970000,7463835491,449.32,198.17,74.75,111.21,541.62,935.2,856.43,839.23
3995,2023-02-24T00:25:39.975000,7463835492,446.63,196.36,73.1,109.81,538.95,932.46,852.61,837.89
3996,2023-02-24T00:25:39.980000,7463835493,446.85,197.37,73.21,110.28,540.58,934.01,854.56,838.22
3997,2023-02-24T00:25:39.985000,7463835494,450.78,199.89,76.87,113.18,544.04,938.08,858.64,840.49
3998,2023-02-24T00:25:39.990000,7463835495,448.19,198.01,74.52,111.48,541.17,935.12,855.74,838.87
3999,2023-02-24T00:25:39.995000,7463835496,444.86,194.94,72.34,108.54,537.7,931.11,851.91,836.96
4000,2023-02-24T00:25:40,7463835497,447,197.47,73.76,110.79,540.32,934.43,854.54,838.2
4001,2023-02-24T00:25:40.005000,7463835498,451.54,201.21,76.98,114.55,544.83,939.63,861.02,841.98
4002,2023-02-24T00:25:40.010000,7463835499,447.65,198.26,73.97,110.98,540.68,935.13,855.42,838.79
4003,2023-02-24T00:25:40.015000,7463835500,444.69,195.13,71.6,108.09,537.14,930.49,850.39,835.97
4004,2023-02-24T00:25:40.020000,7463835501,447.61,198.12,73.71,111.25,540.16,935.01,854.57,838.68
4005,2023-02-24T00:25:40.025000,7463835502,451.68,201.61,77.22,114.4,544.63,940.34,861.1,840.87
4006,2023-02-24T00:25:40.030000,7463835503,447.77,197.84,73.57,110.77,540.01,934.46,854.57,839.06
4007,2023-02-24T00:25:40.035000,7463835504,443.65,194.03,71.61,108.12,536.06,930.48,850.36,836.7
4008,2023-02-24T00:25:40.040000,7463835505,448.21,197.18,74.43,110.77,540.6,935.38,855.75,838.27
4009,2023-02-24T00:25:40.045000,7463835506,451.34,201.31,76.74,114.39,543.43,940.82,861.08,840.88
4010,2023-02-24T00:25:40.050000,7463835507,447.77,198.17,74.24,110.3,539.55,934.82,855.29,838.34
4011,2023-02-24T00:25:40.055000,7463835508,444.82,195.25,72.15,108.5,537.08,931.57,851.4,837.42
4012,2023-02-24T00:25:40.060000,7463835509,448.13,198.25,74.29,111.04,540.32,935.94,855.83,838.55
4013,2023-02-24T00:25:40.065000,7463835510,451.97,201.16,76.54,113.18,543.09,939.63,859.82,840.85
4014,2023-02-24T00:25:40.070000,7463835511,447.94,197.48,73.8,110.52,539.78,934.84,854.71,838.49
4015,2023-02-24T00:25:40.075000,7463835512,446.01,195.78,72.75,109.85,538.08,932.99,851.84,837.52
4016,2023-02-24T00:25:40.080000,7463835513,448.47,197.76,74.21,111.25,540.32,936.05,855.32,838.7
4017,2023-02-24T00:25:40.085000,7463835514,449.77,199.45,74.8,112,541.26,938.33,858.1,839.55
4018,2023-02-24T00:25:40.090000,7463835515,447.7,197.14,73.77,109.85,539.5,935.13,854.59,838.47
4019,2023-02-24T00:25:40.095000,7463835516,447.55,196.55,73.79,111.23,539.17,935.02,854.47,838.85
4020,2023-02-24T00:25:40.100000,7463835517,448.51,197.88,74.94,111.37,540.01,937.12,856.01,838.99
4021,2023-02-24T00:25:40.105000,7463835518,448.19,197.61,73.48,110.2,539.37,936.36,855.87,838.07
4022,2023-02-24T00:25:40.110000,7463835519,447.41,197.13,73.86,110.65,538.44,935.22,854.89,838.13
4023,2023-02-24T00:25:40.115000,7463835520,450.3,199.53,76.2,113.53,541.37,938.89,857.39,840.49
4024,2023-02-24T00:25:40.120000,7463835521,448.65,198.03,74.27,111.03,539.59,936.79,856.19,838.92
4025,2023-02-24T00:25:40.125000,7463835522,445.75,194.14,70.43,107.33,535.21,932.87,852.18,835.78
4026,2023-02-24T00:25:40.130000,7463835523,447.79,197.28,73.51,110.46,538.37,936.54,855.1,838.24
4027,2023-02-24T00:25:40.135000,7463835524,451.91,201.13,77.15,114.77,542.57,940.67,859.42,841.79
4028,2023-02-24T00:25:40.140000,7463835525,447.98,197.63,73.71,110.56,539.18,935.75,855.56,838.52
4029,2023-02-24T00:25:40.145000,7463835526,443.75,192.51,69.17,106,534.21,930.29,850.3,834.51
4030,2023-02-24T00:25:40.150000,7463835527,448.89,197.36,74.69,111.82,538.92,937.4,856.35,838.73
4031,2023-02-24T00:25:40.155000,7463835528,455.45,203.58,80.13,117.48,545.2,945.17,863.83,843.26
4032,2023-02-24T00:25:40.160000,7463835529,448.3,196.8,73.34,110.25,538.12,936.56,855.59,838.52
4033,2023-02-24T00:25:40.165000,7463835530,441.8,190.34,67.24,104.22,530.7,927.54,846.96,833.56
4034,2023-02-24T00:25:40.170000,7463835531,449.06,197.84,74.79,112.27,539.21,937.74,856.8,839.6
4035,2023-02-24T00:25:40.175000,7463835532,456.74,205.37,81.46,118.36,546.81,946.99,865.36,844.41
4036,2023-02-24T00:25:40.180000,7463835533,448.53,196.63,73.33,109.84,537.31,936.3,854.12,838.17
4037,2023-02-24T00:25:40.185000,7463835534,440.26,189.43,66.51,103.42,529.5,926.41,844.6,832.66
4038,2023-02-24T00:25:40.190000,7463835535,449.48,198.63,75.68,112.43,540.04,939.09,857.86,839.98
4039,2023-02-24T00:25:40.195000,7463835536,456.84,204.94,81.17,119.03,546.89,947.82,865.93,844.09
4040,2023-02-24T00:25:40.200000,7463835537,447.78,196.5,72.78,109.22,537.1,936.24,853.74,837.41
4041,2023-02-24T00:25:40.205000,7463835538,440.29,189.4,67.25,103.69,529.98,927.35,844.61,832.37
4042,2023-02-24T00:25:40.210000,7463835539,449.64,198.7,75.47,112.8,540.42,940.59,857.95,839.87
4043,2023-02-24T00:25:40.215000,7463835540,455.61,204.97,80.1,117.33,545.7,946.89,865.09,843.36
4044,2023-02-24T00:25:40.220000,7463835541,446.62,196.16,72.59,109.53,536.55,935.71,853.12,836.57
4045,2023-02-24T00:25:40.225000,7463835542,442.39,191.04,68.97,105.73,531.78,929.66,846.4,833.29
4046,2023-02-24T00:25:40.230000,7463835543,450.39,199.62,76.07,113.39,540.46,941.78,859.45,840.39
4047,2023-02-24T00:25:40.235000,7463835544,454.72,204.1,79.41,116.74,544.35,946.68,864.82,842.74
4048,2023-02-24T00:25:40.240000,7463835545,446.36,196.35,72.81,109.24,535.82,936.09,853.44,836.96
4049,2023-02-24T00:25:40.245000,7463835546,443.57,192.87,70.39,107.34,532.98,931.88,848.14,834.85
4050,2023-02-24T00:25:40.250000,7463835547,451.78,199.84,77.06,113.7,540.33,942.01,858.73,840.11
4051,2023-02-24T00:25:40.255000,7463835548,452.41,201.51,77.03,113.99,541.4,942.74,861.41,840.5
4052,2023-02-24T00:25:40.260000,7463835549,447.4,195.88,72.17,109.53,535.13,936.21,852.4,836.78
4053,2023-02-24T00:25:40.265000,7463835550,445.84,195.17,73.03,109.81,535.33,935.84,852.06,837.04
4054,2023-02-24T00:25:40.270000,7463835551,450.62,199.58,76.61,113.38,540.04,942.17,858.98,840.34
4055,2023-02-24T00:25:40.275000,7463835552,450.81,199.67,75.81,112.14,539.13,941.94,859.67,839.13
4056,2023-02-24T00:25:40.280000,7463835553,447.28,195.97,72.39,109.37,535.19,936.15,852.59,837.53
4057,2023-02-24T00:25:40.285000,7463835554,447.85,196.21,74.5,110.81,536.18,938.27,853.65,838.01
4058,2023-02-24T00:25:40.290000,7463835555,450.57,199.59,76.69,112.67,538.22,942.53,858.78,839.79
4059,2023-02-24T00:25:40.295000,7463835556,448.92,197.96,74.45,110.83,536.36,939.53,856.92,837.12
4060,2023-02-24T00:25:40.300000,7463835557,446.69,196.05,72.72,109.24,534.22,936.18,853.01,837.09
4061,2023-02-24T00:25:40.305000,7463835558,449.59,199.55,76.7,112.91,538.85,941.5,857.17,839.39
4062,2023-02-24T00:25:40.310000,7463835559,450.15,199.27,75.69,112.65,538.04,942.06,858.51,839.02
4063,2023-02-24T00:25:40.315000,7463835560,447.3,195.96,72.85,109.02,534.84,937.67,854.66,836.61
4064,2023-02-24T00:25:40.320000,7463835561,448.52,196.3,72.87,110.18,534.4,938.39,853.79,837.46
4065,2023-02-24T00:25:40.325000,7463835562,452.58,200.19,77.9,114.58,540.09,944.18,860.27,841.06
4066,2023-02-24T00:25:40.330000,7463835563,450.42,198.21,74.94,111.66,537.61,941.31,857.99,838.41
4067,2023-02-24T00:25:40.335000,7463835564,446.85,195.33,71.67,108.13,533.34,936.73,853.26,835.51
4068,2023-02-24T00:25:40.340000,7463835565,447.44,196.24,73.95,110.02,534.97,938.05,854.32,837.21
4069,2023-02-24T00:25:40.345000,7463835566,452.31,201.4,78.31,115.08,540.09,944.49,859.98,840.78
4070,2023-02-24T00:25:40.350000,7463835567,448.95,198.89,74.42,110.88,536.24,940.81,856.86,837.69
4071,2023-02-24T00:25:40.355000,7463835568,446.06,194.57,71.55,108.24,533.16,937.01,853.32,835.28
4072,2023-02-24T00:25:40.360000,7463835569,448.2,197.19,74.45,111.26,535.19,940.07,855.42,837.47
4073,2023-02-24T00:25:40.365000,7463835570,452.32,201.04,77.47,114.39,538.34,945.22,860.62,840.91
4074,2023-02-24T00:25:40.370000,7463835571,449.05,197.05,73.51,110.64,534.93,940.72,855.81,837.69
4075,2023-02-24T00:25:40.375000,7463835572,446.6,194.78,72,109.29,532.71,937.45,852.79,835.72
4076,2023-02-24T00:25:40.380000,7463835573,449.26,197.46,74.92,111.18,535.61,940.33,855.61,838.12
4077,2023-02-24T00:25:40.385000,7463835574,452.84,201.27,77.07,113.7,538.45,945.03,859.9,840.86
4078,2023-02-24T00:25:40.390000,7463835575,449.03,196.66,73.66,110,533.92,939.86,855.19,837.13
4079,2023-02-24T00:25:40.395000,7463835576,446.69,194.51,72.31,108.82,532.51,938.1,853.48,835.64
4080,2023-02-24T00:25:40.400000,7463835577,449.2,197.25,74.97,111.78,535.82,941.78,856.67,838.22
4081,2023-02-24T00:25:40.405000,7463835578,451.3,199.96,76.45,113.53,537.62,944.4,859.65,839.5
4082,2023-02-24T00:25:40.410000,7463835579,448.02,195.78,72.8,109.62,533.11,940.34,854.64,836.43
4083,2023-02-24T00:25:40.415000,7463835580,446.52,194.61,72.68,108.92,532.72,938.59,853.23,835.51
4084,2023-02-24T00:25:40.420000,7463835581,450.29,198.13,75.81,112.75,535.92,942.66,857.64,838.94
4085,2023-02-24T00:25:40.425000,7463835582,451.95,199.57,76.19,112.43,536.69,943.94,859.38,839.63
4086,2023-02-24T00:25:40.430000,7463835583,448.08,196.31,73.68,109.99,532.9,939.68,853.93,836.62
4087,2023-02-24T00:25:40.435000,7463835584,447.9,195.41,72.92,109.59,532.54,939.88,853.88,835.76
4088,2023-02-24T00:25:40.440000,7463835585,450.96,198.23,75.94,112.94,536.18,943.65,858.08,838.78
4089,2023-02-24T00:25:40.445000,7463835586,450.76,198.47,75.89,112.04,536.17,943.67,858.1,838.88
4090,2023-02-24T00:25:40.450000,7463835587,448.17,196.5,72.27,109.63,532.56,939.93,854.37,836.81
4091,2023-02-24T00:25:40.455000,7463835588,447.91,195.6,73.15,109.83,532.99,940.34,854.57,836.31
4092,2023-02-24T00:25:40.460000,7463835589,450.46,198.18,76.07,113.18,535.87,943.66,858.3,838.99
4093,2023-02-24T00:25:40.465000,7463835590,450.61,197.83,75.57,111.96,534.84,943.15,857.81,838.99
4094,2023-02-24T00:25:40.470000,7463835591,447.66,195.86,72.31,109.67,531.91,940.13,854.14,836.05
4095,2023-02-24T00:25:40.475000,7463835592,448.07,195.4,73.54,110.06,532.74,940.97,855.04,836.97
4096,2023-02-24T00:25:40.480000,7463835593,450.68,197.99,76.47,112.39,535.55,944.7,858.6,838.44
4097,2023-02-24T00:25:40.485000,7463835594,450.02,198.46,74.7,111.31,534.18,942.8,856.94,838.45
4098,2023-02-24T00:25:40.490000,7463835595,448.78,196.09,72.64,109.67,531.48,940.51,854.19,836.23
4099,2023-02-24T00:25:40.495000,7463835596,448.74,196.29,73.95,110.47,532.96,941.76,856,836.86
4100,2023-02-24T00:25:40.500000,7463835597,449.81,198.31,75.95,112.37,534.93,944.6,858.36,838.44
4101,2023-02-24T00:25:40.505000,7463835598,449.23,197.19,73.78,110.33,533.23,942.7,856.14,837.29
4102,2023-02-24T00:25:40.510000,7463835599,448.83,196.28,73.31,109.48,531.39,941.77,854.8,836.78
4103,2023-02-24T00:25:40.515000,7463835600,449.5,197.31,74.54,110.68,533.42,943.71,856.68,838.25
4104,2023-02-24T00:25:40.520000,7463835601,450.38,197.54,75.8,112.46,534.66,944.44,858.17,838.87
4105,2023-02-24T00:25:40.525000,7463835602,447.78,196.42,73.44,110.22,532.01,941.83,855.33,836.24
4106,2023-02-24T00:25:40.530000,7463835603,448.36,196.11,72.72,109.9,532.02,941.31,854.58,837.25
4107,2023-02-24T00:25:40.535000,7463835604,450.05,197.76,75.05,112.37,534.28,944.49,857.98,838.55
4108,2023-02-24T00:25:40.540000,7463835605,449.56,197.71,75.15,112.1,534.14,944.25,857.91,838.18
4109,2023-02-24T00:25:40.545000,7463835606,446.63,195.13,72.48,109.5,531.27,939.92,853.62,835.53
4110,2023-02-24T00:25:40.550000,7463835607,449.01,197.15,74.19,110.1,533.47,942.37,855.72,836.81
4111,2023-02-24T00:25:40.555000,7463835608,451.43,198.45,75.77,112.48,535.7,945.4,858.84,839.17
4112,2023-02-24T00:25:40.560000,7463835609,449.12,196.52,74.95,112.15,534.63,942.2,856.72,837.15
4113,2023-02-24T00:25:40.565000,7463835610,446.47,194.74,72.07,108.49,530.43,938.54,851.99,835.34
4114,2023-02-24T00:25:40.570000,7463835611,449.5,197.28,74.22,111,533.68,942.09,855.77,837.71
4115,2023-02-24T00:25:40.575000,7463835612,452.41,199.31,75.73,112.93,535.89,944.86,859.25,839.6
4116,2023-02-24T00:25:40.580000,7463835613,448.4,196.58,74.28,111.14,533.73,941.55,855.91,837.44
4117,2023-02-24T00:25:40.585000,7463835614,445.93,193.31,71.32,107.76,530.3,936.84,851.57,835.2
4118,2023-02-24T00:25:40.590000,7463835615,449.61,197.68,74.5,110.78,534.44,942.24,856.85,838.12
4119,2023-02-24T00:25:40.595000,7463835616,453.2,200.45,77.33,114.22,537.96,946.29,861.09,840.35
4120,2023-02-24T00:25:40.600000,7463835617,448.22,196.24,73.8,110.81,533.44,940.44,855,837.49
4121,2023-02-24T00:25:40.605000,7463835618,444.06,192.87,70.4,107.26,529.19,935.44,850.03,834.26
4122,2023-02-24T00:25:40.610000,7463835619,450.83,197.38,74.62,111.87,535.16,943.26,857.02,838.42
4123,2023-02-24T00:25:40.615000,7463835620,453.89,200.83,77.82,114.53,538.82,947.15,861.57,840.19
4124,2023-02-24T00:25:40.620000,7463835621,448.06,195.82,73.4,110.08,532.04,939.73,853.82,837.54
4125,2023-02-24T00:25:40.625000,7463835622,444.87,192.97,70.28,107.52,528.96,935.04,849.43,834.64
4126,2023-02-24T00:25:40.630000,7463835623,450.3,198.47,75.64,112.15,535.06,942.62,857.81,838.88
4127,2023-02-24T00:25:40.635000,7463835624,452.51,199.26,76.96,113.43,537.81,945.46,861.06,840.35
4128,2023-02-24T00:25:40.640000,7463835625,447.79,195.59,72.8,109.55,531.82,938.68,854.14,836.86
4129,2023-02-24T00:25:40.645000,7463835626,445.57,193.18,71.54,108.45,530.27,936.88,851.36,836.08
4130,2023-02-24T00:25:40.650000,7463835627,451.05,198.19,75.49,112.75,535.96,943.52,858.05,838.94
4131,2023-02-24T00:25:40.655000,7463835628,452.57,198.74,75.56,112.71,536.18,943.79,859.37,838.64
4132,2023-02-24T00:25:40.660000,7463835629,447.82,195.59,73.32,109.92,532.63,939.13,853.66,836.55
4133,2023-02-24T00:25:40.665000,7463835630,447.75,195.23,73.21,110.27,532.22,938.26,853.01,836.94
4134,2023-02-24T00:25:40.670000,7463835631,450.61,198.12,76.08,112.16,535.85,943.63,858.57,838.72
4135,2023-02-24T00:25:40.675000,7463835632,450.25,198.11,75.25,111.47,535.22,943.48,858.57,837.76
4136,2023-02-24T00:25:40.680000,7463835633,447.75,196.24,73.74,110.18,532.69,939.71,853.89,837.16
4137,2023-02-24T00:25:40.685000,7463835634,449.38,197.06,75.14,111.82,534.27,941.05,855.51,838.78
4138,2023-02-24T00:25:40.690000,7463835635,450.9,198.03,75.66,111.79,534.97,942.35,857.82,838.59
4139,2023-02-24T00:25:40.695000,7463835636,447.88,195.37,72.55,109.22,532.73,939.87,854.53,835.89
4140,2023-02-24T00:25:40.700000,7463835637,448.66,196.59,73.92,110.4,533.36,939.92,854.49,837.02
4141,2023-02-24T00:25:40.705000,7463835638,451.43,198.87,77.08,113.57,536.67,943.78,858.18,840.26
4142,2023-02-24T00:25:40.710000,7463835639,449.39,196.75,74.66,111.17,534.72,941.8,856.7,837.71
4143,2023-02-24T00:25:40.715000,7463835640,446.05,193.5,70.82,107.15,529.88,936.26,851.73,834.47
4144,2023-02-24T00:25:40.720000,7463835641,449.84,196.76,74.29,111.43,534.23,941.08,856.16,838.23
4145,2023-02-24T00:25:40.725000,7463835642,453.05,200.66,78.57,115.4,537.73,945.28,860.89,841.24
4146,2023-02-24T00:25:40.730000,7463835643,448.49,196.2,74.06,110.08,533.14,940.23,855.43,836.86
4147,2023-02-24T00:25:40.735000,7463835644,443.63,191.37,69.38,105.3,528.16,934.61,849.52,833
4148,2023-02-24T00:25:40.740000,7463835645,449.85,196.64,75.02,111.76,534.52,942.1,856.42,837.96
4149,2023-02-24T00:25:40.745000,7463835646,454.93,202.07,79.93,117.1,540.36,948.57,863.13,842.52
4150,2023-02-24T00:25:40.750000,7463835647,447.29,195.33,72.12,108.94,531.44,939.12,854.28,836.3
4151,2023-02-24T00:25:40.755000,7463835648,441.48,189.32,67.66,103.07,525.29,930.34,846.11,831.37
4152,2023-02-24T00:25:40.760000,7463835649,451.78,199.18,77.07,113.35,537.34,943.76,858.79,840.18
4153,2023-02-24T00:25:40.765000,7463835650,457.64,204.3,81.5,118.38,542.56,950.86,866.81,843.82
4154,2023-02-24T00:25:40.770000,7463835651,446.02,193.83,71.21,107.9,531.16,936.72,851.71,835.25
4155,2023-02-24T00:25:40.775000,7463835652,440.12,188.5,65.85,103.06,526.17,929.65,844.11,831.51
4156,2023-02-24T00:25:40.780000,7463835653,451.91,199.53,77.35,114.3,537.4,944.53,860.34,840.46
4157,2023-02-24T00:25:40.785000,7463835654,457.57,205.18,81.49,119,542.76,951.56,866.87,843.62
4158,2023-02-24T00:25:40.790000,7463835655,445.99,193.37,71.17,107.68,530.63,936.43,851.59,834.62
4159,2023-02-24T00:25:40.795000,7463835656,442.09,189.72,68.41,104.45,527,931.69,846.73,832.9
4160,2023-02-24T00:25:40.800000,7463835657,452.85,199.86,77.32,114.64,538.43,945.3,860.88,840.44
4161,2023-02-24T00:25:40.805000,7463835658,455.11,202.47,79.55,116.52,540.62,948.43,863.94,841.93
4162,2023-02-24T00:25:40.810000,7463835659,445.74,193.51,70.48,107.99,529.92,935.03,850.17,834.62
4163,2023-02-24T00:25:40.815000,7463835660,443.29,191,69.32,105.65,528.05,933.09,848.14,833.05
4164,2023-02-24T00:25:40.820000,7463835661,453.34,200.42,78.12,115.14,538.55,946.1,861.5,840.88
4165,2023-02-24T00:25:40.825000,7463835662,455.33,202.53,79.71,116.16,539.7,948.22,863.63,841.98
4166,2023-02-24T00:25:40.830000,7463835663,445.1,192.58,70.49,106.63,529.53,934.43,849.02,834.86
4167,2023-02-24T00:25:40.835000,7463835664,444.1,191.61,70.28,107.17,529.47,934.03,848.83,834.73
4168,2023-02-24T00:25:40.840000,7463835665,453.16,200.6,78.23,114.69,539.24,946.01,862.25,841.24
4169,2023-02-24T00:25:40.845000,7463835666,452.51,198.9,76.38,113.56,537.49,943.48,860.15,839.01
4170,2023-02-24T00:25:40.850000,7463835667,445.58,192.78,70.88,107.17,529.86,935.04,850,835.13
4171,2023-02-24T00:25:40.855000,7463835668,446.82,193.72,72.62,108.94,531.55,936.97,851.51,836.26
4172,2023-02-24T00:25:40.860000,7463835669,452.84,199.08,77.57,114.36,538.35,945.28,861.14,840.83
4173,2023-02-24T00:25:40.865000,7463835670,450.37,197.12,74.36,111.5,534.18,941.58,856.87,837.59
4174,2023-02-24T00:25:40.870000,7463835671,446.78,193.18,71.29,108.09,530.5,935.52,850.36,835.19
4175,2023-02-24T00:25:40.875000,7463835672,447.84,195.1,73.53,111.3,533.48,938.75,854.62,837.96
4176,2023-02-24T00:25:40.880000,7463835673,451.63,199,76.69,114.06,537.45,944.16,860.82,839.65
4177,2023-02-24T00:25:40.885000,7463835674,448.11,196.02,73.18,110.22,533.57,938.85,855.28,837.1
4178,2023-02-24T00:25:40.890000,7463835675,447.04,194.51,72.48,109.52,531.86,936.22,851.33,836.64
4179,2023-02-24T00:25:40.895000,7463835676,449.21,196.94,76.06,112.64,534.94,941.24,855.7,838.9
4180,2023-02-24T00:25:40.900000,7463835677,451.38,198.41,76.14,112.99,535.91,943.3,859.31,839.33
4181,2023-02-24T00:25:40.905000,7463835678,446.53,195.19,72.27,108.85,532.08,937.22,853.28,835.99
4182,2023-02-24T00:25:40.910000,7463835679,448.39,195.08,74.04,110.13,531.91,937.67,852.84,837.26
4183,2023-02-24T00:25:40.915000,7463835680,450.92,198.47,76.25,112.96,535.76,942.17,856.95,839.93
4184,2023-02-24T00:25:40.920000,7463835681,449.81,197.64,74.92,112.2,535.23,941.47,857.82,838.42
4185,2023-02-24T00:25:40.925000,7463835682,446.29,193.84,71.49,107.97,531.08,936.6,851.62,835.88
4186,2023-02-24T00:25:40.930000,7463835683,448.5,196.04,73.84,110.44,533.38,938.39,853.82,837.77
4187,2023-02-24T00:25:40.935000,7463835684,451.56,197.85,75.76,113.47,536.12,942.12,857.85,840.29
4188,2023-02-24T00:25:40.940000,7463835685,449.36,196.97,74.34,110.78,534.92,940.51,856.96,837.53
4189,2023-02-24T00:25:40.945000,7463835686,446.62,193.96,71.93,108.6,531.64,936.58,852.09,835.54
4190,2023-02-24T00:25:40.950000,7463835687,448.8,195.89,74.03,111.72,534.19,939.69,854.71,838.22
4191,2023-02-24T00:25:40.955000,7463835688,451.92,198.68,76.37,113.6,536.46,942.7,858.23,839.52
4192,2023-02-24T00:25:40.960000,7463835689,448.33,195.71,73.48,109.28,532.62,939.08,854.15,836.7
4193,2023-02-24T00:25:40.965000,7463835690,446.75,194.15,71.52,108.27,531.2,935.75,851.87,835.52
4194,2023-02-24T00:25:40.970000,7463835691,450.07,197.34,75.19,112.18,535.43,940.64,856.19,839.24
4195,2023-02-24T00:25:40.975000,7463835692,451.6,198.4,76.29,113.59,536.39,942.11,857.47,839.51
4196,2023-02-24T00:25:40.980000,7463835693,447.75,194.82,72.35,109.09,532.35,937.69,853.7,836.46
4197,2023-02-24T00:25:40.985000,7463835694,447.66,193.76,72.26,109.59,531.82,936.73,852.63,836.2
4198,2023-02-24T00:25:40.990000,7463835695,450.23,197.6,76.23,113.65,535.7,941.59,857,839.46
4199,2023-02-24T00:25:40.995000,7463835696,451.08,197.76,75.98,112.7,535.73,941.93,857.1,838.96
4200,2023-02-24T00:25:41,7463835697,447.65,194.35,71.5,108.36,531.62,936.63,852.54,835.98
4201,2023-02-24T00:25:41.005000,7463835698,448.93,195.31,73.58,110.53,532.92,938.87,854.07,837.11
4202,2023-02-24T00:25:41.010000,7463835699,451.11,197.9,76.39,113.16,536.16,942.45,858.04,839.72
4203,2023-02-24T00:25:41.015000,7463835700,449.67,197.45,75.24,112.57,535.55,941.02,857.2,839.09
4204,2023-02-24T00:25:41.020000,7463835701,447.15,193.64,71.46,108.22,530.86,936.67,851.91,835.63
4205,2023-02-24T00:25:41.025000,7463835702,448.71,195.15,73.35,110.73,533.76,939.47,853.9,837.25
4206,2023-02-24T00:25:41.030000,7463835703,451.78,198.04,76.37,113.09,536.39,942.31,857.85,839.36
4207,2023-02-24T00:25:41.035000,7463835704,450.53,197.25,75.04,111.98,534.65,940.47,856.68,839.25
4208,2023-02-24T00:25:41.040000,7463835705,447.04,193.55,71.4,108,530.46,935.96,851.67,836.15
4209,2023-02-24T00:25:41.045000,7463835706,449.01,195.68,74.72,111.11,534.26,939.56,855.23,837.82
4210,2023-02-24T00:25:41.050000,7463835707,451.08,197.94,76.9,113.21,536.34,942.41,858.34,839.09
4211,2023-02-24T00:25:41.055000,7463835708,449.91,197.13,74.71,111.45,534.89,940.02,855.93,838.02
4212,2023-02-24T00:25:41.060000,7463835709,446.73,194.32,71.39,108.35,531.74,936.22,852.08,835.91
4213,2023-02-24T00:25:41.065000,7463835710,450.51,197.28,75.45,112.15,535.82,941.09,856.98,838.84
4214,2023-02-24T00:25:41.070000,7463835711,451.58,197.95,76.34,113.63,536.71,942.27,858.32,839.36
4215,2023-02-24T00:25:41.075000,7463835712,449.17,196.04,74.67,111.5,533.85,940.06,855.22,837.77
4216,2023-02-24T00:25:41.080000,7463835713,447.35,194.29,71.92,109,531.71,936.91,851.84,835.96
4217,2023-02-24T00:25:41.085000,7463835714,450.14,197.22,75.43,112.15,535.83,941.14,856.81,838.93
4218,2023-02-24T00:25:41.090000,7463835715,450.4,197.66,76.31,112.81,536.31,941.87,857.76,839.26
4219,2023-02-24T00:25:41.095000,7463835716,448.71,195.68,74,110.49,533.89,938.54,854.67,837.82
4220,2023-02-24T00:25:41.100000,7463835717,448.28,194.4,72.27,109.17,532.79,937.41,853.29,837.42
4221,2023-02-24T00:25:41.105000,7463835718,451.84,198.41,77.15,113.09,536.79,942.45,858.4,839.48
4222,2023-02-24T00:25:41.110000,7463835719,450.92,197.15,75.69,112.47,535.77,941.46,857.15,838.67
4223,2023-02-24T00:25:41.115000,7463835720,448.27,194.25,73.01,109.69,532.46,937.47,853.41,837.08
4224,2023-02-24T00:25:41.120000,7463835721,449.7,195.73,73.84,110.26,534.09,938.98,854.21,837.33
4225,2023-02-24T00:25:41.125000,7463835722,452.66,198.91,77.19,113.68,537.84,943.8,860.26,839.79
4226,2023-02-24T00:25:41.130000,7463835723,449.49,196.21,74.82,111.92,535.1,939.86,855.68,837.92
4227,2023-02-24T00:25:41.135000,7463835724,447.28,194.56,72.47,109.34,531.14,936.42,851.91,836.14
4228,2023-02-24T00:25:41.140000,7463835725,449.99,196.88,74.32,111.81,534.96,939.99,855.63,837.96
4229,2023-02-24T00:25:41.145000,7463835726,452.91,200.24,78.04,114.88,538.82,945.13,860.46,840.4
4230,2023-02-24T00:25:41.150000,7463835727,448.99,195.32,74,110.73,534.77,938.53,854.84,837.3
4231,2023-02-24T00:25:41.155000,7463835728,446.17,193.02,72.01,109.01,531.48,935.36,851.14,835.15
4232,2023-02-24T00:25:41.160000,7463835729,450.7,197.44,75.17,112.35,535.69,940.87,856.33,838.46
4233,2023-02-24T00:25:41.165000,7463835730,453.55,199.97,77.98,114.89,539.25,945,860.83,840.59
4234,2023-02-24T00:25:41.170000,7463835731,448.66,195.37,74.14,110.05,533.07,938.14,853.74,837.59
4235,2023-02-24T00:25:41.175000,7463835732,445.59,192.82,71.37,108.31,530.7,934.81,850.29,836.07
4236,2023-02-24T00:25:41.180000,7463835733,451.38,197.83,75.34,112.53,536.38,942.33,857.02,839.36
4237,2023-02-24T00:25:41.185000,7463835734,454.58,200.35,77.8,114.8,538.8,945.64,860.95,840.79
4238,2023-02-24T00:25:41.190000,7463835735,448.22,194.95,73.38,109.54,532.36,937.77,853.36,836.62
4239,2023-02-24T00:25:41.195000,7463835736,446.16,192.89,71.62,108.36,530.08,934.71,850.15,835.38
4240,2023-02-24T00:25:41.200000,7463835737,452.53,198.2,76.03,112.75,536.59,942.81,858.35,839.21
4241,2023-02-24T00:25:41.205000,7463835738,453.15,200.59,77.13,113.59,538.77,944.98,861.19,839.88
4242,2023-02-24T00:25:41.210000,7463835739,447.75,194.59,72.98,109.79,532.84,937.52,852.42,836.52
4243,2023-02-24T00:25:41.215000,7463835740,447.01,194.79,73.02,109.6,531.9,936.1,851.28,836.78
4244,2023-02-24T00:25:41.220000,7463835741,452.04,198.79,76.76,113.62,537.16,942.99,858.55,839.75
4245,2023-02-24T00:25:41.225000,7463835742,451.21,197.86,75.87,112.37,536.59,942.55,858.19,838.71
4246,2023-02-24T00:25:41.230000,7463835743,446.91,194.85,72.77,109.35,531.91,936.88,852.27,835.93
4247,2023-02-24T00:25:41.235000,7463835744,448.43,195.09,74.17,109.99,533.2,937.5,852.86,837.52
4248,2023-02-24T00:25:41.240000,7463835745,451.03,198.33,75.78,112.22,536.42,941.7,857.92,838.61
4249,2023-02-24T00:25:41.245000,7463835746,449.69,196.18,73.96,110.37,534.45,939.86,855.62,836.87
4250,2023-02-24T00:25:41.250000,7463835747,448.61,195.58,73.98,110.94,533.39,937.66,853.31,837.37
4251,2023-02-24T00:25:41.255000,7463835748,450.8,197.83,76.49,112.62,535.63,940.32,855.58,838.09
4252,2023-02-24T00:25:41.260000,7463835749,451.11,197.79,75.65,112.84,536.51,941.87,857.69,838.21
4253,2023-02-24T00:25:41.265000,7463835750,447.47,194.78,72.61,109.92,533.49,938.51,854.14,835.9
4254,2023-02-24T00:25:41.270000,7463835751,448.63,196.17,74.26,111.39,533.8,938.42,854.34,837.37
4255,2023-02-24T00:25:41.275000,7463835752,453.71,200.08,79.08,115.91,538.88,943.78,858.45,841.3
4256,2023-02-24T00:25:41.280000,7463835753,449.92,196.14,74.28,111.23,535.34,939.8,856.48,838.08
4257,2023-02-24T00:25:41.285000,7463835754,445.74,192.92,70.18,107.97,530,934.66,850.64,834.35
4258,2023-02-24T00:25:41.290000,7463835755,450.64,197.82,75.32,112.22,535.37,939.92,856.19,838.47
4259,2023-02-24T00:25:41.295000,7463835756,454.31,201.15,78.96,116.59,539.62,945.43,861.13,841.77
4260,2023-02-24T00:25:41.300000,7463835757,447.96,195.1,73.27,109.64,532.57,937.9,853.65,836.56
4261,2023-02-24T00:25:41.305000,7463835758,444.21,190.83,69.17,105.77,528.65,932.71,848.57,833.15
4262,2023-02-24T00:25:41.310000,7463835759,451.99,198.54,76.8,114,537.17,942.18,859.05,840.14
4263,2023-02-24T00:25:41.315000,7463835760,456.33,202.98,80.25,117.63,541.02,948.29,864.17,843.27
4264,2023-02-24T00:25:41.320000,7463835761,446.68,193.93,71.97,108.49,531.18,936.36,852.35,835.54
4265,2023-02-24T00:25:41.325000,7463835762,442.52,190.12,68.87,105.02,528.08,931.46,847.56,833.52
4266,2023-02-24T00:25:41.330000,7463835763,452.7,200.3,78.18,114.85,538.87,944.43,860.88,841.3
4267,2023-02-24T00:25:41.335000,7463835764,456.72,203.34,81.1,117.5,541.89,948.6,865.35,843.38
4268,2023-02-24T00:25:41.340000,7463835765,445.68,193.34,70.56,107.21,529.96,934.39,851.35,835.85
4269,2023-02-24T00:25:41.345000,7463835766,443.81,190.66,68.43,105.36,528.33,931.46,847.68,833.19
4270,2023-02-24T00:25:41.350000,7463835767,454.65,201.09,79.58,116.37,540.51,945.86,862.53,842.7
4271,2023-02-24T00:25:41.355000,7463835768,456.13,201.78,80.77,117.12,541.6,947.09,863.75,843.39
4272,2023-02-24T00:25:41.360000,7463835769,445.21,192,69.78,105.96,529.14,933.22,849.39,834.74
4273,2023-02-24T00:25:41.365000,7463835770,444.15,191.35,70.49,106.39,529.94,933.28,848.82,834.86
4274,2023-02-24T00:25:41.370000,7463835771,455.02,201.2,79.69,116.28,540.21,946.05,863.39,843.01
4275,2023-02-24T00:25:41.375000,7463835772,455.51,202.1,79.48,116.2,540.44,946.37,863.61,842.67
4276,2023-02-24T00:25:41.380000,7463835773,444.72,191.55,69.59,106.61,529.46,932.73,848.07,834.24
4277,2023-02-24T00:25:41.385000,7463835774,445.47,192.47,71.46,108.04,530.75,934.45,850.43,835.8
4278,2023-02-24T00:25:41.390000,7463835775,453.97,201.04,79.27,115.67,540.36,945.84,863.39,842.35
4279,2023-02-24T00:25:41.395000,7463835776,452.78,199.92,77.66,114.41,538.52,943.91,860.64,840.42
4280,2023-02-24T00:25:41.400000,7463835777,443.94,191.72,69.8,106.56,529.43,932.66,848.34,834.68
4281,2023-02-24T00:25:41.405000,7463835778,448.04,194.13,73.19,109.46,532.87,936.67,852.26,837.22
4282,2023-02-24T00:25:41.410000,7463835779,454.5,201.15,79.16,116.07,539.63,945.6,863.6,842.65
4283,2023-02-24T00:25:41.415000,7463835780,451.95,198.52,76.02,112.8,536.94,942.04,858.84,840.63
4284,2023-02-24T00:25:41.420000,7463835781,445.48,192.4,71.42,106.61,530.11,933.43,849.09,835.59
4285,2023-02-24T00:25:41.425000,7463835782,449.36,195.19,74.11,110.92,534.46,938.4,853.89,838.02
4286,2023-02-24T00:25:41.430000,7463835783,453.77,200.62,78.51,115.16,539.24,944.96,861.84,841.2
4287,2023-02-24T00:25:41.435000,7463835784,450.73,196.72,74.88,111.61,535.57,939.77,857.63,838.55
4288,2023-02-24T00:25:41.440000,7463835785,446.4,192.59,71.16,107.96,530.93,934.06,849.72,836.09
4289,2023-02-24T00:25:41.445000,7463835786,450.42,196.7,75.88,112.2,535.25,941.1,856.09,839.12
4290,2023-02-24T00:25:41.450000,7463835787,452.74,198.89,76.89,113.57,538.16,943.5,860.07,840.2
4291,2023-02-24T00:25:41.455000,7463835788,449.56,196.84,73.77,111.05,534.77,939.65,856.29,838.2
4292,2023-02-24T00:25:41.460000,7463835789,447.71,194.75,73.39,109.12,532.78,936.2,851.82,837.45
4293,2023-02-24T00:25:41.465000,7463835790,450.87,198.03,76.41,113.24,536.52,941.15,857.64,840.37
4294,2023-02-24T00:25:41.470000,7463835791,451.22,198.24,75.62,111.84,537.18,942.22,859.06,839.9
4295,2023-02-24T00:25:41.475000,7463835792,448.53,195.56,73.79,110.21,533.97,938.48,855.08,837.59
4296,2023-02-24T00:25:41.480000,7463835793,449.22,195.91,74.26,111.42,534.63,938.16,853.98,837.55
4297,2023-02-24T00:25:41.485000,7463835794,450.7,197.86,75.81,112.27,535.88,940.78,857.12,838.84
4298,2023-02-24T00:25:41.490000,7463835795,450.2,196.9,74.46,111.04,535.75,940.06,856.7,838.19
4299,2023-02-24T00:25:41.495000,7463835796,447.82,195.09,73.55,109.74,533.35,937.58,854.26,837.24
4300,2023-02-24T00:25:41.500000,7463835797,450.47,197.07,75.71,112.33,535.63,939.74,855.12,838.38
4301,2023-02-24T00:25:41.505000,7463835798,451.81,198.19,76.74,113.57,537.06,941.61,857.6,839.37
4302,2023-02-24T00:25:41.510000,7463835799,448.77,196.08,73.27,110.46,533.92,938.17,855.06,837.01
4303,2023-02-24T00:25:41.515000,7463835800,448.08,195.35,73.15,109.22,532.88,937.61,853.46,836.1
4304,2023-02-24T00:25:41.520000,7463835801,450.68,198.17,76.79,113.47,536.37,940.66,856.67,839.24
4305,2023-02-24T00:25:41.525000,7463835802,451.42,197.76,76.74,113.3,536.49,941.1,856.89,839.76
4306,2023-02-24T00:25:41.530000,7463835803,448.52,195.28,73.48,109.85,533.44,937.53,853.83,836.22
4307,2023-02-24T00:25:41.535000,7463835804,448.36,195.03,73.25,109.97,533.23,936.56,853.11,836.54
4308,2023-02-24T00:25:41.540000,7463835805,452.02,198.74,77.72,114.41,537.57,941.67,857.49,839.53
4309,2023-02-24T00:25:41.545000,7463835806,451.37,197.5,76.24,112.29,536.28,940.33,856.87,838.12
4310,2023-02-24T00:25:41.550000,7463835807,447.7,195.07,73.21,108.8,532.3,935.76,852.48,835.71
4311,2023-02-24T00:25:41.555000,7463835808,448.08,195.52,74.17,110.42,533.28,937.56,852.98,836.16
4312,2023-02-24T00:25:41.560000,7463835809,452.32,198.99,78.24,114.28,537.52,942.07,858.36,839.5
4313,2023-02-24T00:25:41.565000,7463835810,450.38,196.91,75.48,112.21,535.43,939.39,855.38,838.22
4314,2023-02-24T00:25:41.570000,7463835811,447.01,194.77,72.96,108.55,533.15,936.47,852.05,835.66
4315,2023-02-24T00:25:41.575000,7463835812,449.18,195.48,75.25,110.28,534.52,938.22,853.87,837.32
4316,2023-02-24T00:25:41.580000,7463835813,452.5,198.71,77.99,113.35,538.24,942.94,858.76,839.54
4317,2023-02-24T00:25:41.585000,7463835814,450.43,197.1,75.45,111.02,535.55,940.34,855.61,837.71
4318,2023-02-24T00:25:41.590000,7463835815,448.52,194.94,72.93,109.16,533.56,937.09,852.71,835.99
4319,2023-02-24T00:25:41.595000,7463835816,448.97,196.3,74.96,110.42,535.44,939.46,854.92,837.34
4320,2023-02-24T00:25:41.600000,7463835817,452.54,198.17,77.3,113.03,538.12,942.79,858.27,839.77
4321,2023-02-24T00:25:41.605000,7463835818,449.91,196.44,74.53,111.05,535.62,939.72,854.61,837.57
4322,2023-02-24T00:25:41.610000,7463835819,448.52,194.89,72.57,109.32,534.5,937.12,853.37,836.33
4323,2023-02-24T00:25:41.615000,7463835820,449.96,195.85,75.43,111.76,535.95,939.05,855.98,838.39
4324,2023-02-24T00:25:41.620000,7463835821,451.46,197.84,76.31,113.27,537.6,941.11,857.79,839.22
4325,2023-02-24T00:25:41.625000,7463835822,449.11,195.82,73.98,110.59,534.57,937.49,854.88,837.7
4326,2023-02-24T00:25:41.630000,7463835823,448.51,194.78,72.91,109.9,534.23,936.37,853.56,836.79
4327,2023-02-24T00:25:41.635000,7463835824,451.51,197.14,75.84,112.88,536.16,939.55,857.1,839.42
4328,2023-02-24T00:25:41.640000,7463835825,451.3,197.21,75.26,112.77,535.84,938.78,857.41,838.76
4329,2023-02-24T00:25:41.645000,7463835826,449.16,195.22,73.25,110.15,532.31,935.97,852.82,837.51
4330,2023-02-24T00:25:41.650000,7463835827,449.49,196.15,73.93,110.77,533.45,936.95,853.63,837.03
4331,2023-02-24T00:25:41.655000,7463835828,451.64,198.46,76.58,113.25,535.92,939.07,856.74,838.91
4332,2023-02-24T00:25:41.660000,7463835829,449.19,196,74.72,111.75,533.28,936.55,854.49,837.69
4333,2023-02-24T00:25:41.665000,7463835830,447.56,193.53,72.33,109.68,530.7,933.62,850.86,835.96
4334,2023-02-24T00:25:41.670000,7463835831,450.27,197.24,73.87,111.04,533.76,938.26,854.67,838.06
4335,2023-02-24T00:25:41.675000,7463835832,453.06,199.55,77.37,113.94,536.94,941.9,858.15,839.62
4336,2023-02-24T00:25:41.680000,7463835833,447.96,195,74.01,110.54,532.54,936.68,852.23,836.27
4337,2023-02-24T00:25:41.685000,7463835834,447.11,193.21,72.1,109.17,531.36,934.55,850.02,835.01
4338,2023-02-24T00:25:41.690000,7463835835,450.71,197.87,75.58,112.29,536.5,940.16,856.76,838.54
4339,2023-02-24T00:25:41.695000,7463835836,452.86,199.39,77.28,114.19,538.77,943.12,858.96,839.99
4340,2023-02-24T00:25:41.700000,7463835837,447.55,194.23,72.77,109.95,533.27,936.2,851.82,835.51
4341,2023-02-24T00:25:41.705000,7463835838,446.6,192.89,71.27,108.16,531.71,934.64,849.12,834.55
4342,2023-02-24T00:25:41.710000,7463835839,451.83,198.74,76.2,112.36,538.56,941.75,856.5,838.52
4343,2023-02-24T00:25:41.715000,7463835840,453.49,199.94,77.45,113.86,540.32,944.58,859.26,839.28
4344,2023-02-24T00:25:41.720000,7463835841,447.08,194.18,72.52,109.53,532.87,936.02,849.71,834.88
4345,2023-02-24T00:25:41.725000,7463835842,446.34,193.02,72.7,108.84,533.52,935.42,848.69,834.42
4346,2023-02-24T00:25:41.730000,7463835843,451.07,198.39,76.86,112.75,538.48,942.52,856.59,837.48
4347,2023-02-24T00:25:41.735000,7463835844,452.41,199.49,77.16,113.33,538.88,942.68,857.41,837.59
4348,2023-02-24T00:25:41.740000,7463835845,446.82,194.08,72.97,108.82,532.45,935.17,850.01,834.18
4349,2023-02-24T00:25:41.745000,7463835846,447.22,194.04,73.73,109.69,532.66,934.92,849.57,835.25
4350,2023-02-24T00:25:41.750000,7463835847,451.75,198.53,76.54,112.03,536.24,940.16,855.91,837.18
4351,2023-02-24T00:25:41.755000,7463835848,452.18,198.31,76.5,112.61,535.63,939.83,855.9,837.46
4352,2023-02-24T00:25:41.760000,7463835849,447.6,194.02,73.2,109.36,531.98,934.03,849.34,835.29
4353,2023-02-24T00:25:41.765000,7463835850,448.62,194.72,75.02,110.94,532.82,935.56,850.47,835.96
4354,2023-02-24T00:25:41.770000,7463835851,452,197.63,76.36,113.04,535.44,939.76,854.94,837.13
4355,2023-02-24T00:25:41.775000,7463835852,450.76,196.6,75.4,110.5,533.42,937.5,852.98,836.34
4356,2023-02-24T00:25:41.780000,7463835853,448.74,195.03,74.95,110.1,531.83,934.84,850.27,835.97
4357,2023-02-24T00:25:41.785000,7463835854,450.94,197.36,77,112.2,534.64,938.36,853.63,837.55
4358,2023-02-24T00:25:41.790000,7463835855,450.82,196.7,75.55,111.21,534.85,937.48,853.95,836.16
4359,2023-02-24T00:25:41.795000,7463835856,447.54,194.11,72.7,107.96,532.21,933.43,850.23,833.61
4360,2023-02-24T00:25:41.800000,7463835857,450.3,196.51,75.88,111.54,535.07,936.38,852.69,836.84
4361,2023-02-24T00:25:41.805000,7463835858,452.6,198.83,78.42,113.89,537.81,941.1,855.5,838.55
4362,2023-02-24T00:25:41.810000,7463835859,449.67,195.47,74.86,109.96,534.09,936.56,852.69,834.61
4363,2023-02-24T00:25:41.815000,7463835860,446.74,193.24,72.41,108.13,531.93,933.74,848.83,833.28
4364,2023-02-24T00:25:41.820000,7463835861,451.87,197.73,77.65,114.09,537.72,939.91,853.96,837.72
4365,2023-02-24T00:25:41.825000,7463835862,454.3,200.69,79.53,115.69,540.43,942.84,857.49,839.11
4366,2023-02-24T00:25:41.830000,7463835863,447.98,193.89,73.05,109.04,533.92,934.88,849.85,834.27
4367,2023-02-24T00:25:41.835000,7463835864,444.76,191.72,70.74,106.09,531.03,931.01,846.63,832.24
4368,2023-02-24T00:25:41.840000,7463835865,453.24,199.85,78.58,114.74,539.55,941.1,855.77,838.96
4369,2023-02-24T00:25:41.845000,7463835866,454.96,201.62,80.24,115.95,541.22,943.68,858.89,840.31
4370,2023-02-24T00:25:41.850000,7463835867,445.66,193,71.97,106.69,531.2,932.47,847.41,832.24
4371,2023-02-24T00:25:41.855000,7463835868,445,191.09,70.43,106.34,529.72,930.7,845.62,831.75
4372,2023-02-24T00:25:41.860000,7463835869,453.79,200.48,79.54,116.31,539.78,943.48,858.11,839.78
4373,2023-02-24T00:25:41.865000,7463835870,455.49,201.47,79.69,116.04,539.3,942.83,857.69,839.19
4374,2023-02-24T00:25:41.870000,7463835871,445.58,191.3,70.13,106.34,528.85,929.03,845.22,832.11
4375,2023-02-24T00:25:41.875000,7463835872,444.08,190.62,69.59,106.48,529.88,928.88,844.38,831.31
4376,2023-02-24T00:25:41.880000,7463835873,455.94,202,80.84,117.53,541.03,943.71,859.44,840.47
4377,2023-02-24T00:25:41.885000,7463835874,455.58,201.21,79.69,116.64,540.43,942.52,858.11,839.22
4378,2023-02-24T00:25:41.890000,7463835875,444.8,191.22,70.18,106.04,528.62,929.03,843.51,831.33
4379,2023-02-24T00:25:41.895000,7463835876,445.94,192.54,71.64,107.85,529.88,931.13,846.04,832.21
4380,2023-02-24T00:25:41.900000,7463835877,456.12,202.16,81.65,118.11,541.33,945.7,860.71,839.85
4381,2023-02-24T00:25:41.905000,7463835878,454.54,200.53,78.42,114.68,538.85,941.5,856.47,837.79
4382,2023-02-24T00:25:41.910000,7463835879,444,190.28,69.68,105.39,528.2,928.19,842.35,830.09
4383,2023-02-24T00:25:41.915000,7463835880,446.04,193.01,72.67,108.15,531.94,931.52,846.6,832.77
4384,2023-02-24T00:25:41.920000,7463835881,456.15,202.64,81.62,117.32,542.87,945.15,860.7,840.01
4385,2023-02-24T00:25:41.925000,7463835882,453.03,199.79,77.66,113.69,538.44,940.3,854.94,836.96
4386,2023-02-24T00:25:41.930000,7463835883,444.31,190.36,70.65,105.48,528.96,929.48,842.51,830.68
4387,2023-02-24T00:25:41.935000,7463835884,448.01,194.18,74.22,109.19,533.76,934.74,848.18,834.44
4388,2023-02-24T00:25:41.940000,7463835885,455.63,201.62,80.25,116.67,542.25,945.98,860.44,839.22
4389,2023-02-24T00:25:41.945000,7463835886,451.01,197.12,75.84,112.03,536.96,939.42,852.54,835.24
4390,2023-02-24T00:25:41.950000,7463835887,444.34,191.57,71.38,106.68,530.47,929.27,843.24,831.26
4391,2023-02-24T00:25:41.955000,7463835888,448.7,195.13,74.3,110.39,535.32,935.55,849.26,834.72
4392,2023-02-24T00:25:41.960000,7463835889,455.19,201.6,79.4,115.15,541.62,943.88,859.1,839.11
4393,2023-02-24T00:25:41.965000,7463835890,450.27,197.89,75.45,111.57,536.25,937.63,852.14,835.14
4394,2023-02-24T00:25:41.970000,7463835891,446.02,193.53,72.27,107.54,531.01,931.71,844.57,832.76
4395,2023-02-24T00:25:41.975000,7463835892,450.03,196.84,76.42,111.31,535.06,936.61,851.22,835.75
4396,2023-02-24T00:25:41.980000,7463835893,452.76,200.21,78.26,114.05,538.43,941.94,856.98,838.33
4397,2023-02-24T00:25:41.985000,7463835894,449.79,197.19,74.77,111.2,534.76,935.87,851.35,835.92
4398,2023-02-24T00:25:41.990000,7463835895,448.08,195.43,73.23,109.78,532.49,932.67,847.41,834.42
4399,2023-02-24T00:25:41.995000,7463835896,449.74,196.77,75.61,111.97,535.83,936.82,851.71,836.04
4400,2023-02-24T00:25:42,7463835897,451.72,197.73,76.74,112.31,536.73,938.1,854.37,836.4
4401,2023-02-24T00:25:42.005000,7463835898,449.72,196.12,74.57,110.84,534.12,935.16,850.35,834.79
4402,2023-02-24T00:25:42.010000,7463835899,450.03,196.38,75.01,111.84,533.98,935.14,849.21,835.6
4403,2023-02-24T00:25:42.015000,7463835900,450.84,197.14,76.32,112.73,535.52,936.84,852.59,836.93
4404,2023-02-24T00:25:42.020000,7463835901,449.06,195.8,74.28,110.29,534.55,936.39,851.68,834.4
4405,2023-02-24T00:25:42.025000,7463835902,448.21,195.28,73.9,110.45,534.27,935.42,850.11,834.83
4406,2023-02-24T00:25:42.030000,7463835903,450.91,196.74,76.26,112.53,536.09,936.6,851.74,836.3
4407,2023-02-24T00:25:42.035000,7463835904,451,197.1,76.97,112.17,536.46,937.56,852.07,837.4
4408,2023-02-24T00:25:42.040000,7463835905,447.73,194.32,72.97,108.12,533.15,933.6,848.78,833.54
4409,2023-02-24T00:25:42.045000,7463835906,448.98,196.03,74.34,110.08,534.64,935.52,850.19,835.15
4410,2023-02-24T00:25:42.050000,7463835907,451.63,197.96,77.83,113.51,537.55,938.49,853.51,837.14
4411,2023-02-24T00:25:42.055000,7463835908,451.8,197.93,76.4,112.13,536.63,938.13,852.69,836.12
4412,2023-02-24T00:25:42.060000,7463835909,448.43,194.62,72.85,108.22,532.92,934.65,848.68,833.26
4413,2023-02-24T00:25:42.065000,7463835910,448.93,196.01,74.56,110.33,534.97,936.46,850.84,834.32
4414,2023-02-24T00:25:42.070000,7463835911,451.9,198.64,77.77,114.11,537.99,939.93,854.99,837.6
4415,2023-02-24T00:25:42.075000,7463835912,450.27,197.03,75.78,111.73,536.6,936.76,851.91,836.13
4416,2023-02-24T00:25:42.080000,7463835913,447.28,194.17,72.61,108.3,532.92,933.19,847.8,833.2
4417,2023-02-24T00:25:42.085000,7463835914,449.85,196.53,76.31,111.18,535.39,935.95,850.58,835.17
4418,2023-02-24T00:25:42.090000,7463835915,452.97,199.26,78.01,114.05,538.61,939.8,854.15,837.91
4419,2023-02-24T00:25:42.095000,7463835916,450.57,197.18,76.22,111.6,535.91,937.34,852.37,836.23
4420,2023-02-24T00:25:42.100000,7463835917,447.47,194.04,72.53,108.52,532.75,933.19,848.93,833.79
4421,2023-02-24T00:25:42.105000,7463835918,449.73,196.42,75.35,111.03,535.19,937.2,851.63,835.82
4422,2023-02-24T00:25:42.110000,7463835919,452.21,198.43,78.12,113.8,537.64,939.28,854.71,837.7
4423,2023-02-24T00:25:42.115000,7463835920,449.77,196.18,75.22,111.2,534.83,936.09,851.22,835.16
4424,2023-02-24T00:25:42.120000,7463835921,447.8,193.96,73.4,108.56,532.15,932.87,848.45,833.49
4425,2023-02-24T00:25:42.125000,7463835922,450.58,196.2,76.24,111.97,535.35,936.92,852.35,835.74
4426,2023-02-24T00:25:42.130000,7463835923,451.21,198.13,77.74,113.41,537.03,939.14,854.04,837.76
4427,2023-02-24T00:25:42.135000,7463835924,449.54,196.05,75.03,110.69,534.2,935.78,850.41,835.84
4428,2023-02-24T00:25:42.140000,7463835925,448.48,194.43,73.71,109.06,533.19,934.3,849.88,834.14
4429,2023-02-24T00:25:42.145000,7463835926,451.26,197.38,76.72,112.61,536.86,938.13,853.82,835.97
4430,2023-02-24T00:25:42.150000,7463835927,452.03,197.71,77.16,112.95,536.89,938.33,853.04,837.29
4431,2023-02-24T00:25:42.155000,7463835928,449.56,195.23,74.89,110.24,534.71,935.72,850.53,834.72
4432,2023-02-24T00:25:42.160000,7463835929,448.6,195.23,74.54,109.79,534.78,935.08,849.02,834.43
4433,2023-02-24T00:25:42.165000,7463835930,451.18,197.74,77.34,112.48,537.77,938.95,853.91,836.76
4434,2023-02-24T00:25:42.170000,7463835931,449.58,196.85,76.23,111.52,536.26,937.11,852.16,835.42
4435,2023-02-24T00:25:42.175000,7463835932,448.56,194.07,74.12,109.07,533.91,934.19,849.32,834.18
4436,2023-02-24T00:25:42.180000,7463835933,450.66,196.7,75.64,110.98,536.46,937.73,852.61,835.9
4437,2023-02-24T00:25:42.185000,7463835934,451.75,198.08,77.19,112.88,538.19,939.86,855.53,837.72
4438,2023-02-24T00:25:42.190000,7463835935,449.46,195.63,75.63,111.17,535.74,935.46,851.39,835.56
4439,2023-02-24T00:25:42.195000,7463835936,448.07,193.9,73.74,108.98,533.21,933.7,848.86,835.15
4440,2023-02-24T00:25:42.200000,7463835937,451.24,198.27,76.32,112.11,537.01,938.64,853.47,836.69
4441,2023-02-24T00:25:42.205000,7463835938,453.16,199.24,77.36,113.82,539.11,940.79,856.13,838.26
4442,2023-02-24T00:25:42.210000,7463835939,448.3,195.06,74.33,110.32,533.94,934.44,850.3,835.8
4443,2023-02-24T00:25:42.215000,7463835940,447.92,194.11,72.95,108.94,533.04,933.39,848.12,834.54
4444,2023-02-24T00:25:42.220000,7463835941,451.45,197.95,77.34,111.92,537.58,938.86,854.98,837.81
4445,2023-02-24T00:25:42.225000,7463835942,452.54,199.38,77.91,113.76,538.88,940,856.78,838.97
4446,2023-02-24T00:25:42.230000,7463835943,447.72,194.4,73.92,109.7,533.16,933.02,849.06,834.57
4447,2023-02-24T00:25:42.235000,7463835944,447.14,193.95,73.22,108.9,532.76,933.11,848.74,835.21
4448,2023-02-24T00:25:42.240000,7463835945,453.04,199.33,77.55,113.04,538.52,940.45,856.67,838.4
4449,2023-02-24T00:25:42.245000,7463835946,453.04,198.82,77.3,113.5,538.4,940.25,856.25,838.53
4450,2023-02-24T00:25:42.250000,7463835947,448.22,193.73,73.36,108.83,533.03,933.11,848.88,835.57
4451,2023-02-24T00:25:42.255000,7463835948,447.49,193.68,73.99,109.92,532.94,933.64,849.29,835.99
4452,2023-02-24T00:25:42.260000,7463835949,453.04,198.89,77.58,112.99,538.43,940.49,857.23,839.02
4453,2023-02-24T00:25:42.265000,7463835950,451.83,198.69,76.79,112.63,537.57,939.08,856.12,838.21
4454,2023-02-24T00:25:42.270000,7463835951,447.72,194.01,73.6,109.13,532.71,933.16,849.34,835.81
4455,2023-02-24T00:25:42.275000,7463835952,448.85,195.34,75.11,110.74,534.27,935.01,851.39,836.83
4456,2023-02-24T00:25:42.280000,7463835953,451.51,198.35,76.75,112.81,537.97,940.52,857.07,838.91
4457,2023-02-24T00:25:42.285000,7463835954,450.98,195.93,74.84,111.37,535.99,937.66,854.6,837.11
4458,2023-02-24T00:25:42.290000,7463835955,449.08,194.06,74.49,109.95,534.01,934.46,851.66,836.73
4459,2023-02-24T00:25:42.295000,7463835956,451.64,197.67,76.81,112.9,537.07,938.4,854.86,838.98
4460,2023-02-24T00:25:42.300000,7463835957,451,197.51,75.66,111.61,536.43,938.95,855.8,836.94
4461,2023-02-24T00:25:42.305000,7463835958,448.27,194.8,73.12,109.24,534.05,935.05,852.18,835.94
4462,2023-02-24T00:25:42.310000,7463835959,450.3,196.64,75.53,112.17,536.64,936.99,853.51,838.97
4463,2023-02-24T00:25:42.315000,7463835960,453,198.71,78.31,114.41,538.47,939.98,857.75,840.09
4464,2023-02-24T00:25:42.320000,7463835961,448.84,195.92,74.02,109.55,534.52,936.21,853.93,836.92
4465,2023-02-24T00:25:42.325000,7463835962,446.09,192.94,72.01,107.92,531.97,933.53,850.15,835.1
4466,2023-02-24T00:25:42.330000,7463835963,451.43,197.92,77.22,112.92,537,939.22,855.87,839.71
4467,2023-02-24T00:25:42.335000,7463835964,454.04,199.93,79.46,114.89,539.99,942.38,858.97,840.84
4468,2023-02-24T00:25:42.340000,7463835965,447.99,194.11,73.11,108.35,533.35,934.58,851.76,836.35
4469,2023-02-24T00:25:42.345000,7463835966,446.55,192.25,71.68,107.28,531.9,933,849.61,835.21
4470,2023-02-24T00:25:42.350000,7463835967,453.79,199.64,79.2,115.3,539.46,942.13,858.79,841.05
4471,2023-02-24T00:25:42.355000,7463835968,454.37,200.65,79.51,115.53,540.33,943.31,859.81,841.23
4472,2023-02-24T00:25:42.360000,7463835969,446.4,192.35,71.74,106.94,531.46,934.07,850.48,834.94
4473,2023-02-24T00:25:42.365000,7463835970,445.68,191.77,71.19,106.99,530.98,932.6,849.71,834.39
4474,2023-02-24T00:25:42.370000,7463835971,455.71,200.5,80.89,116.19,541.22,944.15,861.99,842.69
4475,2023-02-24T00:25:42.375000,7463835972,455.03,200.57,78.93,115.4,539.65,943.25,860.27,841.47
4476,2023-02-24T00:25:42.380000,7463835973,445.54,191.25,70.81,106.59,530.79,931.71,848.77,834.56
4477,2023-02-24T00:25:42.385000,7463835974,445.7,191.56,71.31,108.27,531.93,932.64,849.33,835.58
4478,2023-02-24T00:25:42.390000,7463835975,455.81,202.19,80.9,117.55,542.33,945.56,862.79,842.82
4479,2023-02-24T00:25:42.395000,7463835976,454.62,200.12,78.78,114.71,540.24,943.1,860.41,841.39
4480,2023-02-24T00:25:42.400000,7463835977,443.99,190.24,69.63,104.94,529.49,929.71,847,833.73
4481,2023-02-24T00:25:42.405000,7463835978,446.74,192.83,73.11,108.72,532.65,933.98,850.55,836.25
4482,2023-02-24T00:25:42.410000,7463835979,456.17,202.15,81.47,117.17,543.2,946.77,864.72,843.66
4483,2023-02-24T00:25:42.415000,7463835980,452.76,199.63,77.94,113.54,539.21,941.87,859.28,840.56
4484,2023-02-24T00:25:42.420000,7463835981,444.32,190.41,69.26,105.38,529.2,929.04,846.54,833.77
4485,2023-02-24T00:25:42.425000,7463835982,448.12,194.02,73.56,109.29,534.13,935.04,852.46,836.89
4486,2023-02-24T00:25:42.430000,7463835983,457.35,202.45,80.94,117.74,543.73,947.17,865.12,843.79
4487,2023-02-24T00:25:42.435000,7463835984,452.66,198.2,77.3,113.31,537.52,939.92,857.66,840.83
4488,2023-02-24T00:25:42.440000,7463835985,444.81,190.86,69.8,105.39,529.5,929.25,846.61,834.34
4489,2023-02-24T00:25:42.445000,7463835986,448.85,194.47,75.41,110.4,534.77,936.51,853.83,837.98
4490,2023-02-24T00:25:42.450000,7463835987,456.43,201.47,80.08,116.21,541.83,945.63,863.56,843.19
4491,2023-02-24T00:25:42.455000,7463835988,450.85,196.68,75.5,111.62,536.39,938.28,856.17,839
4492,2023-02-24T00:25:42.460000,7463835989,445.61,191.01,70.59,106.09,530.09,929.73,847.7,834.93
4493,2023-02-24T00:25:42.465000,7463835990,450.93,196.33,76.07,111.29,535.9,937.05,855.13,839
4494,2023-02-24T00:25:42.470000,7463835991,454.14,200.2,79.65,114.4,540.8,943.45,862,841.52
4495,2023-02-24T00:25:42.475000,7463835992,450.7,195.45,74.91,110.57,534.85,936.66,855.09,838.46
4496,2023-02-24T00:25:42.480000,7463835993,446.6,192.34,72.07,107.83,530.94,931.34,849.24,836.34
4497,2023-02-24T00:25:42.485000,7463835994,452.03,197.34,76.73,112.7,537.54,938.93,857.08,840.13
4498,2023-02-24T00:25:42.490000,7463835995,453.84,198.67,77.98,113.88,538.74,941.8,860.62,841.52
4499,2023-02-24T00:25:42.495000,7463835996,449.57,195.05,74.37,110.11,534.23,936.18,855.05,838.62
4500,2023-02-24T00:25:42.500000,7463835997,448.56,193.49,73.44,109.69,533.06,933.42,851.5,837.67
4501,2023-02-24T00:25:42.505000,7463835998,452.21,197.45,77.31,113.29,537.68,939.95,858.23,840.21
4502,2023-02-24T00:25:42.510000,7463835999,451.08,196.88,75.93,112.13,537.39,938.17,857.73,838.9
4503,2023-02-24T00:25:42.515000,7463836000,448.73,194.7,73.99,110.37,534.57,934.69,853.95,838.17
4504,2023-02-24T00:25:42.520000,7463836001,449.92,195.55,75.67,111.55,535.12,935.66,854.15,839.29
4505,2023-02-24T00:25:42.525000,7463836002,452.31,197.59,77.6,113.25,537.48,939.7,858.19,839.96
4506,2023-02-24T00:25:42.530000,7463836003,449.45,195.7,74.18,109.49,534.58,936.73,854.99,837.92
4507,2023-02-24T00:25:42.535000,7463836004,450.11,195.04,74.13,110.11,534.55,935.69,853.63,837.37
4508,2023-02-24T00:25:42.540000,7463836005,451.07,196.44,76.03,112.28,536.79,937.65,855.46,839.57
4509,2023-02-24T00:25:42.545000,7463836006,451.51,197.24,76.54,112.85,537.05,938.32,856.67,839
4510,2023-02-24T00:25:42.550000,7463836007,448.45,193.7,73.75,109.31,533.42,934.33,853.6,836.46
4511,2023-02-24T00:25:42.555000,7463836008,449.63,194.88,74.55,110.24,534.68,935.61,853.58,838.44
4512,2023-02-24T00:25:42.560000,7463836009,451.17,197.7,77.24,113.51,537.32,938.8,855.86,840.27
4513,2023-02-24T00:25:42.565000,7463836010,450.63,196.43,76.28,111.53,536.41,937.76,855.96,839.66
4514,2023-02-24T00:25:42.570000,7463836011,448.04,194.51,72.76,108.8,532.74,934.09,852.05,836.59
4515,2023-02-24T00:25:42.575000,7463836012,449.53,196.05,75.72,111.21,535.52,936.43,854.18,837.96
4516,2023-02-24T00:25:42.580000,7463836013,451.87,197.73,77.78,114.01,537.26,938.64,856.41,840.13
4517,2023-02-24T00:25:42.585000,7463836014,450.57,196.64,75.97,111.58,536.11,936.95,854.81,838.41
4518,2023-02-24T00:25:42.590000,7463836015,448.05,193.45,73.6,107.97,532.87,933.23,851.44,836.16
4519,2023-02-24T00:25:42.595000,7463836016,450.85,196.15,75.31,110.77,535.49,936.44,854.07,837.99
4520,2023-02-24T00:25:42.600000,7463836017,452.36,198.05,77.57,113.64,538.22,938.8,856.94,839.44
4521,2023-02-24T00:25:42.605000,7463836018,450.79,196.16,75.69,111.25,535.54,936.37,854.63,838.28
4522,2023-02-24T00:25:42.610000,7463836019,448.6,194.25,74.31,108.77,532.71,933.51,851.54,836.3
4523,2023-02-24T00:25:42.615000,7463836020,451.13,195.43,76.8,111.41,536.36,936.49,854.77,837.86
4524,2023-02-24T00:25:42.620000,7463836021,452.53,197.77,77.79,113.3,538.02,938.83,856.61,839.76
4525,2023-02-24T00:25:42.625000,7463836022,450.64,195.43,74.93,111,535.36,935.4,853.41,838.19
4526,2023-02-24T00:25:42.630000,7463836023,449.08,194.44,73.67,108.57,533.67,933.28,851.84,836.79
4527,2023-02-24T00:25:42.635000,7463836024,451.12,196.42,76.45,111.64,536.58,936.61,854.56,839.05
4528,2023-02-24T00:25:42.640000,7463836025,451.54,197.69,77.75,113.11,537.58,938.24,856.34,840.08
4529,2023-02-24T00:25:42.645000,7463836026,450.45,195.02,74.95,110.36,534.77,934.92,852.95,837.35
4530,2023-02-24T00:25:42.650000,7463836027,449.31,195.58,73.98,109.69,535.01,934.82,852.68,837.23
4531,2023-02-24T00:25:42.655000,7463836028,451.88,197.3,77.17,112.55,537.12,937.45,856.39,838.75
4532,2023-02-24T00:25:42.660000,7463836029,451.37,196.72,76.94,112.39,536.62,936.75,855.1,839.13
4533,2023-02-24T00:25:42.665000,7463836030,448.89,195.05,73.85,110.02,534.05,934.23,851.78,837.72
4534,2023-02-24T00:25:42.670000,7463836031,449.43,195.81,74.71,110.83,536.01,935.86,853.87,838.19
4535,2023-02-24T00:25:42.675000,7463836032,451.56,198.21,77.73,112.59,538.27,938.33,856.52,839.14
4536,2023-02-24T00:25:42.680000,7463836033,450.13,195.57,75.19,111.18,535.4,935.73,853.06,837.49
4537,2023-02-24T00:25:42.685000,7463836034,448.22,194.45,73.68,109.2,533.31,933.94,850.71,836.51
4538,2023-02-24T00:25:42.690000,7463836035,451.73,196.94,76.56,111.79,536.68,936.98,854.35,838.18
4539,2023-02-24T00:25:42.695000,7463836036,452.21,197.19,77.18,112.7,537.94,938.07,855.85,838.92
4540,2023-02-24T00:25:42.700000,7463836037,449.01,194.69,74.83,110.85,534.23,934.3,851.93,837.39
4541,2023-02-24T00:25:42.705000,7463836038,448.13,193.88,73.21,108.76,533.29,931.89,849.29,836.03
4542,2023-02-24T00:25:42.710000,7463836039,452.97,197.99,76.44,112.79,537.77,937.55,856.36,839.17
4543,2023-02-24T00:25:42.715000,7463836040,453.15,198.95,78.02,113.77,537.8,938.93,856.54,839.21
4544,2023-02-24T00:25:42.720000,7463836041,448.61,193.55,74.09,109.73,533.13,932.14,850.16,836.62
4545,2023-02-24T00:25:42.725000,7463836042,447.82,193.87,73.55,109.17,532.73,931.84,849.2,835.93
4546,2023-02-24T00:25:42.730000,7463836043,453.17,198.83,77.89,113.74,538.41,939.32,856.67,838.99
4547,2023-02-24T00:25:42.735000,7463836044,453.52,198.71,77.71,113.01,538.51,939.58,857.23,839.08
4548,2023-02-24T00:25:42.740000,7463836045,447,193.81,73.53,108.71,533.21,931.82,848.58,835.41
4549,2023-02-24T00:25:42.745000,7463836046,447.83,194.12,74.19,109.15,533.93,931.42,849.28,836.24
4550,2023-02-24T00:25:42.750000,7463836047,452.06,199.13,77.69,113.02,539.06,939.42,857.07,839.36
4551,2023-02-24T00:25:42.755000,7463836048,452.21,198.04,76.6,112.32,537.85,938,855.53,838.55
4552,2023-02-24T00:25:42.760000,7463836049,447.26,193.95,74.07,110.23,533.22,932.08,848.72,835.81
4553,2023-02-24T00:25:42.765000,7463836050,448.58,195.31,74.58,110.48,534.93,934.56,850.61,836.29
4554,2023-02-24T00:25:42.770000,7463836051,453.1,198.33,77.02,112.65,538.89,939.42,856.38,838.27
4555,2023-02-24T00:25:42.775000,7463836052,450.74,196.66,75.66,111.15,537.07,935.78,853.42,837.07
4556,2023-02-24T00:25:42.780000,7463836053,448.61,194.6,74.44,110.16,534.57,932.48,849.24,835.43
4557,2023-02-24T00:25:42.785000,7463836054,450.37,195.83,76.02,111.47,536.01,935.29,851.31,836.97
4558,2023-02-24T00:25:42.790000,7463836055,450.32,197.95,76.05,111.68,537.56,937.29,853.93,836.92
4559,2023-02-24T00:25:42.795000,7463836056,450.06,195.79,74.48,109.65,534.77,934.53,851.13,835.21
4560,2023-02-24T00:25:42.800000,7463836057,450.01,195.75,76.01,110.53,535.87,934.31,850.23,836.61
4561,2023-02-24T00:25:42.805000,7463836058,452.34,197.86,77.23,112.7,537.29,936.78,853.55,837.37
4562,2023-02-24T00:25:42.810000,7463836059,449.55,196.19,75,110.05,535.54,934.59,851.28,835.69
4563,2023-02-24T00:25:42.815000,7463836060,447.93,195.16,74.09,108.82,533.53,932.14,849.65,834.71
4564,2023-02-24T00:25:42.820000,7463836061,451.41,198.04,77.51,112.53,536.81,935.78,852.46,837.62
4565,2023-02-24T00:25:42.825000,7463836062,453.1,199.21,78.79,113.94,538.43,937.99,854.73,838.72
4566,2023-02-24T00:25:42.830000,7463836063,449.42,195.28,73.42,109.08,534.29,933.77,851.13,834.85
4567,2023-02-24T00:25:42.835000,7463836064,447.37,193.13,72.75,107.98,531.94,930.46,847.59,833.82
4568,2023-02-24T00:25:42.840000,7463836065,453.06,199.04,79.03,114.35,538.46,938.3,854.72,839.13
4569,2023-02-24T00:25:42.845000,7463836066,453.93,200.01,79.5,115.19,540,939.13,856.06,839.66
4570,2023-02-24T00:25:42.850000,7463836067,447.67,192.52,71.98,106.76,532.07,930.17,847.79,833.43
4571,2023-02-24T00:25:42.855000,7463836068,446.85,192.7,72.35,107.52,532.05,929.91,846.84,833.76
4572,2023-02-24T00:25:42.860000,7463836069,454.56,200.36,80.3,115.83,540.56,939.91,857.24,840.06
4573,2023-02-24T00:25:42.865000,7463836070,454.56,200.04,78.98,114.51,540.65,939.74,856.53,840.06
4574,2023-02-24T00:25:42.870000,7463836071,445.87,191.94,70.79,107.12,530.73,928.57,845.42,831.46
4575,2023-02-24T00:25:42.875000,7463836072,445.92,192.13,71.92,107.75,532.07,929.43,846.44,832.58
4576,2023-02-24T00:25:42.880000,7463836073,456.09,201.59,81.61,117.18,542.24,941.81,859,840.92
4577,2023-02-24T00:25:42.885000,7463836074,454.87,200.11,78.97,114.71,540.34,938.95,857.09,840.18
4578,2023-02-24T00:25:42.890000,7463836075,444.05,190.77,69.85,104.69,528.86,926.22,843.73,831.57
4579,2023-02-24T00:25:42.895000,7463836076,446.73,192.7,73.21,108.05,532.94,930.83,847.66,834.29
4580,2023-02-24T00:25:42.900000,7463836077,457.3,203.04,82.57,118.34,543.69,944.71,862.08,842.4
4581,2023-02-24T00:25:42.905000,7463836078,453.61,199.19,78.26,113.76,538.61,938.57,856.68,839.01
4582,2023-02-24T00:25:42.910000,7463836079,443.47,190.12,69.81,104.27,528.73,925.87,842.84,831.86
4583,2023-02-24T00:25:42.915000,7463836080,447.82,193.71,74.44,108.77,534,931.41,849.24,834.93
4584,2023-02-24T00:25:42.920000,7463836081,458.1,203.07,82.27,117.78,543.94,944.09,862.12,841.39
4585,2023-02-24T00:25:42.925000,7463836082,452.03,196.91,77.2,112.3,537.56,936,854.36,837.9
4586,2023-02-24T00:25:42.930000,7463836083,444.47,189.33,69.46,105.01,528.2,925.87,842.79,831.81
4587,2023-02-24T00:25:42.935000,7463836084,449.67,194.79,75.34,110.28,534.79,933.42,850.6,836.02
4588,2023-02-24T00:25:42.940000,7463836085,456.86,202.32,81.48,116.55,542.45,943.44,861.26,841.32
4589,2023-02-24T00:25:42.945000,7463836086,450.88,196.53,75.79,111.02,535.95,935.42,852.7,836.87
4590,2023-02-24T00:25:42.950000,7463836087,445.43,191.88,70.94,106.18,530.72,927.91,844.43,833.16
4591,2023-02-24T00:25:42.955000,7463836088,450.83,195.62,75.6,110.57,536.27,933.95,851.68,836.87
4592,2023-02-24T00:25:42.960000,7463836089,455.51,201.29,79.9,115.72,541.77,941.92,860.26,840.54
4593,2023-02-24T00:25:42.965000,7463836090,449.88,195.68,75.16,110.54,535.69,934.81,852.43,837.1
4594,2023-02-24T00:25:42.970000,7463836091,446.76,191.99,72.59,107.86,531.87,929.8,846.32,835.06
4595,2023-02-24T00:25:42.975000,7463836092,450.62,196.47,76.7,111.52,536.64,936.31,852.97,837.93
4596,2023-02-24T00:25:42.980000,7463836093,454.33,199.95,78.86,115.16,540.4,941.33,859.31,840.59
4597,2023-02-24T00:25:42.985000,7463836094,449.52,195.25,74.24,109.5,535.36,934.32,851.92,836.41
4598,2023-02-24T00:25:42.990000,7463836095,447.48,192.89,73.54,108.81,533.03,931.33,848.75,835.14
4599,2023-02-24T00:25:42.995000,7463836096,451.59,196.7,77.01,112.06,537.65,937.06,853.68,838
4600,2023-02-24T00:25:43,7463836097,452.97,197.83,77.3,112.53,539.31,938.53,856.43,837.74
4601,2023-02-24T00:25:43.005000,7463836098,449.79,194.88,74.78,109.63,535.32,934.12,850.55,835.79
4602,2023-02-24T00:25:43.010000,7463836099,450.04,195.17,75.29,110.82,534.77,933.92,850.35,836.49
4603,2023-02-24T00:25:43.015000,7463836100,451.39,197.26,77.2,112.25,537.91,937.35,853.51,837.27
4604,2023-02-24T00:25:43.020000,7463836101,450.72,195.8,75.6,110.72,536.58,936.39,853.5,836.07
4605,2023-02-24T00:25:43.025000,7463836102,450.3,195.55,74.62,110.54,535.52,934.26,851.31,835.96
4606,2023-02-24T00:25:43.030000,7463836103,451.66,196.6,77.04,112,536.86,935.78,852.23,837.65
4607,2023-02-24T00:25:43.035000,7463836104,451.66,197.79,76.49,111.55,536.95,937.15,854.25,837.95
4608,2023-02-24T00:25:43.040000,7463836105,449.21,195.38,73.64,108.58,534.66,933.76,851.67,835.64
4609,2023-02-24T00:25:43.045000,7463836106,449.73,195.9,74.59,110.68,535.33,934.48,851.89,836.08
4610,2023-02-24T00:25:43.050000,7463836107,451.83,198.21,77.72,113.28,538.09,937.5,854.12,839.16
4611,2023-02-24T00:25:43.055000,7463836108,451.33,197.28,76.92,112.09,537.57,937.12,853.73,837.33
4612,2023-02-24T00:25:43.060000,7463836109,447.49,193.11,72.94,108.48,532.34,931.61,850.01,834.71
4613,2023-02-24T00:25:43.065000,7463836110,449.08,195.13,75.27,111.18,535.69,934.55,851.93,836.94
4614,2023-02-24T00:25:43.070000,7463836111,452.85,198.11,77.91,114.16,538.33,939.26,856.2,839.16
4615,2023-02-24T00:25:43.075000,7463836112,450.96,197.24,75.87,111.68,535.86,937.46,853.49,837.94
4616,2023-02-24T00:25:43.080000,7463836113,447.87,193.52,72.72,107.47,533.12,932.02,849.63,834.31
4617,2023-02-24T00:25:43.085000,7463836114,450.55,196.31,75.5,111.01,536.65,935.82,853.24,837.12
4618,2023-02-24T00:25:43.090000,7463836115,452.79,198.89,77.82,113.38,540.32,938.62,857.14,838.89
4619,2023-02-24T00:25:43.095000,7463836116,451.24,196.25,75.3,110.86,537.18,934.73,853.22,837.9
4620,2023-02-24T00:25:43.100000,7463836117,447.88,193.8,73.12,108.54,533.77,931.93,849.5,835.8
4621,2023-02-24T00:25:43.105000,7463836118,450.94,196.34,76.11,111.09,536.82,936.55,853.92,838.3
4622,2023-02-24T00:25:43.110000,7463836119,452.19,197.99,77.57,113.14,537.41,938.99,855.66,839.47
4623,2023-02-24T00:25:43.115000,7463836120,450.93,195.74,74.49,110.42,535.37,936.23,853.43,837.97
4624,2023-02-24T00:25:43.120000,7463836121,448.75,194.08,73.73,108.91,533.41,934.47,851.27,836.41
4625,2023-02-24T00:25:43.125000,7463836122,451.32,196.47,76.51,111.82,537.77,936.97,854.77,838.67
4626,2023-02-24T00:25:43.130000,7463836123,451.43,197.63,77.58,113.05,538.44,937.26,856.23,839.29
4627,2023-02-24T00:25:43.135000,7463836124,449.24,196.47,75.45,110.43,535.75,933.97,852.85,837.07
4628,2023-02-24T00:25:43.140000,7463836125,449.18,195.28,73.94,109.59,534.79,933.04,852.38,837.19
4629,2023-02-24T00:25:43.145000,7463836126,451.74,197.53,76.47,111.77,536.74,937.65,856.02,838.66
4630,2023-02-24T00:25:43.150000,7463836127,451.03,197.08,77.07,112.41,536.29,937.37,855.52,838.28
4631,2023-02-24T00:25:43.155000,7463836128,449.73,194.97,74.08,109.62,533.93,934.14,851.79,836.12
4632,2023-02-24T00:25:43.160000,7463836129,450.8,196.52,75.25,110.24,535.82,935.6,853.09,837.67
4633,2023-02-24T00:25:43.165000,7463836130,451.79,197.96,77.72,112.92,538.84,937.52,856.91,839.62
4634,2023-02-24T00:25:43.170000,7463836131,450.2,195.96,75.55,111.44,535.98,934.93,853.41,836.99
4635,2023-02-24T00:25:43.175000,7463836132,448.83,194.45,73.86,108.86,534.18,933.55,850.79,836.31
4636,2023-02-24T00:25:43.180000,7463836133,451.75,197.37,76.38,111.44,537.4,938.27,855,838.23
4637,2023-02-24T00:25:43.185000,7463836134,452.05,197.67,77.52,113.07,538.12,939.55,856.06,838.83
4638,2023-02-24T00:25:43.190000,7463836135,448.72,195.1,74.48,109.55,535.23,934.74,851.63,836.17
4639,2023-02-24T00:25:43.195000,7463836136,448.04,194.03,73.72,108.92,534.25,933.61,850.46,835.61
4640,2023-02-24T00:25:43.200000,7463836137,453.08,198.53,77.3,112.87,539.67,939.46,856.96,839.16
4641,2023-02-24T00:25:43.205000,7463836138,452.25,197.95,76.96,112.82,539.25,939.2,856.34,838.95
4642,2023-02-24T00:25:43.210000,7463836139,448.11,194.05,73.67,108.62,534.83,933.36,851.1,836.52
4643,2023-02-24T00:25:43.215000,7463836140,447.89,193.83,73.7,108.78,533.89,933.63,850.95,835.7
4644,2023-02-24T00:25:43.220000,7463836141,454.05,198.92,78.88,113.26,539.3,941.58,858.53,839.49
4645,2023-02-24T00:25:43.225000,7463836142,452.57,197.87,76.72,112.43,538.12,940.12,856.05,838.14
4646,2023-02-24T00:25:43.230000,7463836143,447.09,193.65,73.54,108.88,533.52,933.42,849.81,836.18
4647,2023-02-24T00:25:43.235000,7463836144,448.82,193.98,73.81,109,534.18,933.47,851.09,835.99
4648,2023-02-24T00:25:43.240000,7463836145,453.48,199.35,77.95,113.46,541.22,940.83,858.18,840.02
4649,2023-02-24T00:25:43.245000,7463836146,451.59,197.59,76.52,112.02,538.35,938.36,856.02,838.11
4650,2023-02-24T00:25:43.250000,7463836147,447.97,193.85,73.74,109.39,533.67,933.49,850.29,836
4651,2023-02-24T00:25:43.255000,7463836148,449.23,194.74,75.06,110.16,535.3,934.58,852.4,836.98
4652,2023-02-24T00:25:43.260000,7463836149,453.77,198.98,78.15,112.63,539.53,940.82,858.78,839.7
4653,2023-02-24T00:25:43.265000,7463836150,451.49,196.37,75.73,110.56,536.61,936.49,855.2,838.07
4654,2023-02-24T00:25:43.270000,7463836151,448.25,194.2,73.89,109.45,534.24,933.17,850.93,837.65
4655,2023-02-24T00:25:43.275000,7463836152,450.95,195.64,75.87,110.9,536.04,935.44,853.84,838.23
4656,2023-02-24T00:25:43.280000,7463836153,452.58,197.6,77.63,111.85,538.14,939.22,857.47,838.98
4657,2023-02-24T00:25:43.285000,7463836154,450.12,195.08,74.56,110.05,535.47,935.22,853.32,837.64
4658,2023-02-24T00:25:43.290000,7463836155,450.63,195.32,75.9,111.09,535.46,935.33,852.66,837.98
4659,2023-02-24T00:25:43.295000,7463836156,450.89,196.36,75.57,110.6,536.1,936.29,854.6,838.18
4660,2023-02-24T00:25:43.300000,7463836157,451.54,197.02,74.99,110.78,536.17,937.06,856.25,837.58
4661,2023-02-24T00:25:43.305000,7463836158,448.82,194.04,73.85,109.16,534.65,933.55,852.59,837.47
4662,2023-02-24T00:25:43.310000,7463836159,450.37,197.06,75.84,111.88,536.39,936.51,854.36,839.74
4663,2023-02-24T00:25:43.315000,7463836160,452.15,196.72,76.99,111.42,537.56,937.89,856.47,839.72
4664,2023-02-24T00:25:43.320000,7463836161,449.57,195.62,74.25,109.32,535.42,936.26,855.18,837.52
4665,2023-02-24T00:25:43.325000,7463836162,448.56,192.71,73.27,108.58,532.85,933.26,851.87,836.81
4666,2023-02-24T00:25:43.330000,7463836163,452.41,197.78,77.71,113.19,538.04,938.75,856.67,840.62
4667,2023-02-24T00:25:43.335000,7463836164,452.91,198.26,77.6,113.75,538.9,939.02,857.43,840.47
4668,2023-02-24T00:25:43.340000,7463836165,448.84,192.8,72.85,108.09,533.55,933.25,851.06,835.99
4669,2023-02-24T00:25:43.345000,7463836166,448.03,192.46,72.46,108.03,533.08,932.39,850.66,836.21
4670,2023-02-24T00:25:43.350000,7463836167,454.75,199.9,79.12,115.12,540.62,941.09,858.88,841.49
4671,2023-02-24T00:25:43.355000,7463836168,453.95,199.05,77.78,113.66,539.24,939.12,857.71,840.09
4672,2023-02-24T00:25:43.360000,7463836169,446.69,192.21,71.09,105.73,531.94,930.3,848.3,834.1
4673,2023-02-24T00:25:43.365000,7463836170,447.28,192.56,72.34,107.91,532.47,931.89,849.06,835.03
4674,2023-02-24T00:25:43.370000,7463836171,455.9,200.78,81.06,116.91,542.01,943.17,860.4,842.52
4675,2023-02-24T00:25:43.375000,7463836172,454.41,199.12,79.26,113.61,539.46,939.63,857.69,840.29
4676,2023-02-24T00:25:43.380000,7463836173,444.85,190.11,69.79,104.65,530.1,927.27,845.66,832.9
4677,2023-02-24T00:25:43.385000,7463836174,447.77,193.16,73.6,108.07,533.52,931.91,849.84,835.46
4678,2023-02-24T00:25:43.390000,7463836175,457.67,202.33,82.08,117.64,543.58,944.92,862.89,843.57
4679,2023-02-24T00:25:43.395000,7463836176,453.15,198.64,77.55,113.33,538.72,939.05,856.77,839.41
4680,2023-02-24T00:25:43.400000,7463836177,443.55,189.72,69.91,103.77,529.1,927.34,844.27,831.76
4681,2023-02-24T00:25:43.405000,7463836178,448.96,193.8,73.77,109.01,534.66,933.97,850.54,835.92
4682,2023-02-24T00:25:43.410000,7463836179,457.28,202.14,81.66,116.67,543.15,944.88,861.75,842.35
4683,2023-02-24T00:25:43.415000,7463836180,453.11,197.35,76.94,112.06,538.02,937.59,854.46,837.76
4684,2023-02-24T00:25:43.420000,7463836181,444.02,189.17,69.59,104.45,529.67,926.86,843.33,831.51
4685,2023-02-24T00:25:43.425000,7463836182,449.89,195.63,75.25,110.54,535.83,934.5,852.3,836.78
4686,2023-02-24T00:25:43.430000,7463836183,456.24,201.39,81.19,116.98,543.42,943.86,861.43,841.48
4687,2023-02-24T00:25:43.435000,7463836184,451.54,197.48,76.18,111.41,536.44,936.83,853.7,837.32
4688,2023-02-24T00:25:43.440000,7463836185,444.78,190.52,70.84,105.81,530.32,927.92,844.63,832.48
4689,2023-02-24T00:25:43.445000,7463836186,451.36,195.91,75.99,111.16,536.99,935.95,853.23,837.1
4690,2023-02-24T00:25:43.450000,7463836187,455.9,200.41,79.97,115.64,542.13,943.25,860.37,840.53
4691,2023-02-24T00:25:43.455000,7463836188,451.26,196.27,75.17,110.56,536.06,935.82,852.7,836.75
4692,2023-02-24T00:25:43.460000,7463836189,446,191,70.84,106.24,530.47,928.36,844.71,833.51
4693,2023-02-24T00:25:43.465000,7463836190,451.13,195.77,76.46,111.57,537.53,936.27,853.39,837.58
4694,2023-02-24T00:25:43.470000,7463836191,454.81,199.11,78.17,114.06,540.12,940.4,857.93,839.19
4695,2023-02-24T00:25:43.475000,7463836192,449.82,195.23,74.25,109.83,535.4,934.81,851.3,835.82
4696,2023-02-24T00:25:43.480000,7463836193,447.15,192.9,72.78,107.62,532.74,929.56,846.14,834
4697,2023-02-24T00:25:43.485000,7463836194,452.33,197.49,77.14,112.03,538.21,936.27,853.76,837.39
4698,2023-02-24T00:25:43.490000,7463836195,453.23,198.36,77.22,112.33,539.04,937.53,855.95,836.84
4699,2023-02-24T00:25:43.495000,7463836196,449.99,195.46,74.31,110.35,534.76,933.45,850.31,835.64
4700,2023-02-24T00:25:43.500000,7463836197,449.18,194.46,74.97,109.97,534.61,932.68,848.18,835.23
4701,2023-02-24T00:25:43.505000,7463836198,451.76,196.96,77.18,111.67,537.52,936.73,852.63,836.65
4702,2023-02-24T00:25:43.510000,7463836199,450.77,196.46,75.45,110.37,535.73,935.62,852.57,835.71
4703,2023-02-24T00:25:43.515000,7463836200,449.8,195.19,73.92,109.8,534.1,933.09,850.39,834.37
4704,2023-02-24T00:25:43.520000,7463836201,451.02,196.86,76.74,111.69,536.77,935.04,851.11,836.96
4705,2023-02-24T00:25:43.525000,7463836202,452.91,196.85,76.94,111.76,537.95,936.96,853.59,836.96
4706,2023-02-24T00:25:43.530000,7463836203,449.39,194.16,74.07,108.33,534.58,932.49,849.83,833.72
4707,2023-02-24T00:25:43.535000,7463836204,450.24,195.11,74.19,109.54,534.93,933.59,849.48,834.4
4708,2023-02-24T00:25:43.540000,7463836205,452.81,197.98,78.25,113.43,538.11,936.54,852.46,836.15
4709,2023-02-24T00:25:43.545000,7463836206,451.38,196.88,75.96,110.98,536.7,935.31,851.85,835.8
4710,2023-02-24T00:25:43.550000,7463836207,448.59,193.98,73.06,107.68,533.37,931.68,847.5,833.11
4711,2023-02-24T00:25:43.555000,7463836208,450.21,196.04,74.61,110.72,535.74,934.22,849.65,834.95
4712,2023-02-24T00:25:43.560000,7463836209,453.23,198.41,78.77,113.38,539.37,937.96,853.56,838.06
4713,2023-02-24T00:25:43.565000,7463836210,450.1,196.13,75.24,110.37,535.99,934.45,850.68,834.9
4714,2023-02-24T00:25:43.570000,7463836211,448.5,193.8,73.66,108.14,534,931.21,847.16,832.46
4715,2023-02-24T00:25:43.575000,7463836212,450.53,196.45,76.02,111.53,535.97,934.52,850.22,834.9
4716,2023-02-24T00:25:43.580000,7463836213,453.65,198.8,78.64,113.36,539.2,938.01,853.79,836.85
4717,2023-02-24T00:25:43.585000,7463836214,450.2,195.85,75.02,109.79,535.46,933.54,848.82,834.19
4718,2023-02-24T00:25:43.590000,7463836215,448.1,193.9,73.13,108.3,533.33,931.53,846.84,832.64
4719,2023-02-24T00:25:43.595000,7463836216,450.88,196.37,76.29,110.63,536.84,934.82,850.67,834.99
4720,2023-02-24T00:25:43.600000,7463836217,452.79,198.19,77.86,113.18,538.79,937.26,853.2,836.92
4721,2023-02-24T00:25:43.605000,7463836218,450.34,195.2,74.22,109.7,534.49,932.92,849.06,833.73
4722,2023-02-24T00:25:43.610000,7463836219,448.82,193.89,73.16,108.27,533.76,932.05,848.03,832.9
4723,2023-02-24T00:25:43.615000,7463836220,452.22,196.76,76.42,111.52,537.15,935.61,851.29,835.34
4724,2023-02-24T00:25:43.620000,7463836221,452.59,197.69,77.42,112.72,537.86,936.98,852.31,836.76
4725,2023-02-24T00:25:43.625000,7463836222,449.54,195.22,73.79,108.86,533.86,931.9,848.09,834.07
4726,2023-02-24T00:25:43.630000,7463836223,449.72,194.92,74.81,109.87,535.25,932.9,848.85,834.28
4727,2023-02-24T00:25:43.635000,7463836224,450.78,196.18,76.93,111.7,537.42,935.02,851.69,835.39
4728,2023-02-24T00:25:43.640000,7463836225,451.85,196.85,76.94,112.18,537.24,935.54,851.9,836.11
4729,2023-02-24T00:25:43.645000,7463836226,449.53,194.59,74.36,108.88,534.1,931.98,848.14,833.79
4730,2023-02-24T00:25:43.650000,7463836227,451.5,195.21,75.08,109.43,535.08,933.93,849.19,834.56
4731,2023-02-24T00:25:43.655000,7463836228,451.68,196.45,76.68,111.27,536.26,935.37,851.32,835.71
4732,2023-02-24T00:25:43.660000,7463836229,451.25,196.23,75.85,110.24,535.17,934.57,850.73,835.6
4733,2023-02-24T00:25:43.665000,7463836230,448.89,194.05,74.35,109.49,533.97,931.69,848.13,834.24
4734,2023-02-24T00:25:43.670000,7463836231,452.09,196.91,76.24,110.92,537.18,935.21,852.26,836.28
4735,2023-02-24T00:25:43.675000,7463836232,451.58,196.82,77.1,112.08,537.76,935.11,851.89,835.82
4736,2023-02-24T00:25:43.680000,7463836233,449.99,194.6,74.83,109.87,535.54,932.29,849.26,834.52
4737,2023-02-24T00:25:43.685000,7463836234,448.84,194.28,73.39,109.49,533.39,931.25,846.98,833.37
4738,2023-02-24T00:25:43.690000,7463836235,452.82,197.41,76.87,111.78,538.12,937.1,853.14,836.06
4739,2023-02-24T00:25:43.695000,7463836236,452.87,196.91,77.52,111.67,537.12,937.21,853.27,836.2
4740,2023-02-24T00:25:43.700000,7463836237,449.15,194.06,74.79,109.66,534.42,932.55,848.45,834.24
4741,2023-02-24T00:25:43.705000,7463836238,449.95,194.33,74.21,109.35,534.37,931.15,847.98,834.29
4742,2023-02-24T00:25:43.710000,7463836239,453.72,198.4,77.45,112.81,539.07,937.32,853.31,836.74
4743,2023-02-24T00:25:43.715000,7463836240,452.39,196.81,76.72,112.43,537.44,935.29,851.85,836.2
4744,2023-02-24T00:25:43.720000,7463836241,449.33,193.75,73.76,109.63,534.24,930.44,847.3,833.98
4745,2023-02-24T00:25:43.725000,7463836242,449.95,194.81,75.34,109.99,534.97,932.02,848.74,834.16
4746,2023-02-24T00:25:43.730000,7463836243,453.36,198.44,78.18,112.69,538.68,938.26,854.44,837.12
4747,2023-02-24T00:25:43.735000,7463836244,452.26,197.26,76.7,111.27,537.55,936.18,851.37,835.45
4748,2023-02-24T00:25:43.740000,7463836245,448.66,192.9,73.64,109.28,532.58,930.3,846.14,832.94
4749,2023-02-24T00:25:43.745000,7463836246,451.03,195.24,75.42,110.87,535.1,933.51,849.26,834.89
4750,2023-02-24T00:25:43.750000,7463836247,453.72,199.01,77.38,112.63,538.98,937.65,854.24,836.74
4751,2023-02-24T00:25:43.755000,7463836248,451.44,196.7,75.63,110.91,536.64,934.42,850.48,835.48
4752,2023-02-24T00:25:43.760000,7463836249,449.2,193.67,74.36,109.2,533.84,930.56,846.73,834.01
4753,2023-02-24T00:25:43.765000,7463836250,451.35,195.89,76.11,111.17,536.48,934.81,850.44,835.44
4754,2023-02-24T00:25:43.770000,7463836251,453.4,197.11,76.71,112.12,537.85,936.96,852.79,835.37
4755,2023-02-24T00:25:43.775000,7463836252,450.99,195.75,75.31,110.19,536.31,934.57,851.15,835.06
4756,2023-02-24T00:25:43.780000,7463836253,449.16,194.62,74.72,110.15,535.27,932.38,849.05,834.46
4757,2023-02-24T00:25:43.785000,7463836254,452.92,197.21,77.35,112.15,538.19,935.45,851.64,835.94
4758,2023-02-24T00:25:43.790000,7463836255,451.23,195.76,75.13,110.55,536.75,934.29,851.14,835.41
4759,2023-02-24T00:25:43.795000,7463836256,450.25,195.42,74.97,110.01,535.97,933.39,850.06,834.6
4760,2023-02-24T00:25:43.800000,7463836257,451.12,196.06,76.31,111.28,536.02,933.71,849.9,836.11
4761,2023-02-24T00:25:43.805000,7463836258,453.63,197.8,78.02,113.5,537.99,937.07,853.94,837.52
4762,2023-02-24T00:25:43.810000,7463836259,449.14,194.01,73.72,108.35,533.98,932.66,849.31,833.25
4763,2023-02-24T00:25:43.815000,7463836260,449.14,193.88,73.95,108.91,534.17,931.77,849.25,833.83
4764,2023-02-24T00:25:43.820000,7463836261,453.49,197.62,78.29,113.4,537.89,937.18,853.89,838
4765,2023-02-24T00:25:43.825000,7463836262,454.32,198.46,78.97,113.76,539.11,937.9,854.78,837.62
4766,2023-02-24T00:25:43.830000,7463836263,448.03,191.9,71.84,106.27,531.88,929.25,846.44,832.03
4767,2023-02-24T00:25:43.835000,7463836264,448.95,193.48,74.44,109.04,534.07,931.2,848.71,833.83
4768,2023-02-24T00:25:43.840000,7463836265,454.68,199.56,79.6,114.73,539.87,939.08,855.78,838.1
4769,2023-02-24T00:25:43.845000,7463836266,453.71,198.25,77.47,113.03,538.58,937.93,854.62,837.61
4770,2023-02-24T00:25:43.850000,7463836267,446.79,190.69,71.15,105.33,530.66,928.12,844.95,831.92
4771,2023-02-24T00:25:43.855000,7463836268,449.34,193.8,74.2,108.9,534.51,932.13,848.45,834.2
4772,2023-02-24T00:25:43.860000,7463836269,455.7,199.58,80.38,115.86,540.95,940.15,856.52,839.36
4773,2023-02-24T00:25:43.865000,7463836270,453.9,198.26,77.94,113,539.12,937.73,854.47,837.74
4774,2023-02-24T00:25:43.870000,7463836271,445.08,189.9,70.08,104.45,529.99,926.2,843.26,830.5
4775,2023-02-24T00:25:43.875000,7463836272,449.07,193.8,75.03,109.64,534.08,932.39,848.98,834.49
4776,2023-02-24T00:25:43.880000,7463836273,457.32,201.34,80.81,116.56,542.32,942.68,859.38,840.17
4777,2023-02-24T00:25:43.885000,7463836274,454.52,198.17,77.65,113.66,538.96,937.57,854.46,837.3
4778,2023-02-24T00:25:43.890000,7463836275,444.57,189.18,69.54,104.24,528.96,926.13,841.8,830.43
4779,2023-02-24T00:25:43.895000,7463836276,449.58,193.85,74.93,109.81,534.75,933.49,849.61,835.46
4780,2023-02-24T00:25:43.900000,7463836277,457.09,202.22,81.29,117.35,543.17,942.84,860.25,840.99
4781,2023-02-24T00:25:43.905000,7463836278,453.44,196.84,76.07,111.98,537.3,936.06,853.19,836.54
4782,2023-02-24T00:25:43.910000,7463836279,445.28,189.4,70.05,104.4,529.48,926.35,842.61,831.72
4783,2023-02-24T00:25:43.915000,7463836280,450.74,194.7,76.22,110.88,535.8,934.69,851.11,836.22
4784,2023-02-24T00:25:43.920000,7463836281,457.74,202.29,81.69,116.84,543.06,943.27,860.83,840.9
4785,2023-02-24T00:25:43.925000,7463836282,451.81,196.62,75.59,110.82,536.39,935.35,852.55,836.38
4786,2023-02-24T00:25:43.930000,7463836283,445.97,190.66,71.3,105.66,530.72,927.52,844.48,832.56
4787,2023-02-24T00:25:43.935000,7463836284,452.2,195.86,76.72,111.68,537.93,934.98,852.71,837.14
4788,2023-02-24T00:25:43.940000,7463836285,456.24,200.55,80.05,115.51,542.38,941.13,859.49,840.15
4789,2023-02-24T00:25:43.945000,7463836286,450.33,194.61,73.93,109.4,535.11,932.69,850.82,835.92
4790,2023-02-24T00:25:43.950000,7463836287,446.96,191.31,72.17,107.92,531.63,929.36,845.58,833.4
4791,2023-02-24T00:25:43.955000,7463836288,453.05,196.48,77.73,112.67,538.48,937.05,854.92,838.29
4792,2023-02-24T00:25:43.960000,7463836289,455.71,198.59,78.57,113.5,539.83,939.83,858.02,839.7
4793,2023-02-24T00:25:43.965000,7463836290,450.56,194.52,74.04,108.94,534.13,932.81,850.83,835.56
4794,2023-02-24T00:25:43.970000,7463836291,450.03,193.57,73.84,109.73,534.17,931.34,849.17,836.38
4795,2023-02-24T00:25:43.975000,7463836292,452.46,195.89,76.66,112.06,537.4,936.69,854.64,837.47
4796,2023-02-24T00:25:43.980000,7463836293,454.08,197.49,78.08,112.52,538.33,938.69,857.08,838.17
4797,2023-02-24T00:25:43.985000,7463836294,451.48,194.64,74.62,109.73,534.65,933.28,851.8,836.44
4798,2023-02-24T00:25:43.990000,7463836295,450.81,193.93,74.82,109.94,535.15,933.91,851,836.84
4799,2023-02-24T00:25:43.995000,7463836296,452.37,196.71,76.99,111.58,537.34,936.99,854.87,837.78
4800,2023-02-24T00:25:44,7463836297,452.53,196.37,75.81,111.35,536.88,936.87,854.88,838.13
4801,2023-02-24T00:25:44.005000,7463836298,450.41,193.79,73.74,109.14,534.3,933.07,850.63,836.03
4802,2023-02-24T00:25:44.010000,7463836299,451.94,196.56,76.11,112.35,536.54,935.81,853.92,838.28
4803,2023-02-24T00:25:44.015000,7463836300,452.36,196.74,76.4,111.92,537.37,936.73,854.52,838.17
4804,2023-02-24T00:25:44.020000,7463836301,450.58,194.27,74.76,108.99,534.76,934.07,853.04,836.09
4805,2023-02-24T00:25:44.025000,7463836302,450.68,194.33,74.66,109.28,535.04,933.48,851.27,836.36
4806,2023-02-24T00:25:44.030000,7463836303,453.49,197.64,77.74,113.3,539.03,937.43,855.12,838.92
4807,2023-02-24T00:25:44.035000,7463836304,452.44,196.31,76.63,111.35,537.62,936.28,853.89,837.24
4808,2023-02-24T00:25:44.040000,7463836305,449.67,194,74.03,108.94,534.12,933.65,851.2,835.33
4809,2023-02-24T00:25:44.045000,7463836306,450.85,195.24,75.48,110.61,535.27,935.61,851.55,835.55
4810,2023-02-24T00:25:44.050000,7463836307,453.25,197.98,77.8,113.76,540.17,939.57,855.5,838.95
4811,2023-02-24T00:25:44.055000,7463836308,451.87,196.14,75.84,110.12,536.65,935.79,852.9,836.13
4812,2023-02-24T00:25:44.060000,7463836309,449.5,192.9,74.01,108.16,534.14,932.82,850.21,834.57
4813,2023-02-24T00:25:44.065000,7463836310,452.56,196.02,76.69,111.3,537.42,936.19,852.67,837.2
4814,2023-02-24T00:25:44.070000,7463836311,454.31,198.27,79.2,113.21,539.35,939.35,855.3,838.14
4815,2023-02-24T00:25:44.075000,7463836312,451.53,195.81,75.62,109.97,536.54,934.88,851.78,836.5
4816,2023-02-24T00:25:44.080000,7463836313,448.87,193.63,73.69,108.71,534.68,933.58,849.31,834.41
4817,2023-02-24T00:25:44.085000,7463836314,452.13,195.83,77.5,111.45,537.58,936.86,853.22,836.73
4818,2023-02-24T00:25:44.090000,7463836315,454.22,197.41,77.76,112.76,538.75,938.73,853.92,837.99
4819,2023-02-24T00:25:44.095000,7463836316,450.36,195.06,74.86,110.28,535.42,934.25,850.77,835.78
4820,2023-02-24T00:25:44.100000,7463836317,449.09,194.21,74.32,108.81,534.92,933.41,850.1,834.55
4821,2023-02-24T00:25:44.105000,7463836318,452.28,196.28,77.45,112.33,537.76,937.05,854.02,836.88
4822,2023-02-24T00:25:44.110000,7463836319,452.91,197.27,77.38,112.13,537.24,936.63,853.82,837.08
4823,2023-02-24T00:25:44.115000,7463836320,450.54,195.16,74.79,109.72,535.62,934.12,850.74,835.6
4824,2023-02-24T00:25:44.120000,7463836321,450.75,195.02,74.75,109.29,536.02,934.64,850.81,835.18
4825,2023-02-24T00:25:44.125000,7463836322,453.45,196.78,77.67,112.18,539.01,937.88,854.4,837.18
4826,2023-02-24T00:25:44.130000,7463836323,452.24,196.41,76.94,111.55,537.5,936.32,852.98,836.88
4827,2023-02-24T00:25:44.135000,7463836324,450.18,194.52,74.8,109.52,535.12,933.46,850.5,835.48
4828,2023-02-24T00:25:44.140000,7463836325,451.9,194.99,76.24,110.21,536.31,935.43,851.9,836.04
4829,2023-02-24T00:25:44.145000,7463836326,453.33,196.69,77.94,112.67,539.18,938.42,855.14,837.61
4830,2023-02-24T00:25:44.150000,7463836327,450.82,194.88,75.49,110,536.35,934.07,851.76,836.83
4831,2023-02-24T00:25:44.155000,7463836328,450.15,195.41,74.46,109.82,535.95,933.74,851.05,835.87
4832,2023-02-24T00:25:44.160000,7463836329,452.67,196.64,76.27,110.77,537,936.97,853.42,836.93
4833,2023-02-24T00:25:44.165000,7463836330,453.32,197.68,77.36,112.57,538.26,938.29,855.43,837.55
4834,2023-02-24T00:25:44.170000,7463836331,450.06,193.76,74.85,109.63,535.44,933.36,850.72,836.7
4835,2023-02-24T00:25:44.175000,7463836332,450.58,194.57,75.12,110.03,535.57,933.27,851.05,835.89
4836,2023-02-24T00:25:44.180000,7463836333,453.83,197.21,77.65,112.3,538.65,936.93,855.61,838.23
4837,2023-02-24T00:25:44.185000,7463836334,453.37,196.76,77.37,112.46,538.54,937.1,855.61,837.14
4838,2023-02-24T00:25:44.190000,7463836335,449.14,192.78,74.33,108.54,533.83,931.15,849.42,835.07
4839,2023-02-24T00:25:44.195000,7463836336,450.13,194.14,74.61,109.98,534.89,933.72,850.55,835.52
4840,2023-02-24T00:25:44.200000,7463836337,454.47,198.24,77.27,113,538.52,938.74,856.23,838.34
4841,2023-02-24T00:25:44.205000,7463836338,453.6,196.63,76.17,112.14,537.17,936.7,854.36,837.33
4842,2023-02-24T00:25:44.210000,7463836339,448.98,192.17,74.55,108.69,533.01,931.41,847.99,834.54
4843,2023-02-24T00:25:44.215000,7463836340,450.78,194.58,75.04,110.25,535.64,933.95,850.81,836.15
4844,2023-02-24T00:25:44.220000,7463836341,455,198.29,77.7,113.36,539.77,939.13,856.1,837.96
4845,2023-02-24T00:25:44.225000,7463836342,452.76,196.04,75.95,111.39,537.5,936.6,853.37,836.82
4846,2023-02-24T00:25:44.230000,7463836343,449.22,192.8,74.88,109.19,533.8,931.08,847.98,833.84
4847,2023-02-24T00:25:44.235000,7463836344,451.58,194.96,76.33,110.89,536.24,934.56,851.06,835.46
4848,2023-02-24T00:25:44.240000,7463836345,454.55,197.01,77.74,112.57,539.4,938.27,854.88,837.32
4849,2023-02-24T00:25:44.245000,7463836346,452.59,195.92,75.2,110.81,535.96,935.15,851.45,835.57
4850,2023-02-24T00:25:44.250000,7463836347,450.27,192.9,74.14,108.93,534.21,932.32,847.51,834.23
4851,2023-02-24T00:25:44.255000,7463836348,451.93,195.58,75.66,110.95,536.95,934.74,850.85,835.48
4852,2023-02-24T00:25:44.260000,7463836349,454.45,197.44,77.15,112.22,538.64,937.29,853.6,836.35
4853,2023-02-24T00:25:44.265000,7463836350,451.57,194.77,75,109.63,535.62,933.31,849.77,834.39
4854,2023-02-24T00:25:44.270000,7463836351,450.5,194.38,75.66,110.32,535.41,932.6,848.19,834.51
4855,2023-02-24T00:25:44.275000,7463836352,452.29,195.4,77.05,111.65,537.64,935.69,851.8,835.32
4856,2023-02-24T00:25:44.280000,7463836353,452.44,195.6,76.04,110.37,537.06,935.51,851.15,833.86
4857,2023-02-24T00:25:44.285000,7463836354,450.59,193.58,74.35,109.04,534.93,933.27,848.5,833.11
4858,2023-02-24T00:25:44.290000,7463836355,451.93,195.75,76.5,111.36,536.34,934.6,849.82,835.34
4859,2023-02-24T00:25:44.295000,7463836356,452.71,196.73,77.29,112.01,538.74,936.95,851.77,835.6
4860,2023-02-24T00:25:44.300000,7463836357,450.05,193.75,73.91,108.36,534.86,933.02,848.56,832.61
4861,2023-02-24T00:25:44.305000,7463836358,449.73,193.87,73.56,108.36,534.22,931.84,847.32,833.19
4862,2023-02-24T00:25:44.310000,7463836359,453.67,197.78,78.33,113.72,539.58,937.24,853.05,837.11
4863,2023-02-24T00:25:44.315000,7463836360,453.48,197.89,77.77,113.16,540.02,936.76,852.74,836.23
4864,2023-02-24T00:25:44.320000,7463836361,448.07,192.79,72.49,107.42,533.58,930.73,846.43,831.71
4865,2023-02-24T00:25:44.325000,7463836362,449.11,192.93,72.72,107.85,533.33,931.58,846.79,832.99
4866,2023-02-24T00:25:44.330000,7463836363,456.35,199.78,80.18,115.23,540.96,939.74,855.43,838.72
4867,2023-02-24T00:25:44.335000,7463836364,453.73,197.3,78.61,112.64,538.53,936.6,852.86,836.35
4868,2023-02-24T00:25:44.340000,7463836365,447.52,190.18,70.83,105.78,531.57,927.98,844.09,830.97
4869,2023-02-24T00:25:44.345000,7463836366,449.88,193.2,73.73,108.07,534.11,931.08,847.64,833.28
4870,2023-02-24T00:25:44.350000,7463836367,457.37,200.13,80.71,115.63,541.9,940.99,857.35,838.82
4871,2023-02-24T00:25:44.355000,7463836368,454.09,197.32,77.28,112.49,538.14,936.11,852.15,836.17
4872,2023-02-24T00:25:44.360000,7463836369,446.7,190.44,70.8,105.58,530.22,927.1,842.58,831.18
4873,2023-02-24T00:25:44.365000,7463836370,449.83,193.06,74.23,108.8,534.59,931.49,848.06,832.88
4874,2023-02-24T00:25:44.370000,7463836371,457.57,201.17,81.73,116.45,542.95,941.53,858.52,839.33
4875,2023-02-24T00:25:44.375000,7463836372,453.94,197.2,77.02,111.77,537.98,935.9,852.23,835.83
4876,2023-02-24T00:25:44.380000,7463836373,446.2,189.49,71.38,105.39,530.88,926.65,842.77,830.38
4877,2023-02-24T00:25:44.385000,7463836374,450.55,193.8,75.26,109.77,535.22,932.72,848.61,833.64
4878,2023-02-24T00:25:44.390000,7463836375,458.64,201.35,81.17,116.63,542.84,942.23,859.15,839.45
4879,2023-02-24T00:25:44.395000,7463836376,452.32,196.05,75.66,111.15,535.54,934.4,850.1,834.56
4880,2023-02-24T00:25:44.400000,7463836377,447.4,190.52,70.63,105.82,530.9,926.63,841.83,830.99
4881,2023-02-24T00:25:44.405000,7463836378,451.29,194.57,76.22,110.27,536.48,933.23,849.33,834.58
4882,2023-02-24T00:25:44.410000,7463836379,458.55,201.25,81.18,115.98,543.31,941.7,857.67,838.88
4883,2023-02-24T00:25:44.415000,7463836380,452.19,194.63,75.34,109.77,536.11,933.28,848.99,833.83
4884,2023-02-24T00:25:44.420000,7463836381,448.23,191.74,72.82,106.89,532.68,928.55,844.1,831.32
4885,2023-02-24T00:25:44.425000,7463836382,453.07,196.02,77.42,111.34,537.16,934.83,851.08,834.43
4886,2023-02-24T00:25:44.430000,7463836383,456.77,200.16,80.24,114.21,541.52,940.39,856.53,836.96
4887,2023-02-24T00:25:44.435000,7463836384,451.67,194.48,74.43,109.52,535.51,931.78,847.37,832.77
4888,2023-02-24T00:25:44.440000,7463836385,449.2,191.62,72.97,107.73,532.66,928.81,843.53,831.4
4889,2023-02-24T00:25:44.445000,7463836386,452.85,195.65,77.64,112.13,538.41,935.34,850.24,834.6
4890,2023-02-24T00:25:44.450000,7463836387,455.31,198.1,78.17,112.86,539.74,937.65,853.13,835.08
4891,2023-02-24T00:25:44.455000,7463836388,451.31,194.6,74.57,109.9,534.94,932.5,846.47,832.6
4892,2023-02-24T00:25:44.460000,7463836389,450.8,194.51,75.44,110.1,535.43,932.72,846.55,832.97
4893,2023-02-24T00:25:44.465000,7463836390,453.17,196.54,77.15,111.98,538.15,934.75,850.63,833.77
4894,2023-02-24T00:25:44.470000,7463836391,453.43,196.47,76.25,110.86,538,935,851.06,833.68
4895,2023-02-24T00:25:44.475000,7463836392,451.31,194.72,74.57,109.79,535.99,931.89,847.03,832.38
4896,2023-02-24T00:25:44.480000,7463836393,452.3,195.56,76.91,110.9,536.66,933.45,847.63,833.49
4897,2023-02-24T00:25:44.485000,7463836394,453.56,195.85,77.57,112.58,538.29,935.22,850.56,834.75
4898,2023-02-24T00:25:44.490000,7463836395,452.26,195.09,75.82,109.88,536.15,933.87,849.67,832.92
4899,2023-02-24T00:25:44.495000,7463836396,451.85,194.38,74.23,109.26,534.9,932.79,846.6,832.23
4900,2023-02-24T00:25:44.500000,7463836397,453.15,196.31,77.36,111.85,537.55,934.14,849.18,834.3
4901,2023-02-24T00:25:44.505000,7463836398,452.55,196.07,77.13,111.29,538.03,934.74,850.35,834.19
4902,2023-02-24T00:25:44.510000,7463836399,450.7,194.04,74.31,108.87,535.21,930.89,847.94,832.02
4903,2023-02-24T00:25:44.515000,7463836400,451.34,194.35,75.59,109.74,535.71,932.16,847.15,833.04
4904,2023-02-24T00:25:44.520000,7463836401,453.41,197.13,78.26,112.81,539,934.91,849.78,835.36
4905,2023-02-24T00:25:44.525000,7463836402,452.88,195.96,76.76,110.8,536.98,933.83,849.1,834.24
4906,2023-02-24T00:25:44.530000,7463836403,450.61,193.37,73.78,108.15,534.11,930.76,846.72,831.67
4907,2023-02-24T00:25:44.535000,7463836404,451.84,194.48,76.02,110.2,536.03,932.74,848.2,833.15
4908,2023-02-24T00:25:44.540000,7463836405,454.93,197.08,77.6,112.66,538.27,936.31,851.45,835.83
4909,2023-02-24T00:25:44.545000,7463836406,452.06,195.26,75.46,109.82,535.86,932.9,848.11,833.56
4910,2023-02-24T00:25:44.550000,7463836407,449.79,193.55,73.79,108.07,534.21,930.35,845.97,832.39
4911,2023-02-24T00:25:44.555000,7463836408,451.84,195.53,76.54,110.68,536.26,932.92,849.19,834.14
4912,2023-02-24T00:25:44.560000,7463836409,454.18,197.94,78.04,112.58,538.91,936.55,852.29,836.37
4913,2023-02-24T00:25:44.565000,7463836410,450.8,195.37,74.72,110.22,535.04,931.92,848.07,833.43
4914,2023-02-24T00:25:44.570000,7463836411,450.14,193.84,73.48,108.76,534.68,930.66,846.88,832.77
4915,2023-02-24T00:25:44.575000,7463836412,453.06,195.76,77.25,111.42,537.46,934.56,850.29,835.05
4916,2023-02-24T00:25:44.580000,7463836413,452.95,196.37,77.35,112.04,537.1,934.92,851.22,835.7
4917,2023-02-24T00:25:44.585000,7463836414,451.83,194.03,74.72,109.02,534.28,930.98,848.15,832.96
4918,2023-02-24T00:25:44.590000,7463836415,450.75,194.26,74.18,108.97,535.47,932.12,848.48,833.27
4919,2023-02-24T00:25:44.595000,7463836416,452.9,196.41,76.91,111.12,538.19,934.72,851.42,835.35
4920,2023-02-24T00:25:44.600000,7463836417,452.66,196.15,77.02,110.87,536.4,933.6,850.27,835.15
4921,2023-02-24T00:25:44.605000,7463836418,450.06,194.14,74.15,108.84,533.99,930.66,847.08,833.07
4922,2023-02-24T00:25:44.610000,7463836419,451.97,195.69,75.36,109.86,536.66,933.32,849.61,834.14
4923,2023-02-24T00:25:44.615000,7463836420,452.8,196.6,77.01,111.17,538.07,934.75,850.21,835.2
4924,2023-02-24T00:25:44.620000,7463836421,451.68,194.64,75.68,110.44,536.28,932.36,847.96,833.43
4925,2023-02-24T00:25:44.625000,7463836422,450.82,193.51,74.16,108.37,534.44,930.97,847,832.1
4926,2023-02-24T00:25:44.630000,7463836423,453.51,196.21,77.24,111.27,537.22,934.29,850.03,833.85
4927,2023-02-24T00:25:44.635000,7463836424,453.3,195.82,77.42,111.75,537.92,934.87,851.35,834.92
4928,2023-02-24T00:25:44.640000,7463836425,451.11,193.29,74.74,109.38,534.32,930.91,846.79,832.92
4929,2023-02-24T00:25:44.645000,7463836426,450.79,193.93,74.46,109.41,535.06,931.66,846.72,832.59
4930,2023-02-24T00:25:44.650000,7463836427,454.31,197.12,77.32,112.03,539.24,936.09,851.9,835.79
4931,2023-02-24T00:25:44.655000,7463836428,453.45,196.16,77.16,111.34,537.72,935.03,851.05,835.29
4932,2023-02-24T00:25:44.660000,7463836429,449.8,192.9,73.45,108.03,533.15,929.66,845.9,832.62
4933,2023-02-24T00:25:44.665000,7463836430,451.48,194.03,74.53,109.64,535.46,931.81,848.29,833.3
4934,2023-02-24T00:25:44.670000,7463836431,454.88,198.63,78.23,113.25,539.91,937.11,853.64,835.84
4935,2023-02-24T00:25:44.675000,7463836432,453.55,196.25,77.65,111.75,537.47,934.8,851.94,835.03
4936,2023-02-24T00:25:44.680000,7463836433,448.81,191.85,73.47,107.88,533.13,928.99,844.67,832
4937,2023-02-24T00:25:44.685000,7463836434,451.32,193.73,75.55,110.19,535.29,933.28,848.5,834.26
4938,2023-02-24T00:25:44.690000,7463836435,455.47,198.18,78.8,112.58,539.12,937.92,854.31,836.22
4939,2023-02-24T00:25:44.695000,7463836436,452.94,196.2,76.56,110.34,536.78,934.83,850.53,834.34
4940,2023-02-24T00:25:44.700000,7463836437,449.15,192.03,73.71,107.72,533.32,928.78,845.71,832.94
4941,2023-02-24T00:25:44.705000,7463836438,451.88,194.03,76.45,110.12,536.9,933.28,849.59,835.35
4942,2023-02-24T00:25:44.710000,7463836439,454.78,197.68,77.04,111.68,539.1,936.62,854.09,836.9
4943,2023-02-24T00:25:44.715000,7463836440,452.33,195.75,76.37,110.64,536.46,934.27,850.1,835.07
4944,2023-02-24T00:25:44.720000,7463836441,450.42,193.11,75.35,109.67,534.34,930.97,847.12,833.88
4945,2023-02-24T00:25:44.725000,7463836442,452.7,195.64,76.92,111.64,536.8,934.74,851.19,835.79
4946,2023-02-24T00:25:44.730000,7463836443,453.77,196.14,76.59,110.97,538.07,936.1,852.61,835.08
4947,2023-02-24T00:25:44.735000,7463836444,452.1,194.69,75.34,109.88,536.59,933.14,850.63,834.78
4948,2023-02-24T00:25:44.740000,7463836445,451.61,193.72,76.21,110.06,535.69,932.41,848.56,835.39
4949,2023-02-24T00:25:44.745000,7463836446,453.21,196.13,77.23,112.42,537.09,934.57,852.08,836.45
4950,2023-02-24T00:25:44.750000,7463836447,452.83,195.2,75.99,109.44,536.27,934.27,851.42,835.24
4951,2023-02-24T00:25:44.755000,7463836448,451.43,194.5,74.73,110.04,535.02,932.58,849.94,834.35
4952,2023-02-24T00:25:44.760000,7463836449,453.48,196.38,77.05,112.4,537.25,934.21,851.14,836.44
4953,2023-02-24T00:25:44.765000,7463836450,453.73,196.45,78.05,112.38,538.02,935.9,852.97,836.46
4954,2023-02-24T00:25:44.770000,7463836451,450.19,192.1,73.96,107.67,533.94,931.63,849.01,833.23
4955,2023-02-24T00:25:44.775000,7463836452,450.89,193.5,74.42,109.19,535.07,932.59,848.71,834.33
4956,2023-02-24T00:25:44.780000,7463836453,455.71,198.78,79.17,114.75,539.85,937.87,854.38,838.64
4957,2023-02-24T00:25:44.785000,7463836454,455.41,197.49,77.65,113.06,539,936.27,853.79,837.25
4958,2023-02-24T00:25:44.790000,7463836455,448.94,191.39,72.37,106.32,532.06,928.45,846.18,832.1
4959,2023-02-24T00:25:44.795000,7463836456,450.33,194.28,74.01,108.97,534.65,931.59,848.78,834.01
4960,2023-02-24T00:25:44.800000,7463836457,458.12,201.36,81.82,116.54,542.65,941.64,857.76,840.05
4961,2023-02-24T00:25:44.805000,7463836458,454.71,198.26,78.16,113.16,538.72,937.32,854.04,837.91
4962,2023-02-24T00:25:44.810000,7463836459,447.23,190.4,71.4,104.86,531.12,927.26,844.72,831.27
4963,2023-02-24T00:25:44.815000,7463836460,451.1,193.22,74.73,109.29,534.77,932.12,848.99,834.36
4964,2023-02-24T00:25:44.820000,7463836461,458.64,202.14,82.78,117.49,544.12,942.77,859.28,840.76
4965,2023-02-24T00:25:44.825000,7463836462,454.52,197.72,78.8,113.12,539.08,937.29,853.77,836.96
4966,2023-02-24T00:25:44.830000,7463836463,445.88,188.77,70.26,104.7,530.45,926.08,842.71,830.14
4967,2023-02-24T00:25:44.835000,7463836464,450.97,194.13,74.64,109.2,535.43,933.03,848.8,834.12
4968,2023-02-24T00:25:44.840000,7463836465,459.88,203.24,82.82,118.06,544.62,943.61,861.23,840.52
4969,2023-02-24T00:25:44.845000,7463836466,454.45,196.6,76.91,112.21,538.13,936.06,852.74,837.15
4970,2023-02-24T00:25:44.850000,7463836467,446.12,189.25,70.36,104.87,529.69,925.57,841.85,830.57
4971,2023-02-24T00:25:44.855000,7463836468,451.48,193.82,75.34,110.06,535.71,932.83,849.79,834.56
4972,2023-02-24T00:25:44.860000,7463836469,459.99,201.89,82.6,117.35,544.14,943.92,861.67,841.23
4973,2023-02-24T00:25:44.865000,7463836470,453.97,195.75,76.33,111.21,536.83,935.31,851.7,836.39
4974,2023-02-24T00:25:44.870000,7463836471,447.16,189.02,71.1,105.95,530.79,926.87,843.04,832.46
4975,2023-02-24T00:25:44.875000,7463836472,452.18,194.7,76.33,110.79,536.76,933.53,851.04,835.75
4976,2023-02-24T00:25:44.880000,7463836473,458.19,200.56,80.67,116.15,543.11,941.23,859.79,839.36
4977,2023-02-24T00:25:44.885000,7463836474,452.06,194.87,75.5,109.71,536.11,933.26,850.78,835.17
4978,2023-02-24T00:25:44.890000,7463836475,448.85,191.09,72.64,107.24,532.13,929.16,845.7,833.02
4979,2023-02-24T00:25:44.895000,7463836476,453.44,195.22,76.5,111.15,536.75,934.92,852.49,836.78
4980,2023-02-24T00:25:44.900000,7463836477,456.77,198.65,79.98,114.09,540.34,939.99,858.03,838.78
4981,2023-02-24T00:25:44.905000,7463836478,452.19,194.07,74.84,109.63,535.02,933.34,850.35,835.01
4982,2023-02-24T00:25:44.910000,7463836479,450.55,192.66,74.09,108.93,533.68,931.3,848.37,835.13
4983,2023-02-24T00:25:44.915000,7463836480,453.13,194.89,77.04,111.42,537.61,935.35,853.99,836.87
4984,2023-02-24T00:25:44.920000,7463836481,455.22,197.56,78.17,112.88,539.72,938.12,856.79,837.62
4985,2023-02-24T00:25:44.925000,7463836482,451.93,194.09,75.15,109,535.28,932.56,851.16,835.01
4986,2023-02-24T00:25:44.930000,7463836483,452.4,192.91,76.06,109.77,535.37,931.88,850.29,835.6
4987,2023-02-24T00:25:44.935000,7463836484,453.91,195.41,77.11,111.58,537.68,935.9,853.55,837.01
4988,2023-02-24T00:25:44.940000,7463836485,453.22,195.61,76.09,110.45,536.86,935.41,854.4,836.48
4989,2023-02-24T00:25:44.945000,7463836486,450.91,193.55,74.63,108.91,534.99,931.73,849.33,835.6
4990,2023-02-24T00:25:44.950000,7463836487,453.11,195.11,76.97,111.63,537.03,934.74,851.83,837.29
4991,2023-02-24T00:25:44.955000,7463836488,454.44,196.06,77.5,112.02,537.85,935.73,853.18,837.22
4992,2023-02-24T00:25:44.960000,7463836489,451.64,192.77,74.4,108.68,534.69,933.34,850.76,833.89
4993,2023-02-24T00:25:44.965000,7463836490,452.03,193.22,75.24,109.9,535.02,932.06,849.55,835.08
4994,2023-02-24T00:25:44.970000,7463836491,454.45,195.83,77.25,112.73,538.52,935.36,852.57,836.79
4995,2023-02-24T00:25:44.975000,7463836492,454.11,195.43,77.01,111.93,538.32,935.31,853.53,836.71
4996,2023-02-24T00:25:44.980000,7463836493,451.63,192.08,73.37,108.02,534.46,930.99,849.12,833.82
4997,2023-02-24T00:25:44.985000,7463836494,452.72,193.45,75.79,109.96,536.3,933.43,850.52,835.72
4998,2023-02-24T00:25:44.990000,7463836495,455.54,196.24,78.83,112.78,538.92,936.75,853.61,837.46
4999,2023-02-24T00:25:44.995000,7463836496,453.59,194.46,76.88,110.95,536.64,935.11,851.16,835.88
5000,2023-02-24T00:25:45,7463836497,450.8,192.12,73.91,107.95,533.46,930.86,848.5,834.06
5001,2023-02-24T00:25:45.005000,7463836498,453.48,194.21,76.46,111.25,536.71,934.44,851.36,836.03
5002,2023-02-24T00:25:45.010000,7463836499,455.11,196.6,78.58,113.66,539.07,936.07,853.9,837.72
5003,2023-02-24T00:25:45.015000,7463836500,453.68,194.87,76.25,110.61,537.2,933.27,850.88,835.23
5004,2023-02-24T00:25:45.020000,7463836501,450.3,193.07,72.71,108.04,534.24,929.88,847.7,833.25
5005,2023-02-24T00:25:45.025000,7463836502,453.17,195.63,76.64,111.16,538.24,933.92,851.52,835.19
5006,2023-02-24T00:25:45.030000,7463836503,454.07,197.19,77.81,112.05,538.88,936.2,852.93,836.91
5007,2023-02-24T00:25:45.035000,7463836504,452.71,195.08,75.77,110.56,536.13,934.1,850.36,835.24
5008,2023-02-24T00:25:45.040000,7463836505,450.25,191.91,73.79,107.82,533.85,932.1,847.39,834.03
5009,2023-02-24T00:25:45.045000,7463836506,452.93,195.66,77.38,111.71,537.95,935.26,851.91,835.93
5010,2023-02-24T00:25:45.050000,7463836507,454.15,196.5,77.65,111.73,538.29,935.31,851.93,836.56
5011,2023-02-24T00:25:45.055000,7463836508,452.77,195.11,75.4,109.75,536.15,932.54,849.68,835.19
5012,2023-02-24T00:25:45.060000,7463836509,450.54,193.99,75.1,108.88,535.88,932.21,848.67,834.1
5013,2023-02-24T00:25:45.065000,7463836510,453.87,196.21,77.55,112.05,538.96,935.5,852.78,836.19
5014,2023-02-24T00:25:45.070000,7463836511,453.32,196.12,77.1,110.97,537.85,933.93,851.66,834.92
5015,2023-02-24T00:25:45.075000,7463836512,452.32,194.54,75.16,109.34,535.75,932.08,848.28,834.32
5016,2023-02-24T00:25:45.080000,7463836513,452.27,194.42,76.15,109.43,536.23,933.4,849.79,835.15
5017,2023-02-24T00:25:45.085000,7463836514,454.68,196.06,78.24,111.88,538.05,936.44,852.85,836.54
5018,2023-02-24T00:25:45.090000,7463836515,452.31,194.34,76.41,109.89,536.14,933.92,849.92,835.14
5019,2023-02-24T00:25:45.095000,7463836516,451.91,194.73,75.27,109.43,536.02,932.7,848.96,834.39
5020,2023-02-24T00:25:45.100000,7463836517,454.06,196.26,77.15,111.05,538.12,935.08,851.97,835.46
5021,2023-02-24T00:25:45.105000,7463836518,453.94,196.02,77.8,111.25,538.5,935.54,852.67,836.18
5022,2023-02-24T00:25:45.110000,7463836519,451.31,194.28,76.12,108.92,535.83,931.75,848.93,834.28
5023,2023-02-24T00:25:45.115000,7463836520,452.02,194.32,75.98,109.84,536.03,932.38,848.88,834.35
5024,2023-02-24T00:25:45.120000,7463836521,456,197.48,78.95,112.23,539.14,936.35,853.69,836.64
5025,2023-02-24T00:25:45.125000,7463836522,454.97,196.14,78.29,111.52,538.41,936.29,852.77,836.01
5026,2023-02-24T00:25:45.130000,7463836523,450.6,193.29,74.89,108.94,534.45,931,847.7,833.43
5027,2023-02-24T00:25:45.135000,7463836524,451.74,195.09,76.1,110.05,536.47,933.32,849.84,834.86
5028,2023-02-24T00:25:45.140000,7463836525,455.67,198.51,78.87,113,540.17,938.24,855.26,836.95
5029,2023-02-24T00:25:45.145000,7463836526,453.51,196.34,77.5,111.52,537.85,935.72,852.48,836.31
5030,2023-02-24T00:25:45.150000,7463836527,449.69,192.31,74.81,109.35,534.15,930.13,846.6,832.78
5031,2023-02-24T00:25:45.155000,7463836528,452.97,194.8,76.33,109.58,536.05,931.99,849.05,834.06
5032,2023-02-24T00:25:45.160000,7463836529,457.27,198.39,80.01,113.07,541.01,938.17,855.07,836.99
5033,2023-02-24T00:25:45.165000,7463836530,454.51,195.11,77.67,110.65,537.02,934.02,851.4,835.15
5034,2023-02-24T00:25:45.170000,7463836531,451,192.07,75.55,108.28,534.01,930.01,846.45,832.89
5035,2023-02-24T00:25:45.175000,7463836532,453.11,193.74,76.5,110.17,536.19,933.13,849.49,834.9
5036,2023-02-24T00:25:45.180000,7463836533,457.53,197.86,79.23,113.11,540.13,938.66,856.28,837.16
5037,2023-02-24T00:25:45.185000,7463836534,453.57,195.31,75.94,110.3,536.67,934.17,850.89,835.6
5038,2023-02-24T00:25:45.190000,7463836535,450.75,192.42,74.6,108.44,534.82,929.84,846.75,833.46
5039,2023-02-24T00:25:45.195000,7463836536,454.28,194.56,76.65,110.72,537.47,933.44,850.43,835.28
5040,2023-02-24T00:25:45.200000,7463836537,456.35,197.96,79.09,112.35,540.14,936.59,854.23,835.94
5041,2023-02-24T00:25:45.205000,7463836538,453.18,194.07,75.29,109.7,536.36,931.9,848.85,833.46
5042,2023-02-24T00:25:45.210000,7463836539,452.16,192.7,75.41,109.84,535.38,931.25,847.21,833.97
5043,2023-02-24T00:25:45.215000,7463836540,454.49,195.45,77.07,110.7,537.65,934.57,850.01,834.97
5044,2023-02-24T00:25:45.220000,7463836541,453.56,195.09,76.28,110.21,537.41,934.57,850.97,834.09
5045,2023-02-24T00:25:45.225000,7463836542,452.1,194.37,74.82,109.2,535.54,932.24,848.82,834.32
5046,2023-02-24T00:25:45.230000,7463836543,454.19,195.41,77.15,111.36,537.64,933.33,849.82,836.37
5047,2023-02-24T00:25:45.235000,7463836544,454.03,195.84,77.23,111.4,538.13,933.35,850.47,835.52
5048,2023-02-24T00:25:45.240000,7463836545,452.82,194.31,74.97,109.41,536.59,931.72,849.2,832.96
5049,2023-02-24T00:25:45.245000,7463836546,451.85,193.42,74.96,108.54,535.51,930.6,847.55,833.1
5050,2023-02-24T00:25:45.250000,7463836547,454.75,196.15,79.44,112.44,538.88,934.94,850.66,836.36
5051,2023-02-24T00:25:45.255000,7463836548,453.79,195.11,77.37,111.97,538.06,934.55,850.8,834.74
5052,2023-02-24T00:25:45.260000,7463836549,449.65,191.19,72.44,106.81,533.49,929.49,846.35,831.81
5053,2023-02-24T00:25:45.265000,7463836550,450.89,193.37,73.81,107.83,534.37,930.94,847.16,833.58
5054,2023-02-24T00:25:45.270000,7463836551,456.85,198.58,80.03,113.73,540.45,937.09,853.71,838.39
5055,2023-02-24T00:25:45.275000,7463836552,455.03,196.06,78.05,111.17,538.1,933.82,851.54,835.46
5056,2023-02-24T00:25:45.280000,7463836553,448.14,190,70.5,104.72,530.95,925.88,842.99,830.14
5057,2023-02-24T00:25:45.285000,7463836554,451.09,192.91,74.32,108.54,535.15,930.11,846.68,833.31
5058,2023-02-24T00:25:45.290000,7463836555,458.56,199.47,81.36,115.81,542.44,939.67,855.78,839.05
5059,2023-02-24T00:25:45.295000,7463836556,454.49,195.52,77.83,111.33,537.07,934.41,850.63,834.82
5060,2023-02-24T00:25:45.300000,7463836557,446.22,187.42,70.01,103.05,528.81,924.15,839.82,828.63
5061,2023-02-24T00:25:45.305000,7463836558,451.03,192.31,75.32,108.97,534.6,931.47,847.65,832.49
5062,2023-02-24T00:25:45.310000,7463836559,459.09,200.26,81.68,116.14,543.37,940.83,856.98,838.43
5063,2023-02-24T00:25:45.315000,7463836560,454.5,195.82,77.15,111.46,537.72,934.21,850.36,834.35
5064,2023-02-24T00:25:45.320000,7463836561,446.5,187.38,69.68,103.63,529.25,923.07,839.13,828.73
5065,2023-02-24T00:25:45.325000,7463836562,451.68,193.41,75.97,109.41,536.32,931.68,848.05,833.19
5066,2023-02-24T00:25:45.330000,7463836563,459.6,200.23,82.38,115.79,543.28,940.97,856.98,838.71
5067,2023-02-24T00:25:45.335000,7463836564,453.63,194.76,76.99,111.17,537.03,933.38,848.92,834.28
5068,2023-02-24T00:25:45.340000,7463836565,446.43,187.58,69.9,103.82,529.29,924.14,838.91,828.97
5069,2023-02-24T00:25:45.345000,7463836566,453.59,193.93,77.63,110.17,536.56,933.16,848.61,834.02
5070,2023-02-24T00:25:45.350000,7463836567,459.67,199.78,81.38,115.42,542.85,940.5,857.09,838.2
5071,2023-02-24T00:25:45.355000,7463836568,453.61,193.85,76.14,110.29,536.48,932.24,849.24,834.28
5072,2023-02-24T00:25:45.360000,7463836569,447.55,189.2,71.82,105.59,530.99,924.49,840.16,829.54
5073,2023-02-24T00:25:45.365000,7463836570,454.1,195.06,77.15,111.07,537.84,933.62,850.3,833.98
5074,2023-02-24T00:25:45.370000,7463836571,457.59,198.2,80.1,114.27,541.44,938.23,854.91,836.86
5075,2023-02-24T00:25:45.375000,7463836572,453.36,193.54,76.53,109.8,535.72,932.03,847.5,833.4
5076,2023-02-24T00:25:45.380000,7463836573,448.64,189.62,72.99,106.55,532.25,926.22,841.29,831.03
5077,2023-02-24T00:25:45.385000,7463836574,454.66,194.96,78.71,111.52,537.76,934.94,850.24,835.05
5078,2023-02-24T00:25:45.390000,7463836575,456.23,196.92,79.01,112.79,540.02,937.12,852.97,835.47
5079,2023-02-24T00:25:45.395000,7463836576,452.83,194.06,76.38,110.28,536.06,932.01,848.36,833.51
5080,2023-02-24T00:25:45.400000,7463836577,451.1,191.82,74.47,108.81,533.48,928.87,845.16,832.41
5081,2023-02-24T00:25:45.405000,7463836578,454.58,195.44,77.66,112.29,538.76,934.04,850.89,834.92
5082,2023-02-24T00:25:45.410000,7463836579,454.84,195.72,77,111.16,538.61,934.05,850.96,834.65
5083,2023-02-24T00:25:45.415000,7463836580,453.41,193.97,76.04,109.85,535.88,931.23,847.93,833.34
5084,2023-02-24T00:25:45.420000,7463836581,453.51,193.5,76.02,110.23,535.87,931.19,847.03,834.35
5085,2023-02-24T00:25:45.425000,7463836582,455.44,195.2,78.26,111.22,537.85,934.4,851.36,835.31
5086,2023-02-24T00:25:45.430000,7463836583,454.52,194.1,76.56,110.67,536.71,933.5,850.64,834.59
5087,2023-02-24T00:25:45.435000,7463836584,452.91,193.59,75.83,109.51,535.6,931.46,847.87,834.33
5088,2023-02-24T00:25:45.440000,7463836585,453.96,194.91,77,111.05,536.24,932.53,848.5,835.11
5089,2023-02-24T00:25:45.445000,7463836586,454.65,195.23,77.47,111.25,538.32,933.96,851.43,835.03
5090,2023-02-24T00:25:45.450000,7463836587,453.56,193.68,75.01,109,536.52,931.46,848.42,832.87
5091,2023-02-24T00:25:45.455000,7463836588,454.08,194.78,76.19,109.87,536.9,931.24,848.18,833.38
5092,2023-02-24T00:25:45.460000,7463836589,455.36,195.68,78.43,112.03,538.93,933.61,850.79,835.03
5093,2023-02-24T00:25:45.465000,7463836590,454.91,195.35,78.11,111.23,537.56,933.73,850.69,834.73
5094,2023-02-24T00:25:45.470000,7463836591,452.32,192.96,74.93,108.33,534.04,930.64,846.75,832.98
5095,2023-02-24T00:25:45.475000,7463836592,453.09,194.18,76.36,109.95,535.7,932.85,848.52,833.94
5096,2023-02-24T00:25:45.480000,7463836593,456.18,196.52,78.84,112.66,538.3,935.72,851.87,836.08
5097,2023-02-24T00:25:45.485000,7463836594,453.42,195.21,77.08,110.06,536.61,932.99,849.7,833.98
5098,2023-02-24T00:25:45.490000,7463836595,452.17,193.3,74.99,108.4,534.32,929.4,847.53,832.24
5099,2023-02-24T00:25:45.495000,7463836596,453.88,194.96,77.2,111.17,536.92,932.76,848.7,833.4
5100,2023-02-24T00:25:45.500000,7463836597,455.37,196.55,78.97,112.44,538.72,934.6,851.31,835.21
5101,2023-02-24T00:25:45.505000,7463836598,452.09,193.81,75.37,109.39,535.94,931.58,847.59,833.19
5102,2023-02-24T00:25:45.510000,7463836599,451.83,192.3,74.89,108.92,534.87,931.11,846.75,832.29
5103,2023-02-24T00:25:45.515000,7463836600,454.42,195.05,77.59,110.92,537.3,933.74,849.28,834
5104,2023-02-24T00:25:45.520000,7463836601,455.28,195.59,78.2,112.06,537.17,934.34,849.53,834.78
5105,2023-02-24T00:25:45.525000,7463836602,452.36,193.67,75.93,108.3,534.4,931.35,846.47,832.59
5106,2023-02-24T00:25:45.530000,7463836603,451.78,193.23,75.77,109.36,534.97,931.3,846.5,832.13
5107,2023-02-24T00:25:45.535000,7463836604,454.01,195.62,77.72,111.12,538.15,933.67,849.63,833.45
5108,2023-02-24T00:25:45.540000,7463836605,453.82,195.73,77.53,111.38,538.01,933.01,848.08,833.03
5109,2023-02-24T00:25:45.545000,7463836606,452.36,193.89,75.22,109.22,535.74,931.01,845.35,832.13
5110,2023-02-24T00:25:45.550000,7463836607,453.4,194.64,76.22,110.1,537.46,932.96,848,832.5
5111,2023-02-24T00:25:45.555000,7463836608,454.37,194.89,76.86,111.45,537.57,934.36,849.52,834.03
5112,2023-02-24T00:25:45.560000,7463836609,453.5,194.16,76.47,110.72,536.55,932.54,847.73,833.46
5113,2023-02-24T00:25:45.565000,7463836610,452.25,193.13,74.41,108.19,534.91,930.97,845.79,832.7
5114,2023-02-24T00:25:45.570000,7463836611,453.76,195.09,77.05,111.06,538.24,933.32,849.74,834.1
5115,2023-02-24T00:25:45.575000,7463836612,453.96,195.13,77.07,110.86,538.15,933.44,850.11,834.34
5116,2023-02-24T00:25:45.580000,7463836613,452.57,193.36,75.26,108.93,535.57,930.69,846.39,832.7
5117,2023-02-24T00:25:45.585000,7463836614,452.29,192.94,74.21,107.89,535.7,930.69,846.56,832.51
5118,2023-02-24T00:25:45.590000,7463836615,455.24,195.78,77.85,112.45,538.94,935.25,851.24,835.08
5119,2023-02-24T00:25:45.595000,7463836616,453.67,194.03,77.3,110.82,537.1,933.9,850.1,834.58
5120,2023-02-24T00:25:45.600000,7463836617,450.97,191.51,74.3,108.05,533.79,929.31,845.95,832.92
5121,2023-02-24T00:25:45.605000,7463836618,452.17,192.42,74.65,109.52,534.85,931.37,847.83,833.47
5122,2023-02-24T00:25:45.610000,7463836619,456.05,196.79,78.27,112.3,539.82,936.17,853.91,835.73
5123,2023-02-24T00:25:45.615000,7463836620,453.31,195.01,76.06,109.6,537.09,933.21,850.31,834.72
5124,2023-02-24T00:25:45.620000,7463836621,451.24,191.57,73.96,107.91,532.86,928.41,845.5,832.61
5125,2023-02-24T00:25:45.625000,7463836622,453.72,193.68,76.12,109.84,535.82,930.97,849.02,834.03
5126,2023-02-24T00:25:45.630000,7463836623,456.8,197.08,78.89,112.53,539.64,936.17,853.89,836.74
5127,2023-02-24T00:25:45.635000,7463836624,454.3,193.99,76.3,109.9,536.29,932.46,850.69,835.02
5128,2023-02-24T00:25:45.640000,7463836625,450.3,190.84,74.15,107.17,532.94,927.93,845.77,833.16
5129,2023-02-24T00:25:45.645000,7463836626,453.79,193.78,77.04,110.18,536.19,932.01,850.07,835.57
5130,2023-02-24T00:25:45.650000,7463836627,457.15,197.21,78.53,112.82,539.52,936.7,854.89,837.46
5131,2023-02-24T00:25:45.655000,7463836628,453.85,194.43,76.14,110.47,536.73,932.73,851.11,835.16
5132,2023-02-24T00:25:45.660000,7463836629,451.57,192.06,74.61,108.61,533.55,928.91,846.42,833.73
5133,2023-02-24T00:25:45.665000,7463836630,454.85,195,77.54,110.54,536.7,932.6,850.26,835.73
5134,2023-02-24T00:25:45.670000,7463836631,456.69,195.95,77.6,111.12,538.8,935.26,853.58,837.07
5135,2023-02-24T00:25:45.675000,7463836632,453.88,193.15,76.12,109.14,536.87,932.82,850.31,835.16
5136,2023-02-24T00:25:45.680000,7463836633,452.96,192.36,76.98,110.26,535.4,930.09,847.69,834.19
5137,2023-02-24T00:25:45.685000,7463836634,454.41,194.86,77.77,112.01,537.49,933.54,851.5,835.2
5138,2023-02-24T00:25:45.690000,7463836635,453.98,194.88,76.5,109.89,536.32,933.41,852.06,834.92
5139,2023-02-24T00:25:45.695000,7463836636,453.48,193.67,75.55,109.92,535.58,931.91,849.57,834.85
5140,2023-02-24T00:25:45.700000,7463836637,455.38,195.01,78.24,112.28,537.76,934.32,851.52,836.45
5141,2023-02-24T00:25:45.705000,7463836638,455.28,195.36,78.07,111.16,538.63,934.62,852.64,835.4
5142,2023-02-24T00:25:45.710000,7463836639,452.53,192.88,75.34,108.98,535.29,930.73,848.66,833.38
5143,2023-02-24T00:25:45.715000,7463836640,453.2,193.09,76.04,109.69,536.71,931.79,848.84,834.36
5144,2023-02-24T00:25:45.720000,7463836641,457.46,196.98,80.39,113.79,540.14,936.92,853.4,837.67
5145,2023-02-24T00:25:45.725000,7463836642,455.96,194.67,78.15,111.71,538.05,935.09,851.97,836.2
5146,2023-02-24T00:25:45.730000,7463836643,451.58,191.6,74.01,107.49,533.47,930.26,847.2,832.97
5147,2023-02-24T00:25:45.735000,7463836644,453.59,193.65,75.91,109.52,536.44,932.01,849.01,833.95
5148,2023-02-24T00:25:45.740000,7463836645,459.84,200.29,82.33,116.02,544,939.91,856.64,839.5
5149,2023-02-24T00:25:45.745000,7463836646,455.26,195.05,77.55,111.11,539.57,934.24,851.02,835.46
5150,2023-02-24T00:25:45.750000,7463836647,448.95,189.64,71.73,105.85,532.88,926.89,844.37,830.77
5151,2023-02-24T00:25:45.755000,7463836648,452.79,193.82,76.16,109.93,536.56,932.72,849.19,834.22
5152,2023-02-24T00:25:45.760000,7463836649,461.43,201.96,84.09,118.81,545.06,943.97,860.13,841.6
5153,2023-02-24T00:25:45.765000,7463836650,454.7,195.35,77.34,111.18,537.37,935.22,851.27,835.47
5154,2023-02-24T00:25:45.770000,7463836651,447.67,188.92,71.62,105.07,530.83,926.52,843.11,830.6
5155,2023-02-24T00:25:45.775000,7463836652,453.44,194.11,76.81,110.62,537.1,933.09,849.86,835.19
5156,2023-02-24T00:25:45.780000,7463836653,462.41,202.53,84.24,118.43,546.27,942.8,861.64,841.69
5157,2023-02-24T00:25:45.785000,7463836654,455.24,195.3,76.85,110.14,538.13,932.43,850.57,835.21
5158,2023-02-24T00:25:45.790000,7463836655,448.12,188.03,70.87,104.28,531.3,924.37,842.82,830.24
5159,2023-02-24T00:25:45.795000,7463836656,453.6,194.35,77.27,110.04,537.56,933.92,851.8,835.96
5160,2023-02-24T00:25:45.800000,7463836657,461.39,200.98,83.65,117.28,543.1,943.68,861.49,841.6
5161,2023-02-24T00:25:45.805000,7463836658,453.29,193.93,75.5,109.19,534.98,932.33,849.79,834.78
5162,2023-02-24T00:25:45.810000,7463836659,449.02,189.58,71.82,105.93,530.92,925.81,842.74,831.18
5163,2023-02-24T00:25:45.815000,7463836660,454.81,194.93,78.03,111.62,538.14,934.12,852,836.13
5164,2023-02-24T00:25:45.820000,7463836661,462.11,201.04,83.29,117.31,544.71,942.12,861.3,840.39
5165,2023-02-24T00:25:45.825000,7463836662,454.13,193.74,75.32,109.06,536.53,930.29,849.66,834.48
5166,2023-02-24T00:25:45.830000,7463836663,450.71,188.93,72.34,105.94,532.41,924.98,843.84,832.2
5167,2023-02-24T00:25:45.835000,7463836664,455.38,195.03,77.89,111.13,538.75,934.43,852.4,836.2
5168,2023-02-24T00:25:45.840000,7463836665,460.2,199.42,81.96,115.25,541.46,941.37,859.14,839.76
5169,2023-02-24T00:25:45.845000,7463836666,452.7,192.22,75.09,109.36,533.71,931.84,848.7,834.05
5170,2023-02-24T00:25:45.850000,7463836667,451.69,191.3,73.91,108.75,532.68,929.25,845.63,832.36
5171,2023-02-24T00:25:45.855000,7463836668,455.97,195.21,78.1,111.74,538.57,934.39,852.79,836.41
5172,2023-02-24T00:25:45.860000,7463836669,457.9,196.61,78.75,112.33,540.6,935.63,854.76,836.92
5173,2023-02-24T00:25:45.865000,7463836670,453.83,192.16,75.34,108.82,536.08,929.21,848.31,834.09
5174,2023-02-24T00:25:45.870000,7463836671,453.53,192.13,75.97,109.09,536.16,930.3,848.15,834.44
5175,2023-02-24T00:25:45.875000,7463836672,455.51,194.33,77.85,111.16,537.71,935.02,852.29,835.82
5176,2023-02-24T00:25:45.880000,7463836673,454.13,194.22,76.36,110.45,536.34,934.78,852.25,835.35
5177,2023-02-24T00:25:45.885000,7463836674,452.88,192.51,74.16,109.07,533.29,931.63,847.69,833.71
5178,2023-02-24T00:25:45.890000,7463836675,453.51,194.31,77.57,111.24,535.44,932.91,849.78,834.84
5179,2023-02-24T00:25:45.895000,7463836676,455.55,195.2,78.11,111.02,539.12,933.03,851.93,834.98
5180,2023-02-24T00:25:45.900000,7463836677,454.14,193.62,75.56,109.01,537.68,931.06,850.21,833.94
5181,2023-02-24T00:25:45.905000,7463836678,453.75,193.26,75.87,109.24,536.62,929.2,847.75,833.74
5182,2023-02-24T00:25:45.910000,7463836679,455.66,194.76,78.16,110.81,538.79,932.15,849.83,835.69
5183,2023-02-24T00:25:45.915000,7463836680,454,193.53,76.79,110.1,537.89,933.91,850.54,834.14
5184,2023-02-24T00:25:45.920000,7463836681,452.48,192.4,74.54,107.75,534.35,932.23,847.87,832.7
5185,2023-02-24T00:25:45.925000,7463836682,453.06,193.68,76.25,109.81,534.71,932.88,847.96,833.82
5186,2023-02-24T00:25:45.930000,7463836683,455.66,195.11,78.6,112.01,537.84,934.34,850.18,835.47
5187,2023-02-24T00:25:45.935000,7463836684,454.4,194.24,76.42,109.92,537.41,931.86,849.42,833.81
5188,2023-02-24T00:25:45.940000,7463836685,452.79,192.63,74.39,108.14,536.49,929.24,847.14,831.89
5189,2023-02-24T00:25:45.945000,7463836686,454.79,194.31,77.81,110.06,539.12,931.14,849.16,833.98
5190,2023-02-24T00:25:45.950000,7463836687,456.41,195.77,78.94,111.88,540.02,934.28,851.78,835.84
5191,2023-02-24T00:25:45.955000,7463836688,453.66,193.37,75.78,109,535.74,932.67,849.56,833.54
5192,2023-02-24T00:25:45.960000,7463836689,451.64,192.38,74.6,107.93,533.56,932.01,846.88,833.23
5193,2023-02-24T00:25:45.965000,7463836690,454.45,194.3,77.47,110.82,536.3,935.16,850.41,834.66
5194,2023-02-24T00:25:45.970000,7463836691,456.03,195.83,78.51,111.28,537.65,935.19,851.11,835.4
5195,2023-02-24T00:25:45.975000,7463836692,453.74,193.76,76.32,108.9,535.67,930.55,848.18,832.98
5196,2023-02-24T00:25:45.980000,7463836693,453.56,192.59,75.16,109,536.98,929.15,847.55,833.31
5197,2023-02-24T00:25:45.985000,7463836694,456.37,194.56,77.95,110.9,539.35,932.99,851.04,835.65
5198,2023-02-24T00:25:45.990000,7463836695,455.36,194.49,77.92,111.08,538.24,933.61,851.06,835.79
5199,2023-02-24T00:25:45.995000,7463836696,452.76,192.98,75.58,108.81,534.77,931.52,848.43,833.38
5200,2023-02-24T00:25:46,7463836697,453.26,193.6,75.57,109.75,535.12,932.82,848.54,833.76
5201,2023-02-24T00:25:46.005000,7463836698,455.25,195.35,78.05,111.96,537.05,935,851.25,835.46
5202,2023-02-24T00:25:46.010000,7463836699,455.42,195.36,77.42,111.02,537.25,933.52,850.13,834.83
5203,2023-02-24T00:25:46.015000,7463836700,453.79,193,75.78,109.4,536.6,929.93,847.58,832.97
5204,2023-02-24T00:25:46.020000,7463836701,455.41,193.77,76.37,109.58,537.81,930.49,848.92,834.15
5205,2023-02-24T00:25:46.025000,7463836702,455.93,194.39,78.84,111.07,539.59,932.35,850.89,835.09
5206,2023-02-24T00:25:46.030000,7463836703,454.96,193.84,77.02,110.12,537.69,932.23,849.32,834.61
5207,2023-02-24T00:25:46.035000,7463836704,453.53,193.06,75.92,109.76,534.84,931.44,847.55,833.28
5208,2023-02-24T00:25:46.040000,7463836705,455.11,194.67,77.53,111.24,536.27,934.92,850.64,833.84
5209,2023-02-24T00:25:46.045000,7463836706,455.34,195.01,78.43,111.75,537.34,934.71,850.96,834.39
5210,2023-02-24T00:25:46.050000,7463836707,454.37,192.97,75.9,109.52,535.86,930.92,847.51,833.35
5211,2023-02-24T00:25:46.055000,7463836708,454.93,192.95,75.96,109.41,536.41,929.35,846.52,832.86
5212,2023-02-24T00:25:46.060000,7463836709,457.3,195.55,78.47,111.75,540.53,933.5,851.45,835.01
5213,2023-02-24T00:25:46.065000,7463836710,456.22,194.54,77.65,111.28,539.38,932.67,849.53,834.19
5214,2023-02-24T00:25:46.070000,7463836711,453.45,192.44,75.37,109.08,535.16,930.68,846.03,832.55
5215,2023-02-24T00:25:46.075000,7463836712,453.07,193.12,75.86,109.09,534.99,932.53,846.9,832.62
5216,2023-02-24T00:25:46.080000,7463836713,456.76,197.1,79.12,113.42,539.75,937.91,852.93,834.83
5217,2023-02-24T00:25:46.085000,7463836714,454.5,195.07,77.67,111.75,537.04,933.05,848.62,833.09
5218,2023-02-24T00:25:46.090000,7463836715,452.24,192.28,75.02,108.88,534.91,928.27,844.91,831.91
5219,2023-02-24T00:25:46.095000,7463836716,454.74,193.91,76.51,109.67,537.9,929.92,846.92,832.81
5220,2023-02-24T00:25:46.100000,7463836717,458.35,197.24,79.62,112.6,541.91,934.99,851.98,834.47
5221,2023-02-24T00:25:46.105000,7463836718,454.63,194.94,77.24,109.94,538.03,931.52,848.05,832.94
5222,2023-02-24T00:25:46.110000,7463836719,452.04,191.74,74.48,108.39,534.8,928.02,843.87,830.66
5223,2023-02-24T00:25:46.115000,7463836720,454.22,194.62,77.15,110.8,536.37,932.53,847.4,832.82
5224,2023-02-24T00:25:46.120000,7463836721,457.18,197.12,78.98,112.42,538.72,936.27,851.14,833.88
5225,2023-02-24T00:25:46.125000,7463836722,454.78,194.05,77.18,109.97,536.2,931.68,846.71,831.95
5226,2023-02-24T00:25:46.130000,7463836723,451.85,191.98,74.96,108.56,534.07,927.7,843.12,830.27
5227,2023-02-24T00:25:46.135000,7463836724,455.72,194.41,77.53,110.41,538.3,931.52,847.58,833.26
5228,2023-02-24T00:25:46.140000,7463836725,457.88,196.66,78.57,112.21,541.41,934.87,851.22,833.42
5229,2023-02-24T00:25:46.145000,7463836726,453.97,192.91,76.63,109.86,536.87,930.71,846.26,831.54
5230,2023-02-24T00:25:46.150000,7463836727,452.31,191.52,75.29,107.97,534.3,928.67,844.04,831.41
5231,2023-02-24T00:25:46.155000,7463836728,454.93,194.52,77.45,110.59,537.35,932.59,848,832.95
5232,2023-02-24T00:25:46.160000,7463836729,456.18,194.84,77.12,110.75,537.82,934.95,849.91,832.73
5233,2023-02-24T00:25:46.165000,7463836730,454.49,193.2,76.1,109.74,536.24,930.7,845.94,831.46
5234,2023-02-24T00:25:46.170000,7463836731,454.52,193.37,77.51,109.7,536.91,930.63,845.91,832.91
5235,2023-02-24T00:25:46.175000,7463836732,455.56,194.13,77.8,110.13,538.19,932.44,847.94,833.15
5236,2023-02-24T00:25:46.180000,7463836733,454.23,192.69,75.17,107.31,535.49,929.75,846.6,830.38
5237,2023-02-24T00:25:46.185000,7463836734,454.24,192.39,76.06,109.32,535.32,930.35,846.43,831.78
5238,2023-02-24T00:25:46.190000,7463836735,454.97,194.99,77.38,111.3,537.2,932.92,848.04,833.2
5239,2023-02-24T00:25:46.195000,7463836736,455.19,194.75,77.68,111.13,537.17,933.27,848.7,833.54
5240,2023-02-24T00:25:46.200000,7463836737,452.03,190.79,74.06,106.02,533.61,928.2,844.58,828.91
5241,2023-02-24T00:25:46.205000,7463836738,454.74,192.83,76.66,110.28,536.32,930.66,846.66,831.61
5242,2023-02-24T00:25:46.210000,7463836739,457.32,195.91,79.59,112.41,539.55,933.66,850.17,835
5243,2023-02-24T00:25:46.215000,7463836740,455.77,193.7,77.6,109.82,537.46,932,847.72,833.74
5244,2023-02-24T00:25:46.220000,7463836741,449.87,188.53,71.22,103.97,531,926,841.71,828.36
5245,2023-02-24T00:25:46.225000,7463836742,454.61,193.62,76.48,109.95,536.34,932.22,848.37,833.12
5246,2023-02-24T00:25:46.230000,7463836743,458.46,196.73,80.8,114.06,540.25,937.3,852.19,836.28
5247,2023-02-24T00:25:46.235000,7463836744,454.16,193.49,76.65,110.11,536.51,931.77,847.75,831.91
5248,2023-02-24T00:25:46.240000,7463836745,448.64,187.09,70.63,103.16,530.05,922.43,838.36,826.72
5249,2023-02-24T00:25:46.245000,7463836746,456.48,194.47,77.95,110.45,538.35,931.38,848.04,833.35
5250,2023-02-24T00:25:46.250000,7463836747,459.65,198,80.9,114.92,543.19,936.12,853.03,836.92
5251,2023-02-24T00:25:46.255000,7463836748,454.22,192.6,75.99,108.9,536.69,930.22,846.72,832.05
5252,2023-02-24T00:25:46.260000,7463836749,446.87,185.74,69.18,101.58,528.58,922.3,836.97,826.63
5253,2023-02-24T00:25:46.265000,7463836750,456.27,194.33,77.89,111.08,537.75,934.23,849.06,833.29
5254,2023-02-24T00:25:46.270000,7463836751,459.62,198.28,81.55,115.41,541.65,938.92,854.44,836.62
5255,2023-02-24T00:25:46.275000,7463836752,453.46,192.7,75.97,109.13,536.06,930.24,845.64,832.06
5256,2023-02-24T00:25:46.280000,7463836753,447.43,186.19,70.64,102.86,529.46,921.27,836.9,827.24
5257,2023-02-24T00:25:46.285000,7463836754,456.32,194.94,78.67,111.87,539.16,931.55,849.54,834.24
5258,2023-02-24T00:25:46.290000,7463836755,460.31,198.59,81.72,114.6,542.57,936.82,854.34,836.1
5259,2023-02-24T00:25:46.295000,7463836756,453.65,192.68,75.25,108.76,535.68,929.51,845.79,831.87
5260,2023-02-24T00:25:46.300000,7463836757,448.51,187.12,70.36,103.91,529.95,923.79,839.41,827.09
5261,2023-02-24T00:25:46.305000,7463836758,456.95,195.45,78.97,111.69,538.93,934.69,850.54,833.93
5262,2023-02-24T00:25:46.310000,7463836759,459.51,197.57,80.03,114.31,540.83,937.35,853.93,835.86
5263,2023-02-24T00:25:46.315000,7463836760,452.99,191.73,75.82,108.06,534.36,928.75,844.88,831.77
5264,2023-02-24T00:25:46.320000,7463836761,450.02,188.48,72.15,104.84,531.69,923.86,838.79,829.02
5265,2023-02-24T00:25:46.325000,7463836762,457.93,195.36,79.64,112.16,539.96,934.2,851.39,834.35
5266,2023-02-24T00:25:46.330000,7463836763,458.04,196.46,79.07,112.02,539.96,935.58,852.53,834.88
5267,2023-02-24T00:25:46.335000,7463836764,453.53,192.37,75.38,108.24,535.11,929.39,845.03,831.61
5268,2023-02-24T00:25:46.340000,7463836765,451.63,190.68,74.13,107.45,533.66,927.6,843.18,830.31
5269,2023-02-24T00:25:46.345000,7463836766,456.32,194.83,78.97,111.57,539.41,934.22,852.02,833.95
5270,2023-02-24T00:25:46.350000,7463836767,456.56,195.32,77.95,111.01,538.6,933.69,850.93,834.14
5271,2023-02-24T00:25:46.355000,7463836768,454.53,192.4,75.79,108.75,534.84,929.97,845.5,832.78
5272,2023-02-24T00:25:46.360000,7463836769,453.8,191.38,75.92,109.22,534.49,929.49,844.38,833.12
5273,2023-02-24T00:25:46.365000,7463836770,456.69,194.64,78.4,111.66,537.71,934.31,851.21,834.75
5274,2023-02-24T00:25:46.370000,7463836771,455.54,194.55,77.63,109.98,536.86,933.17,850.28,832.81
5275,2023-02-24T00:25:46.375000,7463836772,453.41,193.01,75.98,108.9,535.88,930.88,845.95,831.48
5276,2023-02-24T00:25:46.380000,7463836773,455.09,192.98,77.5,110.36,536.8,930.99,846.78,833.18
5277,2023-02-24T00:25:46.385000,7463836774,455.54,194.78,78.02,110.75,538.7,933.46,849.84,833.72
5278,2023-02-24T00:25:46.390000,7463836775,455.61,193.17,76.21,109.12,537.29,930.84,848.29,832.57
5279,2023-02-24T00:25:46.395000,7463836776,455.04,193.02,77.12,109.1,535.89,930.95,846.67,832.96
5280,2023-02-24T00:25:46.400000,7463836777,456.26,195.11,79.15,111.73,538.56,933.97,848.77,835.08
5281,2023-02-24T00:25:46.405000,7463836778,455.51,193.77,77.29,110.28,536.64,933.51,849.19,833.02
5282,2023-02-24T00:25:46.410000,7463836779,453.52,192.53,75.6,108.35,535.79,931.03,846.38,831.13
5283,2023-02-24T00:25:46.415000,7463836780,455.28,193.18,77.04,110.18,537.01,931.76,847.48,831.47
5284,2023-02-24T00:25:46.420000,7463836781,458.25,195.09,79.67,112.85,539.76,933.88,849.83,834.55
5285,2023-02-24T00:25:46.425000,7463836782,456.11,193.29,76.94,109.21,537.98,930.82,847.49,832.24
5286,2023-02-24T00:25:46.430000,7463836783,453.23,191.84,75.66,108.46,535.16,929.27,845.38,831.18
5287,2023-02-24T00:25:46.435000,7463836784,454.93,194.05,77.01,110.51,536.83,932.44,847.68,833.52
5288,2023-02-24T00:25:46.440000,7463836785,457.19,195.74,79.32,112.21,538.7,935.1,850.07,833.83
5289,2023-02-24T00:25:46.445000,7463836786,453.48,193.33,76.22,108.84,536.44,931.63,846.32,831.42
5290,2023-02-24T00:25:46.450000,7463836787,453.25,192.12,75.8,108.27,536.11,929.94,844.93,831
5291,2023-02-24T00:25:46.455000,7463836788,455.6,194.31,77.95,111.41,538.82,931.75,848.04,833.39
5292,2023-02-24T00:25:46.460000,7463836789,457.01,195.77,78.81,111.97,539.9,932.88,849.92,833.94
5293,2023-02-24T00:25:46.465000,7463836790,453.99,192.78,76.52,109.07,536.11,930.14,846.81,831.93
5294,2023-02-24T00:25:46.470000,7463836791,453.93,192.06,76.02,108.01,535.32,930.35,845.57,832.16
5295,2023-02-24T00:25:46.475000,7463836792,455.89,194.59,77.91,111.35,537.05,934.03,848.87,834.04
5296,2023-02-24T00:25:46.480000,7463836793,456.16,195.37,78.25,112.25,537.39,935.12,849.66,833.83
5297,2023-02-24T00:25:46.485000,7463836794,453.25,192.77,74.97,108.02,535.09,930.84,845.97,830.33
5298,2023-02-24T00:25:46.490000,7463836795,453.67,193.06,75.2,108.97,536.23,930,846.75,830.54
5299,2023-02-24T00:25:46.495000,7463836796,456.39,194.45,78.28,111.15,539.75,931.46,850.14,833.52
5300,2023-02-24T00:25:46.500000,7463836797,455.89,194.82,77.98,111,539.49,930.34,849,833.81
5301,2023-02-24T00:25:46.505000,7463836798,454.23,192.45,75.16,108.32,535.99,929.25,845.59,831.98
5302,2023-02-24T00:25:46.510000,7463836799,453.94,192.69,75.56,108.82,536.15,931.23,846.55,833.12
5303,2023-02-24T00:25:46.515000,7463836800,455.75,195.01,78.1,110.73,537.01,935.03,850.1,834.32
5304,2023-02-24T00:25:46.520000,7463836801,454.74,194.07,77.47,111.1,535.58,933.46,849.37,833.19
5305,2023-02-24T00:25:46.525000,7463836802,453.76,191.98,75.42,108.35,534.22,930.63,846.35,831.05
5306,2023-02-24T00:25:46.530000,7463836803,454.92,194.11,77.1,109.57,537.68,930.81,848.91,832.39
5307,2023-02-24T00:25:46.535000,7463836804,456.22,193.75,77.9,110.55,539.56,931.6,850.38,834.59
5308,2023-02-24T00:25:46.540000,7463836805,455.46,193.49,76.11,109.43,538.37,929.7,847.9,833.46
5309,2023-02-24T00:25:46.545000,7463836806,454.35,192.77,75.03,108.71,535.84,929.47,847.07,833.05
5310,2023-02-24T00:25:46.550000,7463836807,454.32,194.12,76.91,110.2,536.3,933.22,849.26,833.78
5311,2023-02-24T00:25:46.555000,7463836808,455.85,194.87,77.52,110.48,536.15,934.91,850.13,833.7
5312,2023-02-24T00:25:46.560000,7463836809,453.33,192.9,75.69,108.57,534.04,931.19,846.6,832.23
5313,2023-02-24T00:25:46.565000,7463836810,454.08,192.11,75.68,108.5,535.2,930.43,846.96,832.34
5314,2023-02-24T00:25:46.570000,7463836811,456.74,193.59,78.05,110.13,538.62,932.05,850.31,834.69
5315,2023-02-24T00:25:46.575000,7463836812,456.01,193.72,77.95,110.5,538.81,931.36,849.68,834.38
5316,2023-02-24T00:25:46.580000,7463836813,453.77,191.14,75.45,107.98,534.62,928.82,845.13,831.43
5317,2023-02-24T00:25:46.585000,7463836814,454.77,193.16,76.42,109.38,536.6,932.01,847.61,832.51
5318,2023-02-24T00:25:46.590000,7463836815,455.96,194.77,78.31,111.44,538.48,935.7,850.1,833.16
5319,2023-02-24T00:25:46.595000,7463836816,455.83,193.51,77.12,110.52,536.93,933.24,848.69,832.36
5320,2023-02-24T00:25:46.600000,7463836817,453.18,191.27,75.22,108.45,534.4,929.39,844.48,831.28
5321,2023-02-24T00:25:46.605000,7463836818,455.97,193.13,76.31,108.88,537.11,930.08,847.41,832.93
5322,2023-02-24T00:25:46.610000,7463836819,457.77,195.02,77.76,110.52,539.04,932.76,850.44,834.24
5323,2023-02-24T00:25:46.615000,7463836820,455.2,192.91,77.44,109.55,537.04,930.29,848.54,833.23
5324,2023-02-24T00:25:46.620000,7463836821,453.28,191.27,74.52,107.84,534.32,928.48,844.97,831.36
5325,2023-02-24T00:25:46.625000,7463836822,455.46,193.4,76.74,110.55,536.84,932.34,848.2,833.65
5326,2023-02-24T00:25:46.630000,7463836823,457.3,195.64,78.14,111.48,538.99,935.53,850.84,833.59
5327,2023-02-24T00:25:46.635000,7463836824,454.66,193.31,77,109.66,536.96,932.38,847.56,832.2
5328,2023-02-24T00:25:46.640000,7463836825,452.37,190.11,74.59,107.37,534.31,927.25,843.47,830.66
5329,2023-02-24T00:25:46.645000,7463836826,455.76,194.35,76.55,110.58,538.79,931.72,849.01,833.02
5330,2023-02-24T00:25:46.650000,7463836827,458.38,196.15,78.4,111.97,539.94,934.03,851.34,834.64
5331,2023-02-24T00:25:46.655000,7463836828,454.65,193.21,76.04,108.85,536.96,931.28,847.01,832.76
5332,2023-02-24T00:25:46.660000,7463836829,451.19,189.92,74.28,107.56,533.75,928.34,842.87,830.51
5333,2023-02-24T00:25:46.665000,7463836830,455.18,194.27,77.11,110.55,537.58,934.34,848.27,832.8
5334,2023-02-24T00:25:46.670000,7463836831,457.74,195.74,78.57,111.88,539.29,935.46,850.81,834.68
5335,2023-02-24T00:25:46.675000,7463836832,454.29,193.09,75.77,109.85,536.25,930.46,846.72,832.62
5336,2023-02-24T00:25:46.680000,7463836833,453.53,191.57,75.8,107.49,535.12,927.5,845.05,831.95
5337,2023-02-24T00:25:46.685000,7463836834,456.62,194.59,77.81,110.42,539.09,931.42,849.77,834.27
5338,2023-02-24T00:25:46.690000,7463836835,457.77,195.68,77.77,110.6,539.49,933.52,850.84,833.27
5339,2023-02-24T00:25:46.695000,7463836836,455.28,192.91,75.52,109.22,535.92,930.97,847.95,832.4
5340,2023-02-24T00:25:46.700000,7463836837,453.37,192.13,76.34,108.51,535.06,929.72,846.42,832.6
5341,2023-02-24T00:25:46.705000,7463836838,456.53,194,77.39,109.97,536.85,932.94,849.76,833.84
5342,2023-02-24T00:25:46.710000,7463836839,456.8,194.9,77.33,110.11,537.2,932.36,849.89,833.78
5343,2023-02-24T00:25:46.715000,7463836840,455.24,192.5,76.85,109.55,536.2,929.72,847.29,833.26
5344,2023-02-24T00:25:46.720000,7463836841,454.97,193.05,77.44,110.27,536.64,930.18,847.64,834.31
5345,2023-02-24T00:25:46.725000,7463836842,455.69,193.14,77.1,109.73,537.19,932,848.85,833.38
5346,2023-02-24T00:25:46.730000,7463836843,454.32,193.03,75.83,109.44,535.82,931.08,848.58,831.77
5347,2023-02-24T00:25:46.735000,7463836844,454.36,192.86,76.6,109.07,536.74,931.07,848.08,832.4
5348,2023-02-24T00:25:46.740000,7463836845,456.9,194.71,79.07,111.6,538.3,932.52,849.9,834.48
5349,2023-02-24T00:25:46.745000,7463836846,454.99,193.23,76.75,109.21,537.27,930.22,848.23,833.32
5350,2023-02-24T00:25:46.750000,7463836847,453.71,190.97,74.62,107.58,534.53,928.23,845.9,831.55
5351,2023-02-24T00:25:46.755000,7463836848,456.31,193.2,77.81,109.88,536.91,931.69,848.05,833.42
5352,2023-02-24T00:25:46.760000,7463836849,459.54,196.24,80.84,112.74,539.1,936.36,851.64,835.15
5353,2023-02-24T00:25:46.765000,7463836850,454.86,192.5,76.67,108.6,535.75,932.49,847.35,831.59
5354,2023-02-24T00:25:46.770000,7463836851,451.8,190.47,73.71,106.2,532.58,927.13,843.39,828.92
5355,2023-02-24T00:25:46.775000,7463836852,456.4,193.83,78.16,110.69,537.61,931.13,847.71,832.85
5356,2023-02-24T00:25:46.780000,7463836853,460.31,196.88,81.7,114.3,542.25,935.32,852.4,836.55
5357,2023-02-24T00:25:46.785000,7463836854,454.95,191.92,76.24,107.97,536.68,927.96,846.05,831.52
5358,2023-02-24T00:25:46.790000,7463836855,452.08,188.89,73.79,105.91,532.87,925.91,842.12,829.31
5359,2023-02-24T00:25:46.795000,7463836856,457.26,193.81,78.28,111,537.14,933.34,847.5,833.29
5360,2023-02-24T00:25:46.800000,7463836857,461.1,197.79,81.35,114.43,540.35,939.05,852.49,835.6
5361,2023-02-24T00:25:46.805000,7463836858,453.79,192.13,75.3,108.21,533.63,930.29,844.73,830.57
5362,2023-02-24T00:25:46.810000,7463836859,451.44,188.94,73.11,105.34,532.09,925.71,840.95,827.93
5363,2023-02-24T00:25:46.815000,7463836860,457.97,194.95,78.98,111.66,540.1,931.79,849.94,833.43
5364,2023-02-24T00:25:46.820000,7463836861,461.79,199.08,82.45,114.73,544.54,935.76,854.49,836.68
5365,2023-02-24T00:25:46.825000,7463836862,453.45,190.6,74.7,107.26,534.98,925.92,843.71,830.3
5366,2023-02-24T00:25:46.830000,7463836863,450.64,189.31,72.79,105.72,532.25,925.34,840.14,828.35
5367,2023-02-24T00:25:46.835000,7463836864,457.77,195.68,78.7,112.62,538.72,936.09,850.31,833.71
5368,2023-02-24T00:25:46.840000,7463836865,460.89,198.96,82.01,114.63,541.64,940.06,854.93,835.42
5369,2023-02-24T00:25:46.845000,7463836866,452.92,190.17,74.21,106.97,532.59,927.26,842.58,828.97
5370,2023-02-24T00:25:46.850000,7463836867,451.44,188.42,72.93,105.74,532.86,923.3,840.57,828.31
5371,2023-02-24T00:25:46.855000,7463836868,458.39,195.79,80.06,111.83,541.59,931.98,850.51,834.66
5372,2023-02-24T00:25:46.860000,7463836869,461.12,198.25,81.88,114.14,543.04,934.91,853.48,836.18
5373,2023-02-24T00:25:46.865000,7463836870,452.9,189.78,74.14,107.17,533.36,925.67,841.75,829.93
5374,2023-02-24T00:25:46.870000,7463836871,452.23,189.01,74.02,106.87,531.71,926.66,841.24,829.47
5375,2023-02-24T00:25:46.875000,7463836872,457.95,195.7,79.44,111.41,537.78,936.57,851.08,833.33
5376,2023-02-24T00:25:46.880000,7463836873,459.36,197.62,79.83,112.47,539.31,937.22,852.83,834.19
5377,2023-02-24T00:25:46.885000,7463836874,453.02,190.42,74.25,106.43,533.43,925.65,841.96,829.55
5378,2023-02-24T00:25:46.890000,7463836875,454.12,190.16,74.69,107.02,535.07,924.56,842.65,831.23
5379,2023-02-24T00:25:46.895000,7463836876,458.87,195.33,79,111.67,541.48,931.86,850.99,834.33
5380,2023-02-24T00:25:46.900000,7463836877,458.66,196.03,79.14,111.37,539.66,932.48,851.23,833.85
5381,2023-02-24T00:25:46.905000,7463836878,452.5,191.01,74.38,107.24,533.44,927.76,842.97,830.65
5382,2023-02-24T00:25:46.910000,7463836879,453.89,192.1,75.75,108.3,533.79,930.49,844.72,831.6
5383,2023-02-24T00:25:46.915000,7463836880,457.36,194.62,78.09,111.58,537.36,934.82,850.03,832.89
5384,2023-02-24T00:25:46.920000,7463836881,456.78,194.1,77.34,110.56,537.25,932.08,847.92,831.65
5385,2023-02-24T00:25:46.925000,7463836882,454.26,191.34,74.8,108.71,535.56,926.5,843.15,830.44
5386,2023-02-24T00:25:46.930000,7463836883,456.61,193.55,77.5,110.1,538.7,927.81,845.41,832.6
5387,2023-02-24T00:25:46.935000,7463836884,456.9,194.73,78.77,110.5,539.95,930.06,848.37,832.55
5388,2023-02-24T00:25:46.940000,7463836885,456.36,193.03,76.21,109.11,537.52,929.11,846.57,831.11
5389,2023-02-24T00:25:46.945000,7463836886,454.51,191.99,75.73,109.33,534.44,929.65,844.74,830.78
5390,2023-02-24T00:25:46.950000,7463836887,455.77,193.87,77.68,111.13,536.24,933.24,846.86,832.04
5391,2023-02-24T00:25:46.955000,7463836888,456.4,193.41,77.55,110.95,536.76,933.05,848.43,832.31
5392,2023-02-24T00:25:46.960000,7463836889,456.6,191.55,75.82,109.35,535.66,929.91,844.99,831.23
5393,2023-02-24T00:25:46.965000,7463836890,456.57,191.77,77.16,109.67,537.24,928.43,844.97,831.87
5394,2023-02-24T00:25:46.970000,7463836891,457.34,193.43,77.86,110.99,539.16,929.98,847.11,832.47
5395,2023-02-24T00:25:46.975000,7463836892,456.29,192.79,77.11,109.27,537.8,930.36,846.61,831.12
5396,2023-02-24T00:25:46.980000,7463836893,454.22,190.85,74.8,107.31,535.16,928.5,844.67,829.25
5397,2023-02-24T00:25:46.985000,7463836894,456.59,193.7,76.99,110.25,536.43,931.5,846.72,831.74
5398,2023-02-24T00:25:46.990000,7463836895,457.63,194.55,78.24,111.11,537.88,932.45,847.75,832.87
5399,2023-02-24T00:25:46.995000,7463836896,456.46,192.26,76.45,108.28,536.73,930.07,846.21,831.03
5400,2023-02-24T00:25:47,7463836897,455.48,191.13,75.4,107.67,535.43,927.81,843.2,830.19
5401,2023-02-24T00:25:47.005000,7463836898,458.41,193.91,78.7,110.85,539.25,930.95,847.2,832.46
5402,2023-02-24T00:25:47.010000,7463836899,457.02,194.56,78.92,110.96,539.37,932.38,847.52,832.51
5403,2023-02-24T00:25:47.015000,7463836900,454.36,192.85,75.33,107.78,535.97,929.91,844.74,829.25
5404,2023-02-24T00:25:47.020000,7463836901,453.76,191.48,75.1,108.02,535.44,928.95,843.55,828.62
5405,2023-02-24T00:25:47.025000,7463836902,457.2,194.95,78.59,111.88,539.41,932.81,847.54,831.71
5406,2023-02-24T00:25:47.030000,7463836903,457.39,195.37,78.89,111.09,538.11,931.48,847.3,831.63
5407,2023-02-24T00:25:47.035000,7463836904,454.99,192.26,75.56,108.65,536.27,928.33,843.83,829.93
5408,2023-02-24T00:25:47.040000,7463836905,454.92,191.73,76.09,108.09,536.54,928.68,843.63,830.03
5409,2023-02-24T00:25:47.045000,7463836906,456.91,194.72,78.9,110.59,538.87,931.65,847.24,832.68
5410,2023-02-24T00:25:47.050000,7463836907,456.76,193.86,77.88,110.82,537.72,932.02,846.35,831.45
5411,2023-02-24T00:25:47.055000,7463836908,454.51,191.8,75.49,107.45,535.18,929.78,843.33,829.9
5412,2023-02-24T00:25:47.060000,7463836909,454.69,192.73,76.81,108.44,536.17,929.24,844.83,830.07
5413,2023-02-24T00:25:47.065000,7463836910,457.95,194.86,79.8,111.7,539.06,931.59,847.6,832.47
5414,2023-02-24T00:25:47.070000,7463836911,456.92,194.21,78.15,110.13,537.49,930.19,846.07,831.29
5415,2023-02-24T00:25:47.075000,7463836912,454.33,192.3,76.53,107.9,536.17,927.37,843.54,829.61
5416,2023-02-24T00:25:47.080000,7463836913,454.51,192.59,77.06,108.56,536.1,929.47,845.14,829.89
5417,2023-02-24T00:25:47.085000,7463836914,457.06,193.73,78.69,110.56,538.09,932.89,847.17,831.12
5418,2023-02-24T00:25:47.090000,7463836915,456.34,193.43,77.55,109.68,537.21,931.01,845.2,830.14
5419,2023-02-24T00:25:47.095000,7463836916,454.69,192.33,76.12,108.24,535.95,928.87,843.37,829.43
5420,2023-02-24T00:25:47.100000,7463836917,455.32,193.15,77.86,109.63,537.42,929.85,845.17,830.34
5421,2023-02-24T00:25:47.105000,7463836918,456.49,194.18,78.56,110.78,538.56,930.54,846.83,832.28
5422,2023-02-24T00:25:47.110000,7463836919,455.65,193.83,77.65,109.37,536.91,929.13,844.27,830.53
5423,2023-02-24T00:25:47.115000,7463836920,453.9,192.48,75.96,108.29,535.91,929.52,843.47,829.83
5424,2023-02-24T00:25:47.120000,7463836921,455.05,194.14,76.93,109.29,536.66,931.43,844.75,829.52
5425,2023-02-24T00:25:47.125000,7463836922,455.97,194.67,78.2,110.72,537.64,932.03,846.11,830.43
5426,2023-02-24T00:25:47.130000,7463836923,454.58,193.52,76.13,109.07,536.27,929.84,844.74,828.99
5427,2023-02-24T00:25:47.135000,7463836924,454.86,192.64,75.85,108.6,537.56,928.31,843.34,828.95
5428,2023-02-24T00:25:47.140000,7463836925,456.49,194.54,77.63,110.2,539.79,929.32,845.74,831.59
5429,2023-02-24T00:25:47.145000,7463836926,456.5,193.73,78.37,109.68,538.81,928.69,845.01,831.11
5430,2023-02-24T00:25:47.150000,7463836927,454.81,191.74,76.11,107.64,536.41,927.93,842.79,829.94
5431,2023-02-24T00:25:47.155000,7463836928,455.38,193.03,77.49,109.37,536.09,930.87,844.25,830.45
5432,2023-02-24T00:25:47.160000,7463836929,457.36,194.35,78.29,110.1,537.16,933.72,846.57,830.73
5433,2023-02-24T00:25:47.165000,7463836930,455.11,193.26,77.27,109.05,535.32,930.57,843.52,829.66
5434,2023-02-24T00:25:47.170000,7463836931,454.59,192.31,76.21,108.41,535.22,927.72,842.58,829.02
5435,2023-02-24T00:25:47.175000,7463836932,456.67,193.8,77.52,108.87,538.45,928.38,845.08,830.76
5436,2023-02-24T00:25:47.180000,7463836933,457.84,195.91,79.39,110.82,541.5,931.24,848.02,832.77
5437,2023-02-24T00:25:47.185000,7463836934,455.16,193.11,76.51,109.2,537.46,927.87,844.63,830.5
5438,2023-02-24T00:25:47.190000,7463836935,452.79,191.87,75.72,107.09,534.26,928.37,842.63,829.46
5439,2023-02-24T00:25:47.195000,7463836936,456.08,194.33,77.62,110.03,536.24,932.9,846.14,830.87
5440,2023-02-24T00:25:47.200000,7463836937,458.64,196.35,79.47,111.71,538.67,935.84,848.76,832.24
5441,2023-02-24T00:25:47.205000,7463836938,455.05,192.51,76.29,109.19,534.93,929.83,843.73,829.51
5442,2023-02-24T00:25:47.210000,7463836939,453.92,191.12,76.12,107.71,535.74,926.83,841.82,829.48
5443,2023-02-24T00:25:47.215000,7463836940,457.87,194.71,78.14,109.51,539.38,928.79,846.04,831.25
5444,2023-02-24T00:25:47.220000,7463836941,458.81,196.05,79.19,111.32,541.48,932.37,848.88,832.74
5445,2023-02-24T00:25:47.225000,7463836942,453.73,192.47,76.18,108.59,536.63,928.06,843.26,829.89
5446,2023-02-24T00:25:47.230000,7463836943,452.92,191.77,76.25,107.92,535.54,928.72,842.43,828.99
5447,2023-02-24T00:25:47.235000,7463836944,455.94,194.54,77.56,110.2,536.71,933.32,846.08,829.96
5448,2023-02-24T00:25:47.240000,7463836945,458.24,195.38,78.4,110.5,537.93,934.41,848.27,830.94
5449,2023-02-24T00:25:47.245000,7463836946,454.78,193.09,76.16,108.05,536.43,928.87,843.42,830.42
5450,2023-02-24T00:25:47.250000,7463836947,455.07,192.31,76.2,108.16,536.45,927.34,843.75,830.46
5451,2023-02-24T00:25:47.255000,7463836948,457.09,194.03,78.14,109.74,539.66,929.71,846.55,831.98
5452,2023-02-24T00:25:47.260000,7463836949,457.25,194.13,77.94,109.9,539.71,931.67,847.35,831.58
5453,2023-02-24T00:25:47.265000,7463836950,455.37,192.43,77.09,108.85,536.25,931.02,844.75,830.35
5454,2023-02-24T00:25:47.270000,7463836951,455.41,192.63,77.58,109.48,535.44,931.26,845.54,830.38
5455,2023-02-24T00:25:47.275000,7463836952,456.61,193,77.67,109.39,536.39,931.83,846.43,830.2
5456,2023-02-24T00:25:47.280000,7463836953,455.5,193.16,76.32,108.25,536.28,930.47,845.2,830.28
5457,2023-02-24T00:25:47.285000,7463836954,457.32,193.65,77.67,110.25,538.05,929.7,845.47,832.08
5458,2023-02-24T00:25:47.290000,7463836955,456.62,193.73,78.35,110.49,539.62,930.07,846.37,832.56
5459,2023-02-24T00:25:47.295000,7463836956,455.19,192.47,76.75,108.92,538.31,929.24,845.64,830.4
5460,2023-02-24T00:25:47.300000,7463836957,454.44,191.96,75.35,107.84,536.06,929.67,844.8,829.1
5461,2023-02-24T00:25:47.305000,7463836958,455.94,193.65,77.93,110.56,537.06,932.65,847.13,831.06
5462,2023-02-24T00:25:47.310000,7463836959,457.67,194.83,78.88,111.55,538.27,934.31,848.35,832.6
5463,2023-02-24T00:25:47.315000,7463836960,456.05,191.97,76.37,108.85,536.07,931.03,845.66,830.78
5464,2023-02-24T00:25:47.320000,7463836961,453.54,190.28,74.56,106.35,535.16,926.88,842.75,828.64
5465,2023-02-24T00:25:47.325000,7463836962,457.96,194.47,78.61,111,540.38,931.56,847.54,832.96
5466,2023-02-24T00:25:47.330000,7463836963,459.59,195.81,79.97,112.87,542.5,933.27,850.18,833.78
5467,2023-02-24T00:25:47.335000,7463836964,454.03,191.38,75.91,107.19,536.04,928.62,843.11,829.69
5468,2023-02-24T00:25:47.340000,7463836965,451.24,188.08,73.41,105.29,531.75,925.38,840.35,827.02
5469,2023-02-24T00:25:47.345000,7463836966,460.35,195.93,80.22,112.07,539.3,934.65,849.67,833.34
5470,2023-02-24T00:25:47.350000,7463836967,461.1,196.39,81.2,112.92,541,935.97,851.83,835.01
5471,2023-02-24T00:25:47.355000,7463836968,454.35,190.03,74.97,106.3,534.06,926.82,843.38,830.38
5472,2023-02-24T00:25:47.360000,7463836969,450.82,187.03,71.97,103.57,531.36,922.18,839.43,827.43
5473,2023-02-24T00:25:47.365000,7463836970,460,196.34,80.52,112.98,541.41,934.39,851.53,834.15
5474,2023-02-24T00:25:47.370000,7463836971,460.83,198.35,81.23,113.78,543.48,936.47,852.55,834.97
5475,2023-02-24T00:25:47.375000,7463836972,452.72,190.39,74.04,105.77,533.81,927.04,842.3,828.26
5476,2023-02-24T00:25:47.380000,7463836973,450.16,188.26,72.07,104.04,530.71,923.7,839.71,826.17
5477,2023-02-24T00:25:47.385000,7463836974,459.52,197.02,80.79,113.32,541.58,935.83,852.27,833.95
5478,2023-02-24T00:25:47.390000,7463836975,460.88,198.02,81.78,113.31,541.68,937.02,852.06,834.81
5479,2023-02-24T00:25:47.395000,7463836976,452.71,189.92,75.38,107.13,534.25,927.36,841.9,828.25
5480,2023-02-24T00:25:47.400000,7463836977,451.15,188.46,73.78,104.81,532.11,925.25,839.47,827.37
5481,2023-02-24T00:25:47.405000,7463836978,459.7,196.73,80.31,112.94,542.53,936.29,851.36,834.26
5482,2023-02-24T00:25:47.410000,7463836979,459.49,196.36,79.83,112.09,541.21,935.25,851.21,833.56
5483,2023-02-24T00:25:47.415000,7463836980,453.49,190.5,74.23,106.71,534.77,925.79,841.79,829.07
5484,2023-02-24T00:25:47.420000,7463836981,453.71,189.67,75.03,106.89,534.16,924.8,841.9,828.73
5485,2023-02-24T00:25:47.425000,7463836982,460.41,196.62,80.64,112.51,541.64,934.84,851.69,833.33
5486,2023-02-24T00:25:47.430000,7463836983,458.94,195.43,79.45,110.84,540.32,933.84,850.14,833.01
5487,2023-02-24T00:25:47.435000,7463836984,453.81,190.26,75.29,106.46,533.37,926.94,842.24,828.9
5488,2023-02-24T00:25:47.440000,7463836985,454.24,190.2,76.14,107.59,534.27,928.41,842.49,829.97
5489,2023-02-24T00:25:47.445000,7463836986,459.39,195.11,79.89,111.82,539.39,936.28,850.79,833.85
5490,2023-02-24T00:25:47.450000,7463836987,457.33,193.79,78.17,109.97,538.29,932.43,849.04,832.01
5491,2023-02-24T00:25:47.455000,7463836988,454.39,190.09,75.53,106.99,534.63,926.4,843.45,830.23
5492,2023-02-24T00:25:47.460000,7463836989,456.05,191.9,77.12,109.43,536.49,928.44,845.19,831.68
5493,2023-02-24T00:25:47.465000,7463836990,458.86,195.11,79.03,111.39,539.73,932.86,849.87,833.37
5494,2023-02-24T00:25:47.470000,7463836991,456.55,193.57,77.16,109.7,537.14,930.9,847.2,831.56
5495,2023-02-24T00:25:47.475000,7463836992,454.49,191.68,75.65,108.97,534.92,928.99,843.57,829.6
5496,2023-02-24T00:25:47.480000,7463836993,456.28,192.73,77.73,110.3,537.17,930.96,846.08,832.06
5497,2023-02-24T00:25:47.485000,7463836994,458.13,194.08,78.35,110.95,538.71,932.28,848.65,832.17
5498,2023-02-24T00:25:47.490000,7463836995,456.65,193.21,76.75,108.74,538.06,929.7,845.72,830.13
5499,2023-02-24T00:25:47.495000,7463836996,455.64,192.62,77.22,109.03,537.5,928.13,843.77,830.69
5500,2023-02-24T00:25:47.500000,7463836997,458.01,194.53,78.94,110.83,539.97,931.03,846.98,832.56
5501,2023-02-24T00:25:47.505000,7463836998,456.42,193.31,77.67,109.24,538.27,931.39,846.66,831.62
5502,2023-02-24T00:25:47.510000,7463836999,455.45,191.22,75.79,107.81,535.32,929.55,845.21,829.62
5503,2023-02-24T00:25:47.515000,7463837000,456.84,192.93,78.2,109.45,536.23,931.46,845.47,831.48
5504,2023-02-24T00:25:47.520000,7463837001,458.27,193.96,79.24,111.08,539.1,932.74,847.07,832.35
5505,2023-02-24T00:25:47.525000,7463837002,455.76,192.12,76.72,108.5,537.14,929.31,845.51,830.52
5506,2023-02-24T00:25:47.530000,7463837003,455.44,191.51,76.1,107.79,536.17,926.9,843.89,830.07
5507,2023-02-24T00:25:47.535000,7463837004,456.97,193.57,77.3,109.76,538.67,929.79,845.8,831.52
5508,2023-02-24T00:25:47.540000,7463837005,458.25,194.99,79.26,111.29,539.15,931.48,848.32,832.29
5509,2023-02-24T00:25:47.545000,7463837006,455.14,192.07,75.79,108.03,535.36,929.74,844.71,829.33
5510,2023-02-24T00:25:47.550000,7463837007,455.17,191.17,75.92,107.68,534.56,929.35,845.22,830.06
5511,2023-02-24T00:25:47.555000,7463837008,457.64,193.23,78.15,109.75,537.75,931.75,846.96,832
5512,2023-02-24T00:25:47.560000,7463837009,457.96,194.26,78.81,110.71,538.37,931.4,847.72,832.79
5513,2023-02-24T00:25:47.565000,7463837010,454.87,191.25,75.98,108,535.4,927.21,844.36,829.34
5514,2023-02-24T00:25:47.570000,7463837011,454.9,191.75,76.11,107.48,536.04,927.85,844.23,830.47
5515,2023-02-24T00:25:47.575000,7463837012,457.2,193.85,79.33,111.27,538.93,931.66,847.98,832.67
5516,2023-02-24T00:25:47.580000,7463837013,458.12,194.76,79.48,111.06,538.59,932.09,848.59,832.15
5517,2023-02-24T00:25:47.585000,7463837014,454.28,191.34,75.17,106.68,534.65,928.74,843.83,828.71
5518,2023-02-24T00:25:47.590000,7463837015,456.19,191.33,76.61,108.8,535.25,929.14,845.14,829.83
5519,2023-02-24T00:25:47.595000,7463837016,458.31,193.85,78.94,110.72,538.23,932.56,847.81,832.28
5520,2023-02-24T00:25:47.600000,7463837017,458.23,193.71,78.9,110.68,538.56,931.06,847.59,832.5
5521,2023-02-24T00:25:47.605000,7463837018,454.91,190.52,75.5,107.55,535.3,927.35,844.45,830.02
5522,2023-02-24T00:25:47.610000,7463837019,456.11,191.27,76.53,108.07,536.73,928,845.12,830.71
5523,2023-02-24T00:25:47.615000,7463837020,457.95,193.53,79.33,110.63,538.67,931.53,848.27,832.56
5524,2023-02-24T00:25:47.620000,7463837021,457.55,193.4,78.02,109.96,537.61,931.49,846.95,831.56
5525,2023-02-24T00:25:47.625000,7463837022,455.64,190.9,74.95,106.61,534.35,927.43,842.96,829.13
5526,2023-02-24T00:25:47.630000,7463837023,456.27,191.97,76.67,107.33,536.31,928.88,844.63,830.33
5527,2023-02-24T00:25:47.635000,7463837024,458.12,194.19,79.13,110.67,538.82,931.78,847.51,832.34
5528,2023-02-24T00:25:47.640000,7463837025,457.28,193.61,78.33,110.43,537.48,931.04,845.79,831.34
5529,2023-02-24T00:25:47.645000,7463837026,454.23,191.52,75.37,107.83,535.41,927.31,843.19,829.32
5530,2023-02-24T00:25:47.650000,7463837027,455.72,191.94,77.23,108.82,537.46,929.35,844.84,830.22
5531,2023-02-24T00:25:47.655000,7463837028,457.5,193.38,78.63,110.37,539.5,931.45,846.69,830.93
5532,2023-02-24T00:25:47.660000,7463837029,457.77,192.69,77.22,109.47,537.74,929.96,845.18,830.46
5533,2023-02-24T00:25:47.665000,7463837030,456.16,191.25,75.99,107.45,535.49,928.19,843.05,829.7
5534,2023-02-24T00:25:47.670000,7463837031,457,191.85,77.3,109.47,537.4,930.72,845.1,829.73
5535,2023-02-24T00:25:47.675000,7463837032,457.5,192.88,78.89,110.44,538.33,932.08,846.86,831.68
5536,2023-02-24T00:25:47.680000,7463837033,456.77,193.36,78.2,109.63,537.84,930.15,845.26,830.37
5537,2023-02-24T00:25:47.685000,7463837034,456.6,192.04,76.69,108.37,537.04,928,842.35,828.94
5538,2023-02-24T00:25:47.690000,7463837035,457.51,192.22,77.13,109.41,538.56,929.58,844.82,829.35
5539,2023-02-24T00:25:47.695000,7463837036,458.64,192.94,78.21,110.32,538.99,930.23,846.22,830.4
5540,2023-02-24T00:25:47.700000,7463837037,456.91,192.03,76.57,108.44,536.63,928.65,844.07,829.69
5541,2023-02-24T00:25:47.705000,7463837038,456.57,192,76.55,108.25,535.94,928.8,843.24,829.28
5542,2023-02-24T00:25:47.710000,7463837039,457.88,192.91,78.4,109.87,537.35,930.99,845.31,830.47
5543,2023-02-24T00:25:47.715000,7463837040,457.39,192.94,77.92,109.68,537.1,930.38,844.83,830.46
5544,2023-02-24T00:25:47.720000,7463837041,456.14,191.56,76.9,108.65,535.9,927.8,842.68,829.26
5545,2023-02-24T00:25:47.725000,7463837042,457.03,192.71,77.67,109.23,537.65,928.21,844.26,829.98
5546,2023-02-24T00:25:47.730000,7463837043,458,194.2,78.4,110.01,538.4,929.43,845.84,831.23
5547,2023-02-24T00:25:47.735000,7463837044,456.88,192.88,77.53,109.6,537.25,928.73,844.94,830.15
5548,2023-02-24T00:25:47.740000,7463837045,456.02,190.19,75.28,107.49,534.88,926.77,842.92,829.03
5549,2023-02-24T00:25:47.745000,7463837046,457.37,192.8,77.75,109.57,536.19,930.94,845.76,830.82
5550,2023-02-24T00:25:47.750000,7463837047,459.22,193.68,78.87,110.33,536.44,933.24,847.52,831.53
5551,2023-02-24T00:25:47.755000,7463837048,456.14,191.55,77.67,108.2,535.31,928.61,844.06,829.75
5552,2023-02-24T00:25:47.760000,7463837049,455.02,189.72,75.94,106.95,534.79,924.7,841.85,828.85
5553,2023-02-24T00:25:47.765000,7463837050,458.27,193.37,77.85,109.94,539.16,928.57,845.72,830.34
5554,2023-02-24T00:25:47.770000,7463837051,458.94,194.75,78.89,110.96,539.92,929.84,847.48,831.68
5555,2023-02-24T00:25:47.775000,7463837052,455.67,192.48,76.6,109.46,535.52,927.28,843.68,829.64
5556,2023-02-24T00:25:47.780000,7463837053,453.79,190.3,75.07,107.07,533.48,926.18,841.02,828.56
5557,2023-02-24T00:25:47.785000,7463837054,457.72,193.96,78.24,110.11,536.94,932.07,846.09,830.15
5558,2023-02-24T00:25:47.790000,7463837055,458.1,193.96,78.41,109.94,537.35,931.79,845.68,829.81
5559,2023-02-24T00:25:47.795000,7463837056,455.89,191.83,76.64,108.49,536,927.86,842.17,828.15
5560,2023-02-24T00:25:47.800000,7463837057,455.23,190.61,75.94,107.24,536.76,925.16,840.75,827.83
5561,2023-02-24T00:25:47.805000,7463837058,458.95,193.9,78.7,110.21,540.18,929.87,845.63,829.96
5562,2023-02-24T00:25:47.810000,7463837059,458.89,193.88,77.98,109.91,538.9,929.63,845.54,829.56
5563,2023-02-24T00:25:47.815000,7463837060,455.62,191.61,76.51,108.33,535.02,927.71,841.87,828
5564,2023-02-24T00:25:47.820000,7463837061,455.14,191.36,76.63,108.3,534.88,928.06,841.69,827.69
5565,2023-02-24T00:25:47.825000,7463837062,457.18,193.21,78.02,109.96,536.4,930.79,844.53,829.66
5566,2023-02-24T00:25:47.830000,7463837063,457.35,193.72,78.14,109.44,536.24,930.28,845.07,828.99
5567,2023-02-24T00:25:47.835000,7463837064,456.37,192.76,77.82,108.91,536.97,927.19,842.73,829
5568,2023-02-24T00:25:47.840000,7463837065,456.91,192.61,78.01,109.11,537.83,926.75,842.78,829.51
5569,2023-02-24T00:25:47.845000,7463837066,456.25,192.67,77.64,108.49,537.98,927.59,843.2,828.23
5570,2023-02-24T00:25:47.850000,7463837067,454.61,191.9,76.49,108.32,535.27,927.5,842.1,827.44
5571,2023-02-24T00:25:47.855000,7463837068,456.72,192.81,77.65,110.1,536.18,929.81,843.65,828.94
5572,2023-02-24T00:25:47.860000,7463837069,457.49,193.81,79.44,111.2,536.98,930.99,844.15,829.2
5573,2023-02-24T00:25:47.865000,7463837070,456.18,191.81,76.54,108.14,535.15,928.34,842.07,827.2
5574,2023-02-24T00:25:47.870000,7463837071,456.14,191.35,76.08,107.53,535.27,926.41,840.85,826.69
5575,2023-02-24T00:25:47.875000,7463837072,458.48,193.6,79.05,110.6,539.08,929.06,844.59,830.35
5576,2023-02-24T00:25:47.880000,7463837073,459.75,195.35,80.46,111.6,540.9,930.56,846.26,831.98
5577,2023-02-24T00:25:47.885000,7463837074,453.75,190.34,75.43,106.77,534.36,925.6,839.83,826.55
5578,2023-02-24T00:25:47.890000,7463837075,453.9,190.6,75.57,106.82,533.36,926.57,840.16,826.75
5579,2023-02-24T00:25:47.895000,7463837076,458.07,194.19,79.55,110.86,538.34,932.11,846.49,830.68
5580,2023-02-24T00:25:47.900000,7463837077,460.15,196.06,81.36,112.52,539.95,933.26,848.2,831.51
5581,2023-02-24T00:25:47.905000,7463837078,454.23,189.72,73.95,105.64,533.98,924.07,839.7,827.05
5582,2023-02-24T00:25:47.910000,7463837079,453.97,189.59,75.36,105.8,535.14,924.21,839.52,827.29
5583,2023-02-24T00:25:47.915000,7463837080,460.56,196.32,80.59,111.83,541.54,932.42,847.92,831.83
5584,2023-02-24T00:25:47.920000,7463837081,461.77,196.43,81.12,112.67,542.11,933.87,848.92,833.06
5585,2023-02-24T00:25:47.925000,7463837082,452.51,188.32,73.71,105.16,531.67,924.24,838.02,825.14
5586,2023-02-24T00:25:47.930000,7463837083,452.59,189.27,73.77,105.38,531.65,925.38,839.59,825.4
5587,2023-02-24T00:25:47.935000,7463837084,460.54,196.16,80.55,112.82,539.63,934.52,848.59,831.52
5588,2023-02-24T00:25:47.940000,7463837085,461.45,196.98,81.8,112.81,542.07,933.94,850.27,832.65
5589,2023-02-24T00:25:47.945000,7463837086,452.53,188.83,73.47,104.36,532.92,920.67,836.51,826.58
5590,2023-02-24T00:25:47.950000,7463837087,453.87,189.39,74.5,106.22,534.88,923.06,838.03,827.33
5591,2023-02-24T00:25:47.955000,7463837088,460.56,196,81.18,112.19,541.72,933.19,848.2,831.8
5592,2023-02-24T00:25:47.960000,7463837089,459.64,196.09,79.88,112.12,540.65,933.98,848.08,831.63
5593,2023-02-24T00:25:47.965000,7463837090,452.23,188.4,73.52,105.65,531.15,923.57,837.46,825.42
5594,2023-02-24T00:25:47.970000,7463837091,454.27,190.19,75.94,107.65,533.28,925.92,840.07,826.74
5595,2023-02-24T00:25:47.975000,7463837092,459.74,195.85,80.53,111.86,540.52,932.46,848.1,830.71
5596,2023-02-24T00:25:47.980000,7463837093,459.17,194.57,78.77,110.32,540.04,930.87,846.62,830.7
5597,2023-02-24T00:25:47.985000,7463837094,453.56,188.63,74.31,105.03,533.91,923.02,837.76,826.91
5598,2023-02-24T00:25:47.990000,7463837095,455.8,190.59,76.61,107.42,535.27,926.61,841,828.26
5599,2023-02-24T00:25:47.995000,7463837096,459.18,194,79.27,111.2,539.32,933.39,846.71,830.54
5600,2023-02-24T00:25:48,7463837097,458,193.92,78.47,110.33,537.91,931.57,845.62,829.51
5601,2023-02-24T00:25:48.005000,7463837098,454.5,189.86,75.26,106.87,533.43,924.8,839.14,826.63
5602,2023-02-24T00:25:48.010000,7463837099,457.17,191.68,77.23,108.89,537.28,927.65,842.26,828.32
5603,2023-02-24T00:25:48.015000,7463837100,459.52,194.33,78.75,110.55,540.17,931.25,846.14,829.69
5604,2023-02-24T00:25:48.020000,7463837101,457.65,191.56,76.66,108.64,538.56,927.66,842.57,829.05
5605,2023-02-24T00:25:48.025000,7463837102,454.83,190.06,76.23,108.21,535.32,926.3,838.95,828.03
5606,2023-02-24T00:25:48.030000,7463837103,456.88,191.88,78.37,109.35,536.49,929.71,843.01,829.25
5607,2023-02-24T00:25:48.035000,7463837104,458.71,192.55,78.39,110.57,538.04,932.35,846.62,829.6
5608,2023-02-24T00:25:48.040000,7463837105,457.36,191.88,76.95,108.51,535.41,929.07,842.95,828.64
5609,2023-02-24T00:25:48.045000,7463837106,457.39,191.22,76.55,107.87,536.23,925.93,841.22,828.63
5610,2023-02-24T00:25:48.050000,7463837107,458.71,193.11,77.96,109.4,539.14,927.03,843.02,829.59
5611,2023-02-24T00:25:48.055000,7463837108,458.95,193.16,78.21,109.34,539.35,929.13,845.12,829.59
5612,2023-02-24T00:25:48.060000,7463837109,457.57,191.72,76.67,107.65,536.63,927.51,842.91,828.99
5613,2023-02-24T00:25:48.065000,7463837110,457.06,192.27,78.04,109.3,536.1,928.82,843.58,829.97
5614,2023-02-24T00:25:48.070000,7463837111,458.21,193.14,78.48,109.99,536.86,931.72,845.47,830.94
5615,2023-02-24T00:25:48.075000,7463837112,457,192.37,77.24,108.66,535.59,930.26,844.98,829.45
5616,2023-02-24T00:25:48.080000,7463837113,456.04,191.07,75.89,107.68,535.07,926.33,842.96,828.67
5617,2023-02-24T00:25:48.085000,7463837114,458.76,193.59,79.12,110.93,539.15,928.94,845.26,830.61
5618,2023-02-24T00:25:48.090000,7463837115,459.1,192.89,78.64,110.13,539.72,928.74,845.54,830.28
5619,2023-02-24T00:25:48.095000,7463837116,456.29,190.98,76.19,107.04,536.83,926.63,842.74,828.15
5620,2023-02-24T00:25:48.100000,7463837117,455.32,190.01,75.52,107.46,535.03,926.6,841.57,827.48
5621,2023-02-24T00:25:48.105000,7463837118,459.02,193.67,79.25,111.15,538.44,931.98,845.49,830.45
5622,2023-02-24T00:25:48.110000,7463837119,457.87,193.89,78.49,110.14,537.13,931.24,845.49,830.12
5623,2023-02-24T00:25:48.115000,7463837120,456.87,190.75,76.19,106.98,534.48,927.33,842.64,827.43
5624,2023-02-24T00:25:48.120000,7463837121,455.71,191.19,76.13,106.94,535.74,926.98,842.94,829.03
5625,2023-02-24T00:25:48.125000,7463837122,459.93,194.59,80.03,111.21,540.22,930.58,847.2,832.34
5626,2023-02-24T00:25:48.130000,7463837123,457.82,192.71,78.38,109.31,539.1,929.25,845.6,830.28
5627,2023-02-24T00:25:48.135000,7463837124,455.4,190.17,76.18,107.08,535.19,926.31,842.21,826.93
5628,2023-02-24T00:25:48.140000,7463837125,455.76,190.9,77.04,107.86,535.89,928.12,841.68,827.75
5629,2023-02-24T00:25:48.145000,7463837126,459.52,193.47,79.87,111.99,538.26,932.39,846.08,831.18
5630,2023-02-24T00:25:48.150000,7463837127,458.42,192.84,78.04,109.41,537.49,930.38,844.9,829.38
5631,2023-02-24T00:25:48.155000,7463837128,455.7,191.67,75.94,107.17,535.54,926.45,842.47,828.43
5632,2023-02-24T00:25:48.160000,7463837129,457.38,191.52,77.07,107.96,537.46,928.42,844.12,829.29
5633,2023-02-24T00:25:48.165000,7463837130,459.88,193.52,79.37,111.02,539.57,931.04,847.29,831.01
5634,2023-02-24T00:25:48.170000,7463837131,457.46,192.03,77.55,109.06,538.24,929.35,845.38,830.51
5635,2023-02-24T00:25:48.175000,7463837132,456.49,190.61,76.48,106.71,535.04,926.82,841.71,827.83
5636,2023-02-24T00:25:48.180000,7463837133,456.48,191.29,77.24,108.51,535.71,928.53,843.61,829.71
5637,2023-02-24T00:25:48.185000,7463837134,459.85,194.12,79.84,110.93,538.28,931.78,847.77,831.34
5638,2023-02-24T00:25:48.190000,7463837135,457.82,192.66,78.28,109.06,536.57,929.81,844.48,830.45
5639,2023-02-24T00:25:48.195000,7463837136,456.84,190.73,75.89,107.84,535.79,927.41,842.53,829.05
5640,2023-02-24T00:25:48.200000,7463837137,457.08,191.15,77.22,108.19,537.52,927.92,843.74,830.16
5641,2023-02-24T00:25:48.205000,7463837138,458.77,193.46,79.79,110.87,539.83,931.11,846.86,831.18
5642,2023-02-24T00:25:48.210000,7463837139,457.55,192.45,77.09,108.8,537.55,929.34,845.06,828.96
5643,2023-02-24T00:25:48.215000,7463837140,456.74,191.15,76.43,107.91,536.35,926.79,842.91,828.3
5644,2023-02-24T00:25:48.220000,7463837141,457.55,192.29,76.89,108.44,536.86,929.12,844.49,829.52
5645,2023-02-24T00:25:48.225000,7463837142,458.64,193.34,79.02,110.31,538.17,930.29,845.65,831.11
5646,2023-02-24T00:25:48.230000,7463837143,457.5,192.78,77.35,109.29,536.37,928.93,843.89,829.78
5647,2023-02-24T00:25:48.235000,7463837144,456.75,191.2,76.21,107.74,535.93,927.91,842.66,828.83
5648,2023-02-24T00:25:48.240000,7463837145,457.44,191.93,77.96,108.55,536.81,929.02,844.65,829.53
5649,2023-02-24T00:25:48.245000,7463837146,458.26,193.05,79.15,110.53,538.11,929.46,846.04,831.44
5650,2023-02-24T00:25:48.250000,7463837147,457.7,192.42,77.57,108.37,536.55,927.73,844.67,830.15
5651,2023-02-24T00:25:48.255000,7463837148,456.75,192.05,76.73,108.25,535.82,928.31,844.16,830.18
5652,2023-02-24T00:25:48.260000,7463837149,458.58,193.38,77.78,109.32,536.92,930.19,846.06,831.43
5653,2023-02-24T00:25:48.265000,7463837150,458.4,192.84,78.46,109.17,537.04,929.6,845.91,831.08
5654,2023-02-24T00:25:48.270000,7463837151,457.21,191,77.38,107.79,535.67,928.71,844.48,830.75
5655,2023-02-24T00:25:48.275000,7463837152,457.11,191.54,77.51,108.36,536.11,928.76,844.95,830.17
5656,2023-02-24T00:25:48.280000,7463837153,458.84,192.81,78.6,109.57,538.13,930.04,847.29,831.19
5657,2023-02-24T00:25:48.285000,7463837154,457.27,192.35,77.69,109.35,537.29,928.15,846.05,830.5
5658,2023-02-24T00:25:48.290000,7463837155,457.17,191.47,76.45,108.41,536.3,927.5,844.8,829.89
5659,2023-02-24T00:25:48.295000,7463837156,457.87,192.61,77.59,109.3,537.27,929.5,845.65,830.98
5660,2023-02-24T00:25:48.300000,7463837157,458.7,192.97,79.3,109.89,537.66,931.28,847.65,831.72
5661,2023-02-24T00:25:48.305000,7463837158,457.18,191.04,77.03,108.28,534.72,928.72,844.36,830.42
5662,2023-02-24T00:25:48.310000,7463837159,457.09,190.82,76.9,107.97,535.21,928.2,843.97,830.11
5663,2023-02-24T00:25:48.315000,7463837160,459.1,192.12,77.99,108.48,537.75,929.39,847.15,831.15
5664,2023-02-24T00:25:48.320000,7463837161,460,193.75,79.08,110.57,539.51,930.55,847.83,831.79
5665,2023-02-24T00:25:48.325000,7463837162,456.95,189.95,76.76,108.29,535.96,926.53,844.15,830.84
5666,2023-02-24T00:25:48.330000,7463837163,457.4,190.08,76.42,108.4,535.71,926.98,843.38,829.84
5667,2023-02-24T00:25:48.335000,7463837164,459.52,192.43,79.26,109.66,537.6,930.57,846.35,830.93
5668,2023-02-24T00:25:48.340000,7463837165,460.9,194.02,79.77,110.85,538.72,932.87,848.06,832.02
5669,2023-02-24T00:25:48.345000,7463837166,457.17,190.4,77.25,107.91,535.81,928.62,843.88,830.25
5670,2023-02-24T00:25:48.350000,7463837167,457.22,189.74,76.72,107.28,535.61,926.76,842.88,829.49
5671,2023-02-24T00:25:48.355000,7463837168,459.57,192.74,78.8,109.97,538.13,929.84,847.28,831.27
5672,2023-02-24T00:25:48.360000,7463837169,460.44,194.27,79.97,111.29,538.99,931.98,848.56,832.82
5673,2023-02-24T00:25:48.365000,7463837170,456.35,189.92,76.67,108.1,535.62,927.04,843.41,829.64
5674,2023-02-24T00:25:48.370000,7463837171,456.96,190.42,76.09,108.23,535.14,927.49,843.47,829.58
5675,2023-02-24T00:25:48.375000,7463837172,458.8,192.89,78.36,109.87,538.11,931.14,846.97,830.98
5676,2023-02-24T00:25:48.380000,7463837173,459.7,193.48,79.39,110.45,538.74,931.12,847.18,832.04
5677,2023-02-24T00:25:48.385000,7463837174,456.64,190.04,76.9,108.26,536.06,926.98,843.14,830.61
5678,2023-02-24T00:25:48.390000,7463837175,457.61,190.83,77.04,108.77,537.08,927.74,843.67,830.69
5679,2023-02-24T00:25:48.395000,7463837176,459.63,192.08,78.37,109.62,539.19,929.58,846.48,831.57
5680,2023-02-24T00:25:48.400000,7463837177,458.93,192.32,78.37,109.02,538.54,930.38,846.17,831.11
5681,2023-02-24T00:25:48.405000,7463837178,457.53,190.42,77.48,108.61,535.82,928.75,843.88,831
5682,2023-02-24T00:25:48.410000,7463837179,457.85,190.66,77.65,108.89,536.69,928.93,844.51,830.52
5683,2023-02-24T00:25:48.415000,7463837180,458.95,191.65,78.26,108.49,537.7,929.33,845.6,830.28
5684,2023-02-24T00:25:48.420000,7463837181,459.17,191.54,77.18,107.93,537.57,927.53,844.6,830.49
5685,2023-02-24T00:25:48.425000,7463837182,458.83,191.99,78.67,109.15,538.06,927.34,844.01,831.37
5686,2023-02-24T00:25:48.430000,7463837183,458.69,192.35,79.01,109.95,538.62,929.44,845.09,831.04
5687,2023-02-24T00:25:48.435000,7463837184,457.25,191.01,77.2,107.63,536.07,928.48,844.28,829.32
5688,2023-02-24T00:25:48.440000,7463837185,456.71,189.8,75.8,107.02,535.21,927.71,843.57,828.75
5689,2023-02-24T00:25:48.445000,7463837186,459.75,193.15,80.21,110.63,538.53,931.24,846.97,831.64
5690,2023-02-24T00:25:48.450000,7463837187,460.52,193.88,80.29,111.03,539.06,930.98,846.68,831.6
5691,2023-02-24T00:25:48.455000,7463837188,456.68,189.75,75.57,106.19,535.28,925.79,842.42,828.52
5692,2023-02-24T00:25:48.460000,7463837189,456.64,188.88,75.35,106.18,534.79,924.67,841.16,827.82
5693,2023-02-24T00:25:48.465000,7463837190,461.45,194.72,80.56,111.34,539.28,932.03,848.06,831.74
5694,2023-02-24T00:25:48.470000,7463837191,460.63,194.21,80.6,111.52,538.78,932.39,847.63,831.66
5695,2023-02-24T00:25:48.475000,7463837192,454.57,188.87,74.92,105.75,533.19,925.35,840.45,826.88
5696,2023-02-24T00:25:48.480000,7463837193,453.74,187.91,74.63,105.1,533.24,924.11,839.27,826.17
5697,2023-02-24T00:25:48.485000,7463837194,462.32,196.51,83.17,113.26,541.93,933.66,849.62,832.74
5698,2023-02-24T00:25:48.490000,7463837195,461.52,195.05,80.76,111.44,540.51,931.18,847.4,831.63
5699,2023-02-24T00:25:48.495000,7463837196,454.53,188.39,74.48,104.47,533.49,922.32,837.88,826.34
5700,2023-02-24T00:25:48.500000,7463837197,454.59,188.22,74.18,104.54,532.7,922.75,837.69,825.67
5701,2023-02-24T00:25:48.505000,7463837198,463.23,197.05,83.28,113.98,542.46,936.09,851.03,833.19
5702,2023-02-24T00:25:48.510000,7463837199,461.09,195.38,80.9,112,539.73,932.92,847.76,831.18
5703,2023-02-24T00:25:48.515000,7463837200,453.72,187.26,73.94,104.97,532.15,922.96,837.14,825.59
5704,2023-02-24T00:25:48.520000,7463837201,454.32,187.99,74.88,105.91,533.56,923.78,838.07,826.05
5705,2023-02-24T00:25:48.525000,7463837202,463.67,196.73,82.29,113.55,543.97,934.74,851.02,832.82
5706,2023-02-24T00:25:48.530000,7463837203,461.7,194.63,80.14,110.68,540.39,930.57,846.62,830.34
5707,2023-02-24T00:25:48.535000,7463837204,454.02,187.63,73.96,105.14,532.26,922.33,835.69,825.96
5708,2023-02-24T00:25:48.540000,7463837205,455.83,188.67,75.74,106.58,533.99,925.27,838.6,826.05
5709,2023-02-24T00:25:48.545000,7463837206,462.53,195.51,81.57,113.26,541.65,934.64,849.27,831.46
5710,2023-02-24T00:25:48.550000,7463837207,459.13,193.48,79.02,109.94,538.69,931.38,844.72,828.91
5711,2023-02-24T00:25:48.555000,7463837208,454.1,188.37,74.54,105.46,533.14,923.24,836.11,824.83
5712,2023-02-24T00:25:48.560000,7463837209,456.69,190.86,76.93,107.32,536.8,925.73,839.34,826.85
5713,2023-02-24T00:25:48.565000,7463837210,461.65,195.9,81.1,111.88,542.02,932.41,847.92,830.33
5714,2023-02-24T00:25:48.570000,7463837211,459.6,193.37,78.52,109.51,539.23,928.78,843.34,829.15
5715,2023-02-24T00:25:48.575000,7463837212,455.78,189.5,76,107.48,534.26,924.64,838.1,826.65
5716,2023-02-24T00:25:48.580000,7463837213,457.55,191.92,78.21,108.89,537.09,928.86,841.19,827.85
5717,2023-02-24T00:25:48.585000,7463837214,458.85,193.62,78.9,109.57,538.85,930.37,844.71,828.85
5718,2023-02-24T00:25:48.590000,7463837215,458.2,191.86,77.27,107.98,537.3,927.28,841.52,826.64
5719,2023-02-24T00:25:48.595000,7463837216,457.64,191.25,77.42,108.65,536.58,924.92,839.33,827.1
5720,2023-02-24T00:25:48.600000,7463837217,459.33,193.21,79.18,109.84,538.01,928.03,842.89,828.89
5721,2023-02-24T00:25:48.605000,7463837218,458.63,192.3,77.95,108.4,537.77,928.87,843.84,828.05
5722,2023-02-24T00:25:48.610000,7463837219,457.53,190.91,77.42,107.31,535.32,927.2,841.23,826.91
5723,2023-02-24T00:25:48.615000,7463837220,458.33,191.4,77.92,108.19,535.47,928.82,840.81,828.45
5724,2023-02-24T00:25:48.620000,7463837221,459.12,193.31,78.96,110.37,537.62,930.15,843.8,829.32
5725,2023-02-24T00:25:48.625000,7463837222,457.6,191.51,76.93,107.33,535.94,926.72,841.36,827.07
5726,2023-02-24T00:25:48.630000,7463837223,457.27,191.21,76.4,107.23,536.21,925,840.46,826.52
5727,2023-02-24T00:25:48.635000,7463837224,459.47,193.18,78.6,109.44,539.06,926.45,842.12,829.24
5728,2023-02-24T00:25:48.640000,7463837225,459.91,193.06,79.95,110.72,539.3,928.11,844.24,829.99
5729,2023-02-24T00:25:48.645000,7463837226,456.66,190.21,75.51,106.44,534.94,925.27,840.97,827.01
5730,2023-02-24T00:25:48.650000,7463837227,457.24,190.61,76.05,107.47,534.66,927.44,841.29,827.96
5731,2023-02-24T00:25:48.655000,7463837228,459.62,193.21,79.44,110.43,537.37,930.91,844.28,829.82
5732,2023-02-24T00:25:48.660000,7463837229,460.11,193.05,78.77,110.07,537.62,930.51,844.5,829.46
5733,2023-02-24T00:25:48.665000,7463837230,456.46,190.18,76.26,106.72,535.05,924.8,841.18,826.96
5734,2023-02-24T00:25:48.670000,7463837231,457.94,191.01,77.13,107.99,536.24,924.58,842.58,828.98
5735,2023-02-24T00:25:48.675000,7463837232,461.43,193.67,80.09,111.21,539.82,928.56,845.82,831.31
5736,2023-02-24T00:25:48.680000,7463837233,459.9,192.6,78.44,109.77,538.32,928.3,844.49,830.84
5737,2023-02-24T00:25:48.685000,7463837234,455.78,188.89,74.85,105.98,533.23,926.02,840.12,827.52
5738,2023-02-24T00:25:48.690000,7463837235,457.39,190.08,77.25,108.52,534.9,928.25,842.4,828.43
5739,2023-02-24T00:25:48.695000,7463837236,460.4,193.34,80.18,111.03,538.29,931.11,844.86,829.49
5740,2023-02-24T00:25:48.700000,7463837237,459.45,192.63,78.66,109.7,538.33,928.83,843.6,828.67
5741,2023-02-24T00:25:48.705000,7463837238,456.85,189.56,75.37,106.63,535.2,924.17,839.73,827.08
5742,2023-02-24T00:25:48.710000,7463837239,458.47,190.07,77.36,108.33,537.4,925.34,841.75,828.43
5743,2023-02-24T00:25:48.715000,7463837240,460.16,192.71,80.08,110.8,539.32,929.51,844.94,830.05
5744,2023-02-24T00:25:48.720000,7463837241,458.92,192.08,78.47,109.31,537.22,928.49,842.71,828.72
5745,2023-02-24T00:25:48.725000,7463837242,456.13,190.71,76.28,107.03,534.18,925.96,838.63,826.02
5746,2023-02-24T00:25:48.730000,7463837243,457.65,191.68,77.51,108.78,535.92,927.75,841.72,826.24
5747,2023-02-24T00:25:48.735000,7463837244,459.79,193.06,79.46,110.3,538.31,929.47,843.74,828.25
5748,2023-02-24T00:25:48.740000,7463837245,458.84,191.95,78.39,108.8,538.67,926.3,841.56,828.2
5749,2023-02-24T00:25:48.745000,7463837246,456.94,190.11,75.89,106.55,536.22,923.45,839.04,826.05
5750,2023-02-24T00:25:48.750000,7463837247,458.56,191.38,77.82,109.1,538.7,926.95,842.54,828.44
5751,2023-02-24T00:25:48.755000,7463837248,459.63,192.64,79.17,110,538.69,930.5,843.71,829.2
5752,2023-02-24T00:25:48.760000,7463837249,458.44,191.98,77.56,109.01,535.77,929.77,841.98,826.81
5753,2023-02-24T00:25:48.765000,7463837250,457.1,189.93,75.76,108.05,534.07,927.19,839.91,825.57
5754,2023-02-24T00:25:48.770000,7463837251,459.13,190.87,78.48,108.92,537.35,928.28,841.87,827.19
5755,2023-02-24T00:25:48.775000,7463837252,460.79,192.15,79.29,109.1,539.69,927.13,842.55,828.68
5756,2023-02-24T00:25:48.780000,7463837253,460.31,190.88,77.8,107.59,538.09,924.89,841.05,827.7
5757,2023-02-24T00:25:48.785000,7463837254,459.02,190.03,76.79,107.06,537.11,924.77,840.05,827.2
5758,2023-02-24T00:25:48.790000,7463837255,458.9,191.47,78.67,108.87,537.6,928.06,841.78,828.31
5759,2023-02-24T00:25:48.795000,7463837256,459.9,192.5,79.19,109.83,537.09,929.86,843.72,828.21
5760,2023-02-24T00:25:48.800000,7463837257,458.91,191.55,77.83,109.05,535.44,928.7,842.35,827.51
5761,2023-02-24T00:25:48.805000,7463837258,457.94,190.97,77.43,107.62,535.12,927.53,841.62,827.15
5762,2023-02-24T00:25:48.810000,7463837259,459.67,191.4,78.45,108.59,538.01,927.17,843.36,828.67
5763,2023-02-24T00:25:48.815000,7463837260,460.19,191.63,79.33,109.82,538.09,926.54,843.06,829.99
5764,2023-02-24T00:25:48.820000,7463837261,458.57,189.85,78.05,108.06,537.03,925.37,841.15,828.94
5765,2023-02-24T00:25:48.825000,7463837262,458.65,190.85,77.62,108.12,536.98,926.3,841.97,828.12
5766,2023-02-24T00:25:48.830000,7463837263,459.29,191.48,78.72,108.67,535.94,928.99,843.6,827.51
5767,2023-02-24T00:25:48.835000,7463837264,458.55,191.96,78.1,109.41,535.42,929.29,843.64,827.99
5768,2023-02-24T00:25:48.840000,7463837265,457.67,191.09,77.23,108.12,534.94,927.1,841.77,827.58
5769,2023-02-24T00:25:48.845000,7463837266,459.18,192.49,78.54,108.96,537.12,927.88,842.68,829.4
5770,2023-02-24T00:25:48.850000,7463837267,459.93,192.07,78.7,108.98,538.4,927.53,843.58,829.9
5771,2023-02-24T00:25:48.855000,7463837268,459.64,190.63,77.93,108.36,536.91,925.08,841.52,828.94
5772,2023-02-24T00:25:48.860000,7463837269,456.74,189.87,76.94,107.73,535.51,925.52,840.86,827.12
5773,2023-02-24T00:25:48.865000,7463837270,459.72,191.8,78.53,109.83,537.12,930.08,843.8,828.04
5774,2023-02-24T00:25:48.870000,7463837271,460.08,191.83,78.77,109.26,536.84,929.87,843.55,828.49
5775,2023-02-24T00:25:48.875000,7463837272,458.65,190.74,77.83,108.37,535.95,927.56,841.87,827.43
5776,2023-02-24T00:25:48.880000,7463837273,457.4,189.85,76.66,106.99,535.5,924.88,840.53,827.49
5777,2023-02-24T00:25:48.885000,7463837274,460.93,192.76,79.3,109.01,540.26,928.01,844.79,830.03
5778,2023-02-24T00:25:48.890000,7463837275,460.52,192.38,78.96,109.22,538.72,927.68,844.67,830.77
5779,2023-02-24T00:25:48.895000,7463837276,458.07,190.64,77.3,108.18,535.93,925.34,842.31,828.51
5780,2023-02-24T00:25:48.900000,7463837277,456.5,190.05,77.13,107.17,534.37,926.32,841.47,827.3
5781,2023-02-24T00:25:48.905000,7463837278,459.74,192.46,78.51,109.93,537.05,930.73,844.89,828.76
5782,2023-02-24T00:25:48.910000,7463837279,459.24,192.19,79.03,109.88,537.35,929.42,844.45,829.53
5783,2023-02-24T00:25:48.915000,7463837280,458,190.01,76.86,108.58,535.6,925.58,841.58,828.87
5784,2023-02-24T00:25:48.920000,7463837281,457.67,190.04,77.46,108.03,536.4,924.51,841.29,829.56
5785,2023-02-24T00:25:48.925000,7463837282,460.87,193.06,79.37,110.1,539.53,928.74,846.28,831.18
5786,2023-02-24T00:25:48.930000,7463837283,459.67,192.04,78.32,108.72,537.12,929.1,845.22,830.13
5787,2023-02-24T00:25:48.935000,7463837284,457,190.42,77.08,108.08,534.47,927.88,842.56,828.31
5788,2023-02-24T00:25:48.940000,7463837285,457.73,189.62,76.92,108.16,534.59,926.81,841.75,828.68
5789,2023-02-24T00:25:48.945000,7463837286,460.93,192.16,78.85,110.06,538,930.71,845.99,830.39
5790,2023-02-24T00:25:48.950000,7463837287,459.74,191.41,77.84,109.01,537.45,927.84,844.76,830.22
5791,2023-02-24T00:25:48.955000,7463837288,459.47,190.24,77.86,108.55,536.85,924.74,842.71,830.72
5792,2023-02-24T00:25:48.960000,7463837289,459.12,191.07,78.41,108.41,536.83,924.93,843.54,830.17
5793,2023-02-24T00:25:48.965000,7463837290,459.68,191.4,78.12,108.35,536.65,928.08,844.72,829.86
5794,2023-02-24T00:25:48.970000,7463837291,458.6,190.69,76.77,107.84,535.03,928.79,844.37,829.96
5795,2023-02-24T00:25:48.975000,7463837292,458.91,190.78,77.93,109.23,534.79,929.94,844.82,830.51
5796,2023-02-24T00:25:48.980000,7463837293,460,191.23,78.46,109.68,536.25,929.51,845.86,831.48
5797,2023-02-24T00:25:48.985000,7463837294,458.34,189.93,76.74,108.09,535.59,925.48,844.19,829.61
5798,2023-02-24T00:25:48.990000,7463837295,459.12,189.57,77.21,107.68,537.13,925.08,844.13,831.16
5799,2023-02-24T00:25:48.995000,7463837296,460.78,191.48,79.23,110.03,539.22,927.9,846.12,832.18
5800,2023-02-24T00:25:49,7463837297,460.69,191.59,79.42,110.26,538.46,929.65,846.85,832.32
5801,2023-02-24T00:25:49.005000,7463837298,457.12,188.52,76.31,106.41,533.36,927.12,843.02,829.6
5802,2023-02-24T00:25:49.010000,7463837299,457.34,189.49,76.97,107.74,533.26,928.09,844.45,829.53
5803,2023-02-24T00:25:49.015000,7463837300,461.02,193.76,80.13,110.71,537.95,932.24,848.87,833.14
5804,2023-02-24T00:25:49.020000,7463837301,462.22,193.66,81.43,111.69,538.71,931.29,849.34,833.76
5805,2023-02-24T00:25:49.025000,7463837302,456.45,187.63,74.58,104.99,533.48,921.18,840.59,828.25
5806,2023-02-24T00:25:49.030000,7463837303,458.05,188.26,76.75,106.01,535.73,922.3,841.89,829.6
5807,2023-02-24T00:25:49.035000,7463837304,463.1,194.35,81.75,112.05,541.13,931.08,849.84,833.97
5808,2023-02-24T00:25:49.040000,7463837305,463.22,194.29,81.74,111.46,539.66,933.17,849.12,833.57
5809,2023-02-24T00:25:49.045000,7463837306,454.93,185.62,73.06,103.6,529.6,923.12,839.27,826.35
5810,2023-02-24T00:25:49.050000,7463837307,456.72,188.01,75.7,106.34,532.1,925.85,842.36,828.42
5811,2023-02-24T00:25:49.055000,7463837308,463.59,193.88,82.41,113.04,540.16,932.9,850.76,834.28
5812,2023-02-24T00:25:49.060000,7463837309,463.26,193.45,81.91,111.61,540.78,930.76,849.77,833.69
5813,2023-02-24T00:25:49.065000,7463837310,454.97,185.22,73.13,104.05,531.75,918.52,837.23,825.79
5814,2023-02-24T00:25:49.070000,7463837311,457.71,188.1,76.58,106.69,534.89,924.37,841.15,828.09
5815,2023-02-24T00:25:49.075000,7463837312,463.79,194.7,83.05,113.58,541.58,934.89,850.76,833.73
5816,2023-02-24T00:25:49.080000,7463837313,462.6,192.97,81.44,111.81,538.13,933.13,848.01,832.19
5817,2023-02-24T00:25:49.085000,7463837314,453.72,184.61,73.19,103.19,528.51,921.15,835.83,824.97
5818,2023-02-24T00:25:49.090000,7463837315,457.6,188.44,77.04,106.41,534.41,925.02,841.04,828.28
5819,2023-02-24T00:25:49.095000,7463837316,465.1,195.65,84.1,112.71,542.52,933.85,850.51,833.25
5820,2023-02-24T00:25:49.100000,7463837317,463.37,193.15,80.64,110.83,540.75,929.65,847.16,831.54
5821,2023-02-24T00:25:49.105000,7463837318,453.94,185.01,73.6,103.55,532,918.7,835.21,825.44
5822,2023-02-24T00:25:49.110000,7463837319,457.36,188.64,77.83,107.48,536.88,925.84,841.27,828.2
5823,2023-02-24T00:25:49.115000,7463837320,463.56,195.13,82.99,113.57,541.58,935.96,851.11,832.03
5824,2023-02-24T00:25:49.120000,7463837321,461.09,192.14,79.34,109.87,537.4,931.23,845.98,829.98
5825,2023-02-24T00:25:49.125000,7463837322,454.71,186.5,73.33,104.67,530.32,921.68,835.78,825.96
5826,2023-02-24T00:25:49.130000,7463837323,458.56,189.59,77.94,108.06,536.14,926.31,842.38,829.17
5827,2023-02-24T00:25:49.135000,7463837324,464.12,193.99,82.28,111.67,541.58,931.84,849.72,832.12
5828,2023-02-24T00:25:49.140000,7463837325,460.36,191.25,77.89,108.69,537.81,927.21,843.71,829.31
5829,2023-02-24T00:25:49.145000,7463837326,457.17,187.55,75.59,106.08,534.07,922.7,839.06,827.67
5830,2023-02-24T00:25:49.150000,7463837327,458.95,190.15,78.46,108.95,536.71,927.51,844.07,829.47
5831,2023-02-24T00:25:49.155000,7463837328,461.28,192.7,79.84,110,538.22,931.65,847.1,830.27
5832,2023-02-24T00:25:49.160000,7463837329,458.98,189.9,77.46,107.58,534.8,926.8,842.81,828.77
5833,2023-02-24T00:25:49.165000,7463837330,460.24,189.97,78.09,108.2,535.2,925.76,841.28,830
5834,2023-02-24T00:25:49.170000,7463837331,460.84,191.22,78.77,108.86,537.62,927.17,844.72,829.96
5835,2023-02-24T00:25:49.175000,7463837332,460.79,191.76,78.29,109.29,538.74,928.68,846.81,829.81
5836,2023-02-24T00:25:49.180000,7463837333,457.52,189.64,76.4,107.5,535.25,925.23,842.36,828.4
5837,2023-02-24T00:25:49.185000,7463837334,459.62,191.79,79.37,109.91,537.35,928.84,844.24,830.14
5838,2023-02-24T00:25:49.190000,7463837335,459.46,191.21,79.26,109.64,536.4,929.1,844.83,829.75
5839,2023-02-24T00:25:49.195000,7463837336,458.23,189.95,77.47,107.75,535.4,927.05,843.76,828.73
5840,2023-02-24T00:25:49.200000,7463837337,458.3,189.11,76.8,107.47,534.86,925.12,841.14,829.01
5841,2023-02-24T00:25:49.205000,7463837338,461.86,193.05,80.78,110.75,538.32,929.41,845.11,831.15
5842,2023-02-24T00:25:49.210000,7463837339,460.92,191.97,79.45,109.19,537.02,928.56,844.59,829.52
5843,2023-02-24T00:25:49.215000,7463837340,457.12,189.12,75.93,106.62,534.71,926.45,841.63,827.27
5844,2023-02-24T00:25:49.220000,7463837341,457.74,189.74,76.3,107.37,535.19,926.51,841.08,827.36
5845,2023-02-24T00:25:49.225000,7463837342,461.55,193.81,80.39,111.38,539.63,930.97,845.87,830.16
5846,2023-02-24T00:25:49.230000,7463837343,459.79,192.39,78.73,109.62,537.37,927.42,844.16,829.4
5847,2023-02-24T00:25:49.235000,7463837344,457.47,189.73,75.97,105.99,534.89,924.09,839.42,826.67
5848,2023-02-24T00:25:49.240000,7463837345,458.81,190.25,77.32,107.98,536.63,926.38,840.85,827.92
5849,2023-02-24T00:25:49.245000,7463837346,461.87,193.77,81.08,111.36,540.51,930.89,845.24,830.47
5850,2023-02-24T00:25:49.250000,7463837347,459.18,191.07,77.91,109.18,536.97,928.47,842.01,828.58
5851,2023-02-24T00:25:49.255000,7463837348,456.77,188.59,75.49,105.96,534.38,925.49,839.8,825.83
5852,2023-02-24T00:25:49.260000,7463837349,458.49,190.69,78.04,108.17,536.13,928.12,842.43,827.3
5853,2023-02-24T00:25:49.265000,7463837350,460.6,194.11,80.53,111.72,539.22,930.35,845.19,829.52
5854,2023-02-24T00:25:49.270000,7463837351,459.22,191.17,78.28,107.66,537.06,926.2,841.3,827.82
5855,2023-02-24T00:25:49.275000,7463837352,458.53,189.52,76.42,105.95,535.67,923.84,839.42,826.88
5856,2023-02-24T00:25:49.280000,7463837353,459.3,190.64,78.38,108.66,538.02,925.97,841.82,828.82
5857,2023-02-24T00:25:49.285000,7463837354,460.72,191.94,79.57,110.23,538.56,929.05,844.02,829.7
5858,2023-02-24T00:25:49.290000,7463837355,458.69,190.8,77.52,108.25,535.83,927.93,841.48,828.59
5859,2023-02-24T00:25:49.295000,7463837356,457.1,189.51,76.24,106.96,533.55,925.88,839.87,826.24
5860,2023-02-24T00:25:49.300000,7463837357,458.54,190.92,78.49,108.97,535.76,928.18,842.45,828.29
5861,2023-02-24T00:25:49.305000,7463837358,460.31,193.29,80.03,110.33,538.45,928.86,844.81,830.02
5862,2023-02-24T00:25:49.310000,7463837359,458.83,190.81,78.26,108.03,537.01,925.43,842.29,827.97
5863,2023-02-24T00:25:49.315000,7463837360,458.09,189.4,77.38,107.51,536.84,923.94,840.59,828.05
5864,2023-02-24T00:25:49.320000,7463837361,458.79,191.07,79.77,108.77,537.98,927.17,842.92,828.79
5865,2023-02-24T00:25:49.325000,7463837362,460.47,191.8,79.93,109.75,536.93,929.2,843.16,829.12
5866,2023-02-24T00:25:49.330000,7463837363,458.97,189.87,77.68,108.08,534.75,927.91,841.82,827.9
5867,2023-02-24T00:25:49.335000,7463837364,458.17,190.07,77.3,107.98,534.51,926.97,841.89,827.06
5868,2023-02-24T00:25:49.340000,7463837365,459.96,190.82,78.58,108.75,536.62,926.99,843.09,828.67
5869,2023-02-24T00:25:49.345000,7463837366,460.41,191.17,78.87,109.21,537.75,925.57,842.93,829.65
5870,2023-02-24T00:25:49.350000,7463837367,458.88,190.27,78.38,107.68,537.82,924.3,842.15,828.58
5871,2023-02-24T00:25:49.355000,7463837368,458.98,189.46,77.54,107.24,536.61,925.09,842.02,828.77
5872,2023-02-24T00:25:49.360000,7463837369,460.29,190.25,79.11,108.31,537.14,927.65,844.06,829.07
5873,2023-02-24T00:25:49.365000,7463837370,459.11,190.35,78.52,108.52,535.17,928.44,843.69,828.43
5874,2023-02-24T00:25:49.370000,7463837371,458.94,190.39,78.03,107.79,534.1,926.89,842.14,827.46
5875,2023-02-24T00:25:49.375000,7463837372,460.78,191.02,78.27,108.28,534.99,927.4,842.17,828.27
5876,2023-02-24T00:25:49.380000,7463837373,460.45,191.6,79.84,109.14,537.63,927.37,843.77,829.56
5877,2023-02-24T00:25:49.385000,7463837374,460.09,190.23,78.72,108.1,537.12,925.06,842.41,828.69
5878,2023-02-24T00:25:49.390000,7463837375,459.24,190.24,78.26,107.41,537.07,924.15,841.45,828.88
5879,2023-02-24T00:25:49.395000,7463837376,460.09,191.08,79.02,108.84,537.56,926.76,843.06,829
5880,2023-02-24T00:25:49.400000,7463837377,459.7,191.6,79.53,109.65,536.92,929.09,844.4,829.81
5881,2023-02-24T00:25:49.405000,7463837378,458.48,189.44,78.01,108.31,534.29,927.85,841.88,827.61
5882,2023-02-24T00:25:49.410000,7463837379,459.15,189.64,78.38,108.1,534.61,926.89,841.79,827.79
5883,2023-02-24T00:25:49.415000,7463837380,459.69,190.78,79.1,108.82,537.1,926.95,843.39,828.7
5884,2023-02-24T00:25:49.420000,7463837381,462.14,191.74,80.17,109.94,539.2,926.69,844.29,829.95
5885,2023-02-24T00:25:49.425000,7463837382,459.35,189.02,78.01,107.3,537.14,923.71,840.35,827.98
5886,2023-02-24T00:25:49.430000,7463837383,459.24,189.1,78.47,107.74,537.04,926,840.87,827.88
5887,2023-02-24T00:25:49.435000,7463837384,460.95,190.75,79.16,109.6,537.58,928.53,844.29,829.47
5888,2023-02-24T00:25:49.440000,7463837385,462.08,192.13,80.04,110.32,537.13,930.12,844.54,829.26
5889,2023-02-24T00:25:49.445000,7463837386,459.65,188.79,77.22,107.11,534.08,925.95,841.08,828.35
5890,2023-02-24T00:25:49.450000,7463837387,459.65,189.37,78.46,107.8,534.83,926.22,841.15,828.34
5891,2023-02-24T00:25:49.455000,7463837388,461.86,190.59,80.16,109.25,538.92,926.62,843.6,829.19
5892,2023-02-24T00:25:49.460000,7463837389,461.86,191.29,79.33,110.42,540.06,926.2,843.96,829.97
5893,2023-02-24T00:25:49.465000,7463837390,458.94,188.84,77.73,107.18,537.01,923.55,840.9,829.28
5894,2023-02-24T00:25:49.470000,7463837391,459.88,189.2,78.41,108.62,536.92,926.29,841.82,828.36
5895,2023-02-24T00:25:49.475000,7463837392,461.44,191.26,78.68,109.48,537.07,929.35,844.48,829.22
5896,2023-02-24T00:25:49.480000,7463837393,462.03,191.07,78.85,109.85,536.74,930.18,844.78,829.77
5897,2023-02-24T00:25:49.485000,7463837394,459.44,188.58,78.97,107.79,535.04,925.83,840.7,828.37
5898,2023-02-24T00:25:49.490000,7463837395,461.21,189.57,78.96,108.38,537.26,925.93,841.42,829.02
5899,2023-02-24T00:25:49.495000,7463837396,461.98,190.3,79.11,108.34,538.95,926.44,843.23,829.84
5900,2023-02-24T00:25:49.500000,7463837397,461.35,190.55,78.89,108.49,538.29,926.38,842.92,829.05
5901,2023-02-24T00:25:49.505000,7463837398,460.22,189.84,77.95,108.11,537,924.94,840.38,827.75
5902,2023-02-24T00:25:49.510000,7463837399,460.83,190.2,78.82,109.13,537.26,926.96,841.63,827.47
5903,2023-02-24T00:25:49.515000,7463837400,460.52,190.7,77.82,108.45,535.9,927.05,842.02,827.18
5904,2023-02-24T00:25:49.520000,7463837401,459.89,189.89,77.28,107.97,535.72,926.95,841.44,827.53
5905,2023-02-24T00:25:49.525000,7463837402,460.98,191.67,79.14,109.58,538.02,927.66,842.75,829.46
5906,2023-02-24T00:25:49.530000,7463837403,460.85,191.28,79.91,109.32,538.48,926.69,842.31,829.49
5907,2023-02-24T00:25:49.535000,7463837404,458.53,188.96,76.87,106.74,536.16,922.82,839.52,827.24
5908,2023-02-24T00:25:49.540000,7463837405,458.45,189.13,76.74,106.65,535.13,922.99,839.32,827.2
5909,2023-02-24T00:25:49.545000,7463837406,462.73,193.21,81.45,112.24,539.6,930.47,845.2,830.64
5910,2023-02-24T00:25:49.550000,7463837407,461.98,192.27,80.48,110.34,537.9,930.06,843.78,828.63
5911,2023-02-24T00:25:49.555000,7463837408,457.2,187.8,75.88,105.05,532.28,924.16,838.52,824.82
5912,2023-02-24T00:25:49.560000,7463837409,458.17,188.11,75.86,105.38,533.29,923.03,838.59,825.61
5913,2023-02-24T00:25:49.565000,7463837410,464.22,195.56,83.32,112.54,541.77,931.51,847.38,831.73
5914,2023-02-24T00:25:49.570000,7463837411,462.06,192.9,80.54,110.64,539.54,927.81,843.55,829.29
5915,2023-02-24T00:25:49.575000,7463837412,456.27,187.48,74.78,104.16,533.76,920.04,835.72,824.54
5916,2023-02-24T00:25:49.580000,7463837413,456.21,187.57,75.06,105.11,534.33,921.69,836.73,825.08
5917,2023-02-24T00:25:49.585000,7463837414,463.71,195.49,82.4,113.26,541.67,933.54,847.65,831
5918,2023-02-24T00:25:49.590000,7463837415,460.98,192.79,79.9,110.14,538.23,929.76,844.63,829.1
5919,2023-02-24T00:25:49.595000,7463837416,455.2,185.76,74.12,104.3,530.91,921.32,835.36,824.19
5920,2023-02-24T00:25:49.600000,7463837417,455.96,187.58,75.48,105.65,533.33,923.23,837.77,825.38
5921,2023-02-24T00:25:49.605000,7463837418,465.18,196.27,83.88,113.74,543.11,934.59,848.37,831.74
5922,2023-02-24T00:25:49.610000,7463837419,461.46,192.28,79.48,110.36,538.83,928.21,843.22,828.28
5923,2023-02-24T00:25:49.615000,7463837420,454.85,186.47,74.25,104.44,532.63,919.06,833.78,822.86
5924,2023-02-24T00:25:49.620000,7463837421,457.23,188.04,77.46,106.52,535.14,923.88,837.84,825.42
5925,2023-02-24T00:25:49.625000,7463837422,464.97,195.29,82.64,112.52,542.31,933.35,847.72,830.75
5926,2023-02-24T00:25:49.630000,7463837423,460.56,191.95,79.23,108.97,538.32,928.12,842.29,828.19
5927,2023-02-24T00:25:49.635000,7463837424,455.52,187.53,75.41,105.12,533.06,921.32,835.16,825.35
5928,2023-02-24T00:25:49.640000,7463837425,458.32,189.81,77.86,107.9,536.98,925.12,839.86,826.69
5929,2023-02-24T00:25:49.645000,7463837426,463.39,194.35,81.56,111.47,541.15,931.47,845.96,829.94
5930,2023-02-24T00:25:49.650000,7463837427,460.1,191.9,78.48,109.08,537.86,927.38,842.01,827.22
5931,2023-02-24T00:25:49.655000,7463837428,457.34,187.42,75.44,106.11,534.64,922.43,836.84,824.33
5932,2023-02-24T00:25:49.660000,7463837429,459.72,190.35,78.15,108.61,537.48,925.66,841.48,826.67
5933,2023-02-24T00:25:49.665000,7463837430,462.34,193.03,79.9,109.59,539.7,929.65,845.05,828.69
5934,2023-02-24T00:25:49.670000,7463837431,459.76,190.81,77.55,107.29,537.41,925.33,840.37,827.82
5935,2023-02-24T00:25:49.675000,7463837432,458.83,188.96,76.71,106.69,534.71,923.73,837.46,827.44
5936,2023-02-24T00:25:49.680000,7463837433,460.63,191.53,79.55,109.75,537.96,927.71,842.92,828.81
5937,2023-02-24T00:25:49.685000,7463837434,461.28,191.75,79.02,109.05,536.89,928.65,844.19,827.68
5938,2023-02-24T00:25:49.690000,7463837435,459.32,189.98,77.74,107.69,535.22,926.21,841.41,827.24
5939,2023-02-24T00:25:49.695000,7463837436,459.99,189.55,78.42,108.21,535.88,925.88,841.05,828.19
5940,2023-02-24T00:25:49.700000,7463837437,461.19,191.35,79.88,110.08,538.56,927.23,843.67,829.71
5941,2023-02-24T00:25:49.705000,7463837438,460,189.23,77.27,107.68,535.4,924.82,841.72,827.27
5942,2023-02-24T00:25:49.710000,7463837439,459.67,189.93,77.78,107.16,535.69,924.5,840.58,827.98
5943,2023-02-24T00:25:49.715000,7463837440,461.37,191.3,79.81,110.2,537.14,927.33,842.75,828.63
5944,2023-02-24T00:25:49.720000,7463837441,461.25,191.96,79.76,109.76,537.27,928.23,843.78,828.67
5945,2023-02-24T00:25:49.725000,7463837442,457.94,188.92,76.85,105.94,534.13,925.03,840.78,826.4
5946,2023-02-24T00:25:49.730000,7463837443,459.76,189.32,77.88,107.6,535.14,925.32,841.63,827.7
5947,2023-02-24T00:25:49.735000,7463837444,462.08,191.06,80.3,110.19,537.55,927.36,844.25,829.98
5948,2023-02-24T00:25:49.740000,7463837445,461.54,191.77,79.94,109.41,538.04,926.61,844.47,829.71
5949,2023-02-24T00:25:49.745000,7463837446,458.56,188.01,76.49,105.34,534.37,922.8,840.12,826.74
5950,2023-02-24T00:25:49.750000,7463837447,460.27,189.41,78.18,107.69,535.51,925.08,842.05,828.12
5951,2023-02-24T00:25:49.755000,7463837448,461.51,192.23,80.2,111.33,538.02,929.34,844.95,830.21
5952,2023-02-24T00:25:49.760000,7463837449,460.15,191.38,79.65,108.91,535.97,928.41,843.63,828.43
5953,2023-02-24T00:25:49.765000,7463837450,458.45,187.4,76.12,105.55,533.28,924.13,839.58,826.41
5954,2023-02-24T00:25:49.770000,7463837451,460.32,190.1,78.52,108.22,536.42,925.41,842.55,828.3
5955,2023-02-24T00:25:49.775000,7463837452,462.31,191.78,81.17,110.21,539.75,927.36,844.37,830.66
5956,2023-02-24T00:25:49.780000,7463837453,461.47,190.29,78.74,107.83,538.42,925.15,842.87,829.08
5957,2023-02-24T00:25:49.785000,7463837454,458.38,187.45,76.29,105.58,535.46,923.12,840.02,827.08
5958,2023-02-24T00:25:49.790000,7463837455,460.54,189.59,78.17,108.5,536.06,927.28,842.22,828.8
5959,2023-02-24T00:25:49.795000,7463837456,462.05,191.4,79.95,110.33,537.04,930.11,844.86,830.48
5960,2023-02-24T00:25:49.800000,7463837457,460.56,190.08,78.32,107.61,535.2,926.88,842.86,828.95
5961,2023-02-24T00:25:49.805000,7463837458,458.71,188.07,76.57,105.57,534.65,923.45,840.61,827.22
5962,2023-02-24T00:25:49.810000,7463837459,461.74,189.79,79.27,108.75,538.36,925.28,843.13,829.23
5963,2023-02-24T00:25:49.815000,7463837460,462.98,191.02,80.94,110.2,539.71,926.79,844.75,830.35
5964,2023-02-24T00:25:49.820000,7463837461,461.05,189.34,78.43,108.45,537.56,924.77,842.37,829.2
5965,2023-02-24T00:25:49.825000,7463837462,459.45,187.9,76.67,107,534.88,924.4,840.76,826.82
5966,2023-02-24T00:25:49.830000,7463837463,461.5,189.39,78.89,108.7,535.7,928.21,843.75,829.73
5967,2023-02-24T00:25:49.835000,7463837464,462.9,190.39,80.23,109.97,536.41,929.54,845.2,830.06
5968,2023-02-24T00:25:49.840000,7463837465,461.5,189.03,78.03,108.09,535.5,926.5,842.19,829.09
5969,2023-02-24T00:25:49.845000,7463837466,459.98,187.61,77.17,106.71,535.28,923.87,840.72,828.03
5970,2023-02-24T00:25:49.850000,7463837467,462.29,189.9,79.66,109.13,538.18,925.54,843.36,828.98
5971,2023-02-24T00:25:49.855000,7463837468,461.8,190.28,80.7,110,539.25,925.98,843.64,829.81
5972,2023-02-24T00:25:49.860000,7463837469,460.58,188.93,77.95,107.68,536.24,925.27,841.8,828.11
5973,2023-02-24T00:25:49.865000,7463837470,460.12,189.2,77.96,107.13,534.91,925.64,841.34,827.55
5974,2023-02-24T00:25:49.870000,7463837471,461.52,189.95,79.43,108.79,535.82,927.14,843.82,828.24
5975,2023-02-24T00:25:49.875000,7463837472,462.05,190.07,80.07,109.29,536.27,928.81,844.53,829.56
5976,2023-02-24T00:25:49.880000,7463837473,461.43,189.18,78.12,107.48,535.62,925.91,842.39,828.74
5977,2023-02-24T00:25:49.885000,7463837474,461.26,189.11,78.28,107.82,537.03,925,842.49,828.83
5978,2023-02-24T00:25:49.890000,7463837475,462.23,190.35,79.05,108.98,538.15,925.99,843.48,829.46
5979,2023-02-24T00:25:49.895000,7463837476,461.33,189.43,79.08,108.46,537.82,925.12,843.47,829.13
5980,2023-02-24T00:25:49.900000,7463837477,459.86,189.5,77.77,107.74,535.61,924.93,841.74,828.17
5981,2023-02-24T00:25:49.905000,7463837478,460.57,189.91,78.42,108.37,535.66,927.38,842.51,827.9
5982,2023-02-24T00:25:49.910000,7463837479,461.93,190.14,79.25,108.52,536.37,928.48,844,828.31
5983,2023-02-24T00:25:49.915000,7463837480,461.81,190.18,78.86,108.98,536.13,926.46,843.73,829.02
5984,2023-02-24T00:25:49.920000,7463837481,461.02,189.66,77.7,106.7,535.9,924.39,841.63,828.18
5985,2023-02-24T00:25:49.925000,7463837482,462.67,191.28,79.08,108.84,539.14,926.84,843.89,829.6
5986,2023-02-24T00:25:49.930000,7463837483,461.45,189.93,78.5,108.84,537.98,926.81,842.94,829.19
5987,2023-02-24T00:25:49.935000,7463837484,460.43,189.95,78.32,108.16,536.33,925.85,842.55,828.62
5988,2023-02-24T00:25:49.940000,7463837485,458.69,188.48,77.22,107.17,534.23,926.68,841.07,827.66
5989,2023-02-24T00:25:49.945000,7463837486,461.27,191.02,79.32,108.76,536.91,929.68,844.57,829.04
5990,2023-02-24T00:25:49.950000,7463837487,461.85,189.75,79.22,108.54,535.99,927.87,843.51,828.58
5991,2023-02-24T00:25:49.955000,7463837488,460.65,189.03,78.74,108.13,536.09,924.65,841.18,828.34
5992,2023-02-24T00:25:49.960000,7463837489,459.86,188.3,78.27,106.87,536.03,923.84,840.78,826.81
5993,2023-02-24T00:25:49.965000,7463837490,462.46,191.62,79.43,109.57,539.31,927.19,844.01,829.5
5994,2023-02-24T00:25:49.970000,7463837491,460.94,191.22,78.7,108.46,536.87,926.64,842.9,829
5995,2023-02-24T00:25:49.975000,7463837492,459.47,189.32,77.09,108.1,534.38,925.65,840.84,827.58
5996,2023-02-24T00:25:49.980000,7463837493,458.84,187.91,77.37,107.15,533.68,926.66,840.89,826.58
5997,2023-02-24T00:25:49.985000,7463837494,462.34,190.92,78.97,108.68,537.01,929.71,844.61,828.98
5998,2023-02-24T00:25:49.990000,7463837495,461.28,190.71,79.17,108.1,536.49,926.76,841.95,828.93
5999,2023-02-24T00:25:49.995000,7463837496,459.62,188.57,77.96,106.96,535.25,924.18,840.07,828.34
6000,2023-02-24T00:25:50,7463837497,459.24,188.93,78.06,107.12,536.27,923.76,840.72,828.08
6001,2023-02-24T00:25:50.005000,7463837498,461.54,190.89,78.44,108.27,537.88,926.75,843.44,827.81
6002,2023-02-24T00:25:50.010000,7463837499,459.89,190.71,79,108.1,536.67,926.95,842.26,827.62
6003,2023-02-24T00:25:50.015000,7463837500,459.07,189.64,78.14,107.94,534.97,926.81,841.42,827.5
6004,2023-02-24T00:25:50.020000,7463837501,460.29,190.12,78.41,108.19,535.89,926.56,841.31,827.97
6005,2023-02-24T00:25:50.025000,7463837502,460.19,189.46,78.26,107.69,535.19,925.76,841.02,827.24
6006,2023-02-24T00:25:50.030000,7463837503,460.63,189.58,78.27,108.34,536.05,925.35,841.47,828.05
6007,2023-02-24T00:25:50.035000,7463837504,460.9,190.72,78.98,108.19,537.05,925.39,841.66,828.87
6008,2023-02-24T00:25:50.040000,7463837505,460.96,190.76,79.16,108.6,537.54,926.33,843,829.13
6009,2023-02-24T00:25:50.045000,7463837506,458.87,188.74,76.34,106.7,534.74,924.23,841.71,826.67
6010,2023-02-24T00:25:50.050000,7463837507,460.23,189.35,77.45,107.07,535.38,925.56,842.14,827.79
6011,2023-02-24T00:25:50.055000,7463837508,462.11,191.71,80.58,109.47,537.61,927.61,844.66,829.8
6012,2023-02-24T00:25:50.060000,7463837509,462.65,191.23,80.81,109.95,537.38,928.57,844.39,830.4
6013,2023-02-24T00:25:50.065000,7463837510,457.64,185.54,75.19,104.16,531.93,921.21,837.36,825.75
6014,2023-02-24T00:25:50.070000,7463837511,459.4,188.16,77.36,106.94,534.5,923.85,840.49,827.6
6015,2023-02-24T00:25:50.075000,7463837512,464.07,192.57,81.69,110.93,538.89,929.09,845.89,831.02
6016,2023-02-24T00:25:50.080000,7463837513,463.2,192.37,80.79,110.08,538.68,929.09,845.44,830.16
6017,2023-02-24T00:25:50.085000,7463837514,455.92,185.19,74.27,103.6,530.38,919.87,836.73,824.91
6018,2023-02-24T00:25:50.090000,7463837515,459.28,188.28,77.37,106.78,533.95,923.41,840.24,827.43
6019,2023-02-24T00:25:50.095000,7463837516,465.5,193.44,82.33,112,539.94,930.1,846.69,831.06
6020,2023-02-24T00:25:50.100000,7463837517,463.35,192.47,80.63,110.29,538.38,927.08,844.96,830.29
6021,2023-02-24T00:25:50.105000,7463837518,456.17,185.16,73.62,103.09,530.76,918.07,834.56,824.25
6022,2023-02-24T00:25:50.110000,7463837519,458.96,188.19,76.63,107.35,535.11,923.77,839.31,827.21
6023,2023-02-24T00:25:50.115000,7463837520,464.95,193.89,82.14,112.6,540.75,932.35,847.56,830.97
6024,2023-02-24T00:25:50.120000,7463837521,463.16,191.71,80.33,110.05,537.44,929.59,844.31,829.01
6025,2023-02-24T00:25:50.125000,7463837522,454.72,184.34,73.87,102.82,529.65,918.88,834.09,823.67
6026,2023-02-24T00:25:50.130000,7463837523,459.39,188.6,77.76,106.72,534.81,924.02,840.29,826.87
6027,2023-02-24T00:25:50.135000,7463837524,464.9,193.01,82.61,111.64,541.09,930.41,847.95,830.8
6028,2023-02-24T00:25:50.140000,7463837525,462.65,191.08,80.29,108.76,538.05,926.87,843.24,829.15
6029,2023-02-24T00:25:50.145000,7463837526,456.89,184.84,74.88,104.14,531.73,918.83,834.72,824.82
6030,2023-02-24T00:25:50.150000,7463837527,460.55,188.53,78.27,107.61,535.44,925.58,841.27,827.95
6031,2023-02-24T00:25:50.155000,7463837528,464.91,193.42,81.2,111.27,540.61,931.43,846.83,830.11
6032,2023-02-24T00:25:50.160000,7463837529,461.46,190.14,78.46,108.34,536.17,926.59,843.18,828.47
6033,2023-02-24T00:25:50.165000,7463837530,458.05,185.88,76.04,104.59,531.89,921.6,836.53,826.15
6034,2023-02-24T00:25:50.170000,7463837531,460.67,188.74,79.53,107.7,536.31,924.65,842.3,828.56
6035,2023-02-24T00:25:50.175000,7463837532,464.8,191.82,81.43,110.25,540.62,928.97,846.72,830.7
6036,2023-02-24T00:25:50.180000,7463837533,461.81,188.9,78.66,107.54,536.46,924.49,841.91,828.3
6037,2023-02-24T00:25:50.185000,7463837534,459.54,187.3,77.08,106.56,533.77,922.81,837.98,826.98
6038,2023-02-24T00:25:50.190000,7463837535,462.09,188.99,79.58,108.17,536.07,927.15,842.24,828.89
6039,2023-02-24T00:25:50.195000,7463837536,463.78,191.38,80.32,110.16,537.2,929.16,845.03,829.87
6040,2023-02-24T00:25:50.200000,7463837537,460.47,188.7,77.95,107.72,534.28,924.73,841.17,827.07
6041,2023-02-24T00:25:50.205000,7463837538,460.2,188.09,78.75,108.27,535.51,923.51,840.29,828.25
6042,2023-02-24T00:25:50.210000,7463837539,461.87,189.33,79.98,108.88,538.1,924.63,842.41,828.22
6043,2023-02-24T00:25:50.215000,7463837540,462.5,189.28,78.52,107.87,537.69,925.04,842.69,828.47
6044,2023-02-24T00:25:50.220000,7463837541,460.13,188.11,77.53,106.34,534.91,922.88,838.89,827.11
6045,2023-02-24T00:25:50.225000,7463837542,462.79,190.19,80.42,109.8,536.5,926.43,841.56,828.33
6046,2023-02-24T00:25:50.230000,7463837543,462.33,190.03,80,109.13,536.24,927.85,841.98,827.85
6047,2023-02-24T00:25:50.235000,7463837544,461.37,188.67,77.93,107.14,534.79,925.72,840.6,826.36
6048,2023-02-24T00:25:50.240000,7463837545,460.05,187.77,78.46,106.66,534.49,923.67,839.54,826.37
6049,2023-02-24T00:25:50.245000,7463837546,463.46,190.86,81.48,110.16,539.29,926.1,842.33,828.95
6050,2023-02-24T00:25:50.250000,7463837547,462.54,190.45,79.4,108.85,538.45,924.95,841.45,828.59
6051,2023-02-24T00:25:50.255000,7463837548,460.16,188.21,76.95,106.16,536.07,923.15,839.11,826.18
6052,2023-02-24T00:25:50.260000,7463837549,459.67,188.68,78.43,107.72,535.14,923.97,839.05,827.18
6053,2023-02-24T00:25:50.265000,7463837550,463.03,191.82,80.9,110.44,537.9,928.06,843.08,829.39
6054,2023-02-24T00:25:50.270000,7463837551,461.77,189.99,79.33,108.96,535.97,927.43,841.79,827.38
6055,2023-02-24T00:25:50.275000,7463837552,460,187.24,77.25,106.26,533.93,923.48,838.84,825.78
6056,2023-02-24T00:25:50.280000,7463837553,460.92,188.93,78.43,107.71,535.91,924.48,839.42,827.33
6057,2023-02-24T00:25:50.285000,7463837554,463.9,191.55,81.8,110.61,540.48,926.66,843.21,829.85
6058,2023-02-24T00:25:50.290000,7463837555,461.38,189.82,78.9,108.09,538.07,924.37,840.55,827.08
6059,2023-02-24T00:25:50.295000,7463837556,459.38,187.64,76.67,106.21,535.09,921.87,838.21,825.49
6060,2023-02-24T00:25:50.300000,7463837557,461.32,189.07,78.46,108.34,536.11,925.59,840.12,826.96
6061,2023-02-24T00:25:50.305000,7463837558,463.44,191.68,80.6,110.7,538.12,929.51,843,828.64
6062,2023-02-24T00:25:50.310000,7463837559,460.6,188.78,78.92,107.57,534.37,925.94,840.48,826.66
6063,2023-02-24T00:25:50.315000,7463837560,459.84,187.86,77.24,106.03,534.09,923.42,838.74,825.65
6064,2023-02-24T00:25:50.320000,7463837561,462.22,189.88,79.15,108.78,537.09,925.38,841.4,827.54
6065,2023-02-24T00:25:50.325000,7463837562,462.93,192.24,80.32,109.85,538.14,927.49,842.3,828.98
6066,2023-02-24T00:25:50.330000,7463837563,460.93,190.03,78.3,107.81,536.04,924.5,839.71,826.72
6067,2023-02-24T00:25:50.335000,7463837564,459.64,188.35,77.51,106.76,534.87,923.46,838.44,825.12
6068,2023-02-24T00:25:50.340000,7463837565,461.06,189.14,79.82,108.65,536.73,925.73,841.22,826.3
6069,2023-02-24T00:25:50.345000,7463837566,462.93,191.32,81.18,109.49,537.17,926.9,842.33,827.35
6070,2023-02-24T00:25:50.350000,7463837567,460.36,188.76,78.32,108.27,535.5,923.74,839.27,826.25
6071,2023-02-24T00:25:50.355000,7463837568,460.41,188.36,77.05,106.28,534.78,922.23,838.44,825.61
6072,2023-02-24T00:25:50.360000,7463837569,461.23,190.63,79.35,109.17,537.74,925.14,841.15,827.26
6073,2023-02-24T00:25:50.365000,7463837570,462.48,190.85,79.43,109.37,538.14,926.18,841.97,827.75
6074,2023-02-24T00:25:50.370000,7463837571,460.87,189.44,78.05,107.29,535.8,925.16,839.84,826.45
6075,2023-02-24T00:25:50.375000,7463837572,460.31,188.52,77.29,106.88,534.6,924.19,838.5,825.19
6076,2023-02-24T00:25:50.380000,7463837573,461.47,189.44,79.76,108.59,536.84,926.47,840.7,827.35
6077,2023-02-24T00:25:50.385000,7463837574,462.38,189.92,79.22,108.27,536.77,925.43,840.32,827.33
6078,2023-02-24T00:25:50.390000,7463837575,460.95,190.06,78.55,107.85,536.89,923.62,839.37,826.98
6079,2023-02-24T00:25:50.395000,7463837576,461.37,189.24,78.42,107.27,536.88,923.67,839.82,826.47
6080,2023-02-24T00:25:50.400000,7463837577,461.71,190.48,79.66,108.29,538.43,926.02,841.42,827.76
6081,2023-02-24T00:25:50.405000,7463837578,460.39,189.57,78.94,108.17,537.13,924.71,840.83,826.88
6082,2023-02-24T00:25:50.410000,7463837579,460.15,189.11,77.9,107.64,535.9,924.84,840.43,826.56
6083,2023-02-24T00:25:50.415000,7463837580,460.53,189.41,78.22,107.6,536.24,925.59,840.54,826.74
6084,2023-02-24T00:25:50.420000,7463837581,462.25,189.47,80.16,108.29,536.72,926.01,842.44,828.1
6085,2023-02-24T00:25:50.425000,7463837582,460.93,188.59,78.74,107.41,535.11,923.26,839.55,827.6
6086,2023-02-24T00:25:50.430000,7463837583,462.07,189.82,78.89,107.48,536.15,924.51,839.7,827.43
6087,2023-02-24T00:25:50.435000,7463837584,461.9,189.34,77.78,108,536.72,924.67,841.11,827.6
6088,2023-02-24T00:25:50.440000,7463837585,462.28,190.2,80.17,109.31,537.86,926.5,842.33,827.53
6089,2023-02-24T00:25:50.445000,7463837586,460.68,187.81,78.64,107.15,535.15,923.99,839.91,826.54
6090,2023-02-24T00:25:50.450000,7463837587,460.33,188.39,78.7,107.82,536.03,925.27,840.83,826.91
6091,2023-02-24T00:25:50.455000,7463837588,462.64,189.71,79.67,108.71,537.98,925.56,841.57,827.34
6092,2023-02-24T00:25:50.460000,7463837589,463.36,191,80.15,108.59,538.13,925.78,842.85,828.57
6093,2023-02-24T00:25:50.465000,7463837590,460.88,187.68,78.1,107.03,535.26,922.28,838.41,827.11
6094,2023-02-24T00:25:50.470000,7463837591,461.64,188.79,78.7,107.59,536.31,924.03,840.36,827.86
6095,2023-02-24T00:25:50.475000,7463837592,462.63,190.13,79.43,109.19,536.82,927.15,842.57,828.48
6096,2023-02-24T00:25:50.480000,7463837593,462.32,190.23,79.81,109.04,536.06,926.73,842.98,828.53
6097,2023-02-24T00:25:50.485000,7463837594,459.85,187.49,78,107.42,533.7,923.56,839.24,826.97
6098,2023-02-24T00:25:50.490000,7463837595,461.55,188.72,79.02,108.75,536.2,924.7,841.27,827.9
6099,2023-02-24T00:25:50.495000,7463837596,463.61,190.85,80.18,109.4,538.33,926.18,843.9,828.65
6100,2023-02-24T00:25:50.500000,7463837597,462.8,190.6,79.88,108.52,538.17,925.15,842.83,828.59
6101,2023-02-24T00:25:50.505000,7463837598,460.5,187.48,78.12,107.32,535.04,922.9,838.87,827.43
6102,2023-02-24T00:25:50.510000,7463837599,460.84,189.15,79.2,108.49,536.02,925.23,841.13,828.44
6103,2023-02-24T00:25:50.515000,7463837600,462.23,189.75,79.75,108.38,536.36,926.99,843.22,828.5
6104,2023-02-24T00:25:50.520000,7463837601,462.54,188.32,78.96,107.91,536.71,926.55,842.73,829.15
6105,2023-02-24T00:25:50.525000,7463837602,461.73,188.14,79.24,108.41,536.05,924.55,841.64,828.28
6106,2023-02-24T00:25:50.530000,7463837603,461.91,189.65,79.88,108.05,537.08,925.2,841.53,828
6107,2023-02-24T00:25:50.535000,7463837604,462.28,189.25,79.44,108.15,537.43,924.8,842.17,826.98
6108,2023-02-24T00:25:50.540000,7463837605,462.03,189.36,79.05,107.68,537.32,924.25,841.5,827.67
6109,2023-02-24T00:25:50.545000,7463837606,462.4,189.5,79.35,108.77,537.11,925.58,841.09,828.22
6110,2023-02-24T00:25:50.550000,7463837607,461.81,188.87,79.84,108.77,536.41,926,841.33,827.36
6111,2023-02-24T00:25:50.555000,7463837608,460.82,187.75,77.96,106.91,535.37,925.28,840.95,826.48
6112,2023-02-24T00:25:50.560000,7463837609,460.86,188.1,78.22,106.93,535.68,923.61,839.89,825.79
6113,2023-02-24T00:25:50.565000,7463837610,464.38,191.15,81.52,110.48,539.49,926.14,843.41,828.81
6114,2023-02-24T00:25:50.570000,7463837611,462.45,189.95,80.25,108.23,538.42,924.62,842.02,827.48
6115,2023-02-24T00:25:50.575000,7463837612,458.82,186.84,76.59,105.39,534.77,921.38,838.22,825.27
6116,2023-02-24T00:25:50.580000,7463837613,459.49,187.6,76.81,105.96,534.97,922.82,838.18,825.67
6117,2023-02-24T00:25:50.585000,7463837614,465.7,193.16,83.25,112.25,540.78,931.66,846.51,830.86
6118,2023-02-24T00:25:50.590000,7463837615,462.79,190.33,80.25,109.61,536.67,926.96,842.05,828.12
6119,2023-02-24T00:25:50.595000,7463837616,457.76,185.07,75.59,103.4,531.98,920.2,835.76,823.54
6120,2023-02-24T00:25:50.600000,7463837617,459.55,186.61,76.82,105.81,534.67,921.89,838.5,825.12
6121,2023-02-24T00:25:50.605000,7463837618,467.56,194.56,83.6,113.04,543.43,931.68,847.68,831.03
6122,2023-02-24T00:25:50.610000,7463837619,463.58,190.73,80.16,109.43,538.65,926.16,842.13,828.13
6123,2023-02-24T00:25:50.615000,7463837620,457.7,184.21,74.91,103.71,531.41,919.62,835.35,823.34
6124,2023-02-24T00:25:50.620000,7463837621,459.03,186.92,77.09,106.16,534.4,923.11,838.26,825.42
6125,2023-02-24T00:25:50.625000,7463837622,468.16,194.01,84.09,112.99,541.75,932.74,848.56,831.81
6126,2023-02-24T00:25:50.630000,7463837623,464.03,189.73,80.64,109.26,537.34,926.52,842.23,828.42
6127,2023-02-24T00:25:50.635000,7463837624,457.64,184.31,75.18,103.24,531.93,918.2,834.54,823.68
6128,2023-02-24T00:25:50.640000,7463837625,460.9,187.3,77.84,106.49,535.79,922.01,839.44,826.24
6129,2023-02-24T00:25:50.645000,7463837626,466.81,194.08,83.33,112.26,541.99,931.24,848.6,831.1
6130,2023-02-24T00:25:50.650000,7463837627,462.2,189.74,79.46,108.31,537.45,926.26,842.48,828.27
6131,2023-02-24T00:25:50.655000,7463837628,457.28,185,74.7,104.3,530.8,919.81,834.96,824.63
6132,2023-02-24T00:25:50.660000,7463837629,461.35,188.24,78.27,107.87,535.19,925.43,840.54,826.9
6133,2023-02-24T00:25:50.665000,7463837630,466.44,193.47,82.04,111.76,540.23,931.86,848.41,830.07
6134,2023-02-24T00:25:50.670000,7463837631,461.61,188.93,78.9,107.48,536.91,924.53,842.14,826.99
6135,2023-02-24T00:25:50.675000,7463837632,458.09,186.22,76.41,105.29,534.02,919.8,836.07,825.34
6136,2023-02-24T00:25:50.680000,7463837633,462.22,189.61,80.08,108.18,538.3,925.42,841.98,827.57
6137,2023-02-24T00:25:50.685000,7463837634,464.87,192.59,81.16,109.87,539.56,929.3,845.9,829.03
6138,2023-02-24T00:25:50.690000,7463837635,461.28,189.03,78.21,107.34,535.86,924.83,840.98,826.76
6139,2023-02-24T00:25:50.695000,7463837636,459.4,188.5,78.03,106.47,533.42,923.26,838.06,826.28
6140,2023-02-24T00:25:50.700000,7463837637,462.15,190.41,79.74,108.89,536.4,926.8,843.05,827.42
6141,2023-02-24T00:25:50.705000,7463837638,462.71,190.24,79.25,108.08,537.16,926.02,843.05,827.1
6142,2023-02-24T00:25:50.710000,7463837639,461.33,188.86,78.62,106.98,536.43,923.06,840.79,826.52
6143,2023-02-24T00:25:50.715000,7463837640,461.44,188.56,78.89,107.92,536.58,922.95,839.84,827.18
6144,2023-02-24T00:25:50.720000,7463837641,463.14,189.96,79.84,109.4,537.99,926.46,841.91,828.12
6145,2023-02-24T00:25:50.725000,7463837642,460.2,188.94,77.77,106.64,535.49,924.94,840.13,826.08
6146,2023-02-24T00:25:50.730000,7463837643,460.55,189.18,77.48,107.42,533.78,925.71,839.76,826.85
6147,2023-02-24T00:25:50.735000,7463837644,462.68,190.7,79.77,108.65,535.62,926.95,841.63,828.04
6148,2023-02-24T00:25:50.740000,7463837645,462.2,190.18,79.7,108.59,537.39,927.67,842.36,827.39
6149,2023-02-24T00:25:50.745000,7463837646,460.02,187.82,76.59,105.67,535.02,922.5,838.41,825.05
6150,2023-02-24T00:25:50.750000,7463837647,460.7,189.37,78.22,107.46,536.52,922.98,840.27,826.12
6151,2023-02-24T00:25:50.755000,7463837648,463.43,190.7,80.94,109.89,539.2,925.22,842.13,828.25
6152,2023-02-24T00:25:50.760000,7463837649,462.27,189.44,79.36,108.43,536.94,925.66,841.45,828.26
6153,2023-02-24T00:25:50.765000,7463837650,459.89,186.69,76.64,105.54,533.31,923.23,838.42,825.62
6154,2023-02-24T00:25:50.770000,7463837651,460.89,189.12,78.91,107.49,534.59,926.37,840.72,826.94
6155,2023-02-24T00:25:50.775000,7463837652,462.96,190.39,80.03,109.55,536.56,928.12,843.18,828.64
6156,2023-02-24T00:25:50.780000,7463837653,462.88,189.48,78.92,108.51,536.38,925.53,841.31,827.79
6157,2023-02-24T00:25:50.785000,7463837654,459.45,187.01,77.19,105.37,534.61,921.69,838.47,825.99
6158,2023-02-24T00:25:50.790000,7463837655,461.76,188.95,78.74,107.82,538.04,923.72,841.36,828.09
6159,2023-02-24T00:25:50.795000,7463837656,463.54,190.3,81.17,110.09,538.86,925.46,843.35,829.63
6160,2023-02-24T00:25:50.800000,7463837657,461.81,188.64,78.68,108.23,535.94,924.85,841.56,827.57
6161,2023-02-24T00:25:50.805000,7463837658,459.67,187.06,77.17,105.8,533.01,923.77,838.92,825.72
6162,2023-02-24T00:25:50.810000,7463837659,462.47,188.54,79.12,108.23,534.8,927.05,842.22,827.86
6163,2023-02-24T00:25:50.815000,7463837660,463.89,190.65,81.13,109.76,536.48,927.44,843.72,829.52
6164,2023-02-24T00:25:50.820000,7463837661,463.21,188.28,78.53,107.39,535.61,924.33,840.76,827.91
6165,2023-02-24T00:25:50.825000,7463837662,460.34,187.35,77.48,106.08,535.22,921.56,839.39,826.94
6166,2023-02-24T00:25:50.830000,7463837663,462.51,189.35,80.04,108.44,537.59,923.57,841.98,828.53
6167,2023-02-24T00:25:50.835000,7463837664,463.42,189.82,80.92,108.92,537.88,925.74,843.78,829.02
6168,2023-02-24T00:25:50.840000,7463837665,461.61,188.19,78.03,107.06,535.19,924.53,840.85,827.14
6169,2023-02-24T00:25:50.845000,7463837666,460.88,187.02,78.62,106.54,533.35,924.5,840.26,826.83
6170,2023-02-24T00:25:50.850000,7463837667,462.86,188.81,80.07,108.78,535.59,927.43,842.39,828.1
6171,2023-02-24T00:25:50.855000,7463837668,463.7,188.67,80.27,108.93,536.62,926.56,843.58,828.68
6172,2023-02-24T00:25:50.860000,7463837669,462.32,188.25,78.01,106.66,536.28,922.87,841.15,827.69
6173,2023-02-24T00:25:50.865000,7463837670,461.39,187.68,78.14,106.87,536.61,922.01,840.24,827.56
6174,2023-02-24T00:25:50.870000,7463837671,462.34,189.25,80.18,108.72,537.9,924.81,842.83,829.08
6175,2023-02-24T00:25:50.875000,7463837672,462.87,189.68,79.85,109.14,536.72,925.47,842.76,828.99
6176,2023-02-24T00:25:50.880000,7463837673,462.31,188.28,78.04,106.77,533.66,924.67,840.32,826.94
6177,2023-02-24T00:25:50.885000,7463837674,462.26,187.75,78.37,107.07,534.82,925.14,841.02,827.28
6178,2023-02-24T00:25:50.890000,7463837675,463.15,188.11,79.98,108.52,535.87,924.83,842.18,828.27
6179,2023-02-24T00:25:50.895000,7463837676,463.72,189.91,79.9,109.04,536.57,924.14,842.96,828.59
6180,2023-02-24T00:25:50.900000,7463837677,462.51,188.05,78.14,107.11,536.44,922.67,840.57,827.87
6181,2023-02-24T00:25:50.905000,7463837678,462.62,188.61,78.9,107.51,536.89,923.99,842.04,827.78
6182,2023-02-24T00:25:50.910000,7463837679,462.48,188.79,79.58,108.49,537.02,925.42,842.36,828.28
6183,2023-02-24T00:25:50.915000,7463837680,462.69,188.52,79.7,108.64,536.8,925.8,842.79,828.55
6184,2023-02-24T00:25:50.920000,7463837681,461.92,187.82,78.18,107.68,534.65,924.13,841.37,827.37
6185,2023-02-24T00:25:50.925000,7463837682,464.06,189.16,79.7,107.94,536.37,925.82,842.98,829.11
6186,2023-02-24T00:25:50.930000,7463837683,463.49,188.24,79.91,108.29,536.44,924.95,842.12,828.83
6187,2023-02-24T00:25:50.935000,7463837684,462.78,188.26,79.49,108.41,536.95,923.71,841.9,828.91
6188,2023-02-24T00:25:50.940000,7463837685,462.48,187.08,78.38,107.08,536.22,923.12,839.65,828.35
6189,2023-02-24T00:25:50.945000,7463837686,464.92,189.45,79.79,108.48,538.46,926.49,843.33,829.26
6190,2023-02-24T00:25:50.950000,7463837687,462.53,188.3,79.45,108.05,536.8,925.28,841.9,828.62
6191,2023-02-24T00:25:50.955000,7463837688,461.57,187.44,78.7,107.77,535.35,923.72,840.47,827.47
6192,2023-02-24T00:25:50.960000,7463837689,461.75,186.81,78.84,107.45,535.17,923.6,840.69,827.58
6193,2023-02-24T00:25:50.965000,7463837690,465.43,189.34,80.97,109.17,537.98,925.88,844.5,829.89
6194,2023-02-24T00:25:50.970000,7463837691,463.37,188.27,79.3,108.11,536.74,923.92,842.14,829.75
6195,2023-02-24T00:25:50.975000,7463837692,462.93,186.89,78.56,106.74,535.22,922.89,840.52,828.61
6196,2023-02-24T00:25:50.980000,7463837693,462.07,187.08,78.04,106.96,534.35,923.52,841.35,827.96
6197,2023-02-24T00:25:50.985000,7463837694,464.75,190.15,80.41,109.87,537.27,927.69,845.47,829.85
6198,2023-02-24T00:25:50.990000,7463837695,462.89,187.62,79.16,107.8,535.28,924.05,843.4,828.98
6199,2023-02-24T00:25:50.995000,7463837696,461.63,186.37,78.38,106.57,533.49,922.09,841.01,827.86
6200,2023-02-24T00:25:51,7463837697,462.38,186.67,79.28,107.82,535.08,922.1,841.39,828.55
6201,2023-02-24T00:25:51.005000,7463837698,465.25,189.08,80.48,108.97,537.27,925.45,843.91,830.08
6202,2023-02-24T00:25:51.010000,7463837699,463.54,188.27,79.48,108.05,535.1,923.85,840.95,829.13
6203,2023-02-24T00:25:51.015000,7463837700,461.61,186.61,78.72,106.79,532.28,922.87,839.27,827.99
6204,2023-02-24T00:25:51.020000,7463837701,462.65,187.45,79.38,107.49,533.78,925.17,840.94,827.57
6205,2023-02-24T00:25:51.025000,7463837702,464.2,188.98,79.5,108.68,536.18,926.26,843.62,827.6
6206,2023-02-24T00:25:51.030000,7463837703,462.84,188.14,79.27,107.42,536.17,923.61,840.67,827.21
6207,2023-02-24T00:25:51.035000,7463837704,461.47,188.09,78.71,107.51,536.28,920.81,839.62,826.41
6208,2023-02-24T00:25:51.040000,7463837705,462.72,188.46,80.1,108.5,537.33,921.46,840.08,827.12
6209,2023-02-24T00:25:51.045000,7463837706,463.15,188.29,79.26,107.79,537.1,922.87,840.53,827.29
6210,2023-02-24T00:25:51.050000,7463837707,462.18,188.7,79.01,106.95,534.53,923.42,839.57,827.08
6211,2023-02-24T00:25:51.055000,7463837708,462.28,188.94,79.08,108.25,534.29,925.92,839.65,827.53
6212,2023-02-24T00:25:51.060000,7463837709,462.35,190.16,79.65,108.87,535.42,926.91,840.24,827.15
6213,2023-02-24T00:25:51.065000,7463837710,459.99,187.73,77.06,106.09,533.34,922.76,837.44,824.45
6214,2023-02-24T00:25:51.070000,7463837711,461.78,188.52,78.71,107.6,535.44,923.05,838.77,825.23
6215,2023-02-24T00:25:51.075000,7463837712,464.83,190.78,81.56,110.05,539.33,924.5,840.96,827.81
6216,2023-02-24T00:25:51.080000,7463837713,464.06,189.88,80.4,109.51,538.23,924.18,839.77,826.49
6217,2023-02-24T00:25:51.085000,7463837714,459.37,184.98,75.7,103.85,532.94,918.72,833.32,822.24
6218,2023-02-24T00:25:51.090000,7463837715,461.28,187.61,78.33,106.21,534.91,923.22,836.94,825.11
6219,2023-02-24T00:25:51.095000,7463837716,466.55,192.53,83.06,111.27,539.6,929.55,844.19,829.21
6220,2023-02-24T00:25:51.100000,7463837717,464.17,190.53,80.21,108.56,537.39,926.36,841.9,827.78
6221,2023-02-24T00:25:51.105000,7463837718,456.54,183.23,74.13,102.29,530.24,917.01,832.45,821.45
6222,2023-02-24T00:25:51.110000,7463837719,460.89,187.61,77.96,107.32,535.99,921.63,838.29,825.79
6223,2023-02-24T00:25:51.115000,7463837720,467.69,193.92,83.99,112.65,542.42,930.02,846.08,830.21
6224,2023-02-24T00:25:51.120000,7463837721,464.49,190.18,80,108.54,537.58,925.74,841.11,827.84
6225,2023-02-24T00:25:51.125000,7463837722,456.2,182.67,73.71,102.33,528.51,916.63,831.62,822.13
6226,2023-02-24T00:25:51.130000,7463837723,461.04,187.33,78.73,106,533.71,923.4,838.01,825.32
6227,2023-02-24T00:25:51.135000,7463837724,466.08,193.39,82.8,111.9,539.78,930.76,846.36,829.85
6228,2023-02-24T00:25:51.140000,7463837725,462.96,190.6,80.1,107.79,536.99,925.14,840.91,826.83
6229,2023-02-24T00:25:51.145000,7463837726,457.17,184.59,75,102.81,531.75,915.69,832.25,822.8
6230,2023-02-24T00:25:51.150000,7463837727,462.44,188.3,78.71,107.62,536.77,922.02,838.39,826.04
6231,2023-02-24T00:25:51.155000,7463837728,466.49,193.4,82.6,111.15,541.58,928.64,844.76,829.45
6232,2023-02-24T00:25:51.160000,7463837729,462.95,189.43,78.76,108.21,535.99,924.5,839.3,826.33
6233,2023-02-24T00:25:51.165000,7463837730,458.48,184.89,76.65,104.16,531.63,919.75,833.79,823.46
6234,2023-02-24T00:25:51.170000,7463837731,461.82,188.63,79.3,107.46,534.94,924.64,839.77,825.89
6235,2023-02-24T00:25:51.175000,7463837732,464.16,190.35,81.61,109.9,537.48,927.21,843.07,827.34
6236,2023-02-24T00:25:51.180000,7463837733,462.5,188.2,78.19,106.85,534.98,922.52,838.64,825.09
6237,2023-02-24T00:25:51.185000,7463837734,461.34,186.34,77.96,105.76,535.27,919.23,836.41,825.36
6238,2023-02-24T00:25:51.190000,7463837735,463.19,188.76,80.52,108.02,537.42,922.04,840,826.6
6239,2023-02-24T00:25:51.195000,7463837736,464.08,189.18,79.11,107.75,536.37,923.82,840.48,826.55
6240,2023-02-24T00:25:51.200000,7463837737,461.89,187.54,78.01,105.96,533.9,922.24,837.78,825.31
6241,2023-02-24T00:25:51.205000,7463837738,462.69,188.27,79.06,107.42,534.02,924.14,839.22,826.27
6242,2023-02-24T00:25:51.210000,7463837739,463.25,188.59,80.16,107.68,535.32,924.98,840.44,826.07
6243,2023-02-24T00:25:51.215000,7463837740,462.37,187.92,78.02,107.01,534.41,923.46,839.84,825.55
6244,2023-02-24T00:25:51.220000,7463837741,462.05,187.7,78.06,106.12,534.67,921.43,837.81,825.29
6245,2023-02-24T00:25:51.225000,7463837742,463.16,188.79,80.06,108.49,537.67,923.23,839.03,827.82
6246,2023-02-24T00:25:51.230000,7463837743,463.21,188.44,79.8,107.6,537.25,923.57,840.04,825.98
6247,2023-02-24T00:25:51.235000,7463837744,461.78,187.73,78.1,106.13,535.53,922.27,837.94,825.12
6248,2023-02-24T00:25:51.240000,7463837745,461.62,187.99,78.61,107.08,534.74,922.99,837.84,825.47
6249,2023-02-24T00:25:51.245000,7463837746,463.25,189.96,81.41,109.47,537.81,926.75,841.32,827.65
6250,2023-02-24T00:25:51.250000,7463837747,462.35,189.09,79.57,108.68,536.73,924.88,839.53,826.29
6251,2023-02-24T00:25:51.255000,7463837748,462.12,187.82,77.57,106.42,534.33,922.14,836.9,825.73
6252,2023-02-24T00:25:51.260000,7463837749,462.26,188.34,78.97,107.73,535.59,922.42,837.64,826.85
6253,2023-02-24T00:25:51.265000,7463837750,464.84,189.66,81.39,110.1,538.02,924.71,841.21,828.75
6254,2023-02-24T00:25:51.270000,7463837751,462.86,187.93,79.47,107.23,535.99,922.45,838.87,826.63
6255,2023-02-24T00:25:51.275000,7463837752,461.8,186.6,77.33,105.67,533.32,921.6,837.24,824.65
6256,2023-02-24T00:25:51.280000,7463837753,461.85,188.61,79.36,107.95,535.72,923.89,839.13,825.72
6257,2023-02-24T00:25:51.285000,7463837754,465.07,190.65,80.97,109.95,537.85,925.87,842,828.15
6258,2023-02-24T00:25:51.290000,7463837755,462.91,188.1,79.1,107.97,535.96,922.34,838.88,826.07
6259,2023-02-24T00:25:51.295000,7463837756,461.92,186.47,77.68,106.35,534.36,920.77,837.41,825.4
6260,2023-02-24T00:25:51.300000,7463837757,463.73,187.67,80.04,107.7,536.43,922.9,838.92,827.46
6261,2023-02-24T00:25:51.305000,7463837758,465.28,189.6,80.94,109.31,537,925.35,841.35,828.27
6262,2023-02-24T00:25:51.310000,7463837759,462.99,187.74,79.01,107,534.4,923.25,839.08,826.01
6263,2023-02-24T00:25:51.315000,7463837760,461.95,187.49,77.67,106.29,533.75,922.64,838.5,824.83
6264,2023-02-24T00:25:51.320000,7463837761,462.94,188.98,79.66,108.71,536.29,924.72,840.66,826.43
6265,2023-02-24T00:25:51.325000,7463837762,464.05,190,80.39,109.16,538.24,924.5,841.54,827.05
6266,2023-02-24T00:25:51.330000,7463837763,462.62,188.35,78.43,107.5,536.55,922.11,838.34,825.47
6267,2023-02-24T00:25:51.335000,7463837764,462.07,188.03,78.47,106.44,535.68,921.08,838.12,826.33
6268,2023-02-24T00:25:51.340000,7463837765,463.38,188.55,80.6,108.45,537.4,924.17,840.47,827.1
6269,2023-02-24T00:25:51.345000,7463837766,463.6,188.52,80.51,108.07,536.38,925.77,841.44,827.67
6270,2023-02-24T00:25:51.350000,7463837767,462.19,187.3,79.2,106.8,533.81,924.69,839.43,826.41
6271,2023-02-24T00:25:51.355000,7463837768,461.79,187.1,78.6,106.54,533.91,923.96,838.77,825.57
6272,2023-02-24T00:25:51.360000,7463837769,463.2,189.57,80.13,108.39,536.41,924.94,841.25,827.63
6273,2023-02-24T00:25:51.365000,7463837770,463.63,189.26,80.31,108.22,537.78,923.75,841.6,827.28
6274,2023-02-24T00:25:51.370000,7463837771,462.56,187.37,78.88,106.77,535.98,922.05,838.29,826.62
6275,2023-02-24T00:25:51.375000,7463837772,462.97,186.9,78.73,106.2,535.91,922.37,838.7,825.95
6276,2023-02-24T00:25:51.380000,7463837773,463.87,188.13,80.53,108.4,537.36,924.8,841.47,827.15
6277,2023-02-24T00:25:51.385000,7463837774,462.73,188.49,80.01,107.87,536.37,924.74,840.35,826.22
6278,2023-02-24T00:25:51.390000,7463837775,462.05,187.44,78.28,107.09,534.69,924.35,838.72,825.15
6279,2023-02-24T00:25:51.395000,7463837776,462.73,187.72,78.93,107.13,535.65,923.78,839.83,826.18
6280,2023-02-24T00:25:51.400000,7463837777,463.47,188.63,79.8,108.19,537.68,924.93,841.51,827.49
6281,2023-02-24T00:25:51.405000,7463837778,464.45,188.29,79.44,107.86,537.05,923.46,840.14,827.91
6282,2023-02-24T00:25:51.410000,7463837779,462.75,187.97,78.57,107.51,535.68,922.45,839.86,827.92
6283,2023-02-24T00:25:51.415000,7463837780,462.51,188.17,78.93,106.84,535.93,923.97,839.74,826.88
6284,2023-02-24T00:25:51.420000,7463837781,463.08,188.85,80.27,107.95,536.76,925.34,841.2,827.42
6285,2023-02-24T00:25:51.425000,7463837782,461.95,187.81,79.21,107.66,534.28,924.04,839.72,826.46
6286,2023-02-24T00:25:51.430000,7463837783,462.56,188.57,79.21,107.5,535.39,924.49,840.01,826.05
6287,2023-02-24T00:25:51.435000,7463837784,463.33,189.25,79.48,107.73,537.22,924.17,840.5,826.91
6288,2023-02-24T00:25:51.440000,7463837785,464.36,189.17,80.1,108.26,538.01,923.73,840.85,827.77
6289,2023-02-24T00:25:51.445000,7463837786,462.45,187.78,78.32,106.32,536.05,921.54,838.37,826.31
6290,2023-02-24T00:25:51.450000,7463837787,463.23,188.53,78.75,107.34,536.7,923.83,840.28,827.23
6291,2023-02-24T00:25:51.455000,7463837788,464.01,188.88,80.04,108.52,536.63,926.45,841.21,827.61
6292,2023-02-24T00:25:51.460000,7463837789,463.5,189.41,80.34,108.29,536.17,926.19,841.59,826.76
6293,2023-02-24T00:25:51.465000,7463837790,461.62,186.03,78.14,106.59,533.42,922.23,837.83,825.89
6294,2023-02-24T00:25:51.470000,7463837791,463.39,187.86,79.4,108.33,535.8,924,840.04,826.8
6295,2023-02-24T00:25:51.475000,7463837792,465.52,190.09,80.72,108.82,537.69,924.61,842.03,827.68
6296,2023-02-24T00:25:51.480000,7463837793,464.85,188.16,80.03,107.51,537.06,923.17,841.23,827.92
6297,2023-02-24T00:25:51.485000,7463837794,461.99,185.96,78.02,106.49,534.82,919.9,838.3,826.57
6298,2023-02-24T00:25:51.490000,7463837795,462.88,187.95,79.75,107.55,536.04,923.28,841.23,827.9
6299,2023-02-24T00:25:51.495000,7463837796,464.71,189.57,80.3,108.76,536.71,926.5,843.86,828.16
6300,2023-02-24T00:25:51.500000,7463837797,462.98,188.53,80.03,107.92,535.1,925.62,842.29,827.49
6301,2023-02-24T00:25:51.505000,7463837798,461.58,186.13,79.02,106.33,533.11,921.98,838.34,826.47
6302,2023-02-24T00:25:51.510000,7463837799,462.92,188.16,79.93,107.66,534.5,923.36,840.47,827.27
6303,2023-02-24T00:25:51.515000,7463837800,464.4,189.29,80.36,108.38,537.13,924.53,842.01,828.29
6304,2023-02-24T00:25:51.520000,7463837801,463.28,188.69,79.77,107.44,536.32,922.38,840.55,827.58
6305,2023-02-24T00:25:51.525000,7463837802,463.32,187.97,79.85,107.63,536.04,922.07,839.52,826.93
6306,2023-02-24T00:25:51.530000,7463837803,462.61,188.22,79.3,108.09,535.96,923.07,840.67,826.62
6307,2023-02-24T00:25:51.535000,7463837804,462.62,188.38,79.25,107.73,534.7,924.5,840.66,826.59
6308,2023-02-24T00:25:51.540000,7463837805,462.2,187.88,78.76,107.52,534.42,923.06,840.27,825.86
6309,2023-02-24T00:25:51.545000,7463837806,463.96,188.58,80.56,108.79,536.03,924.35,840.77,828.39
6310,2023-02-24T00:25:51.550000,7463837807,463.78,188.56,80.19,108.1,535.76,924.18,840.46,827.82
6311,2023-02-24T00:25:51.555000,7463837808,462.34,186.39,77.17,105.08,534.02,921.2,838.28,826.44
6312,2023-02-24T00:25:51.560000,7463837809,462.31,186.47,78.77,106.37,534.94,922.02,839.38,827.27
6313,2023-02-24T00:25:51.565000,7463837810,465.3,189.31,82.09,109.61,537.31,926.18,842.54,829.45
6314,2023-02-24T00:25:51.570000,7463837811,463.63,188.15,80.41,108.15,535.76,924.79,841.17,827.62
6315,2023-02-24T00:25:51.575000,7463837812,460.2,185.11,76.44,104.7,532.39,920.71,837.63,824.92
6316,2023-02-24T00:25:51.580000,7463837813,462.43,186.66,78.27,107.11,534.75,922.2,839.69,826.02
6317,2023-02-24T00:25:51.585000,7463837814,467.73,191.8,82.58,111.81,540.21,927.6,844.91,829.61
6318,2023-02-24T00:25:51.590000,7463837815,464.77,188.56,79.89,107.59,537.04,924.3,840.7,827.54
6319,2023-02-24T00:25:51.595000,7463837816,459.51,183.63,75.47,103.62,531.63,917.79,833.89,823.27
6320,2023-02-24T00:25:51.600000,7463837817,462.85,185.81,78.9,106.63,534.29,922.78,838.92,826.31
6321,2023-02-24T00:25:51.605000,7463837818,468.07,192.13,84.25,112.99,540.99,930.86,846.53,830.76
6322,2023-02-24T00:25:51.610000,7463837819,464.15,188.22,79.9,108.06,536.1,925.18,840.64,827.77
6323,2023-02-24T00:25:51.615000,7463837820,457.9,183.12,74.3,103.1,530.42,917.17,833.24,823.28
6324,2023-02-24T00:25:51.620000,7463837821,462.93,187.72,78.3,106.68,535.84,922.17,839.45,826.53
6325,2023-02-24T00:25:51.625000,7463837822,469.47,194.28,84.63,112.78,542.49,929.89,847.73,831.95
6326,2023-02-24T00:25:51.630000,7463837823,463.95,188.42,80.22,108.3,536.9,923.01,840.03,827.49
6327,2023-02-24T00:25:51.635000,7463837824,458.1,183.29,75.3,102.58,531.25,916.71,833.45,823.44
6328,2023-02-24T00:25:51.640000,7463837825,462.43,187.02,79.84,107.8,535.59,924,840.6,826.58
6329,2023-02-24T00:25:51.645000,7463837826,467.56,191.83,84.13,111.88,539.74,930.8,846.78,829.59
6330,2023-02-24T00:25:51.650000,7463837827,464.24,188.16,79.23,106.97,534.21,924.75,840.13,826.36
6331,2023-02-24T00:25:51.655000,7463837828,460.8,184.79,76.17,104.03,531.38,919.15,834.61,824.41
6332,2023-02-24T00:25:51.660000,7463837829,463.98,187.9,80.31,107.88,536.7,923.25,841.17,827.17
6333,2023-02-24T00:25:51.665000,7463837830,467.61,190.89,81.99,110.15,539.8,927.41,844.83,829.47
6334,2023-02-24T00:25:51.670000,7463837831,463.68,187.78,79.08,106.97,536.18,922.67,840.09,827.45
6335,2023-02-24T00:25:51.675000,7463837832,460.92,186.03,77.46,105.96,533.58,920.61,837.19,825.92
6336,2023-02-24T00:25:51.680000,7463837833,463.99,188.02,80.12,108.16,536.24,924.73,841.84,827.63
6337,2023-02-24T00:25:51.685000,7463837834,464.94,189.54,80.78,108.35,536.34,926.73,843.43,827.57
6338,2023-02-24T00:25:51.690000,7463837835,464.18,187.33,79.38,106.52,535.47,923.9,839.99,826.71
6339,2023-02-24T00:25:51.695000,7463837836,463.03,187.05,80.25,107.59,535.33,922.83,839.19,827.51
6340,2023-02-24T00:25:51.700000,7463837837,465.09,188.31,80.75,108.51,538.02,923.86,841.96,827.42
6341,2023-02-24T00:25:51.705000,7463837838,463.08,186.61,78.55,106.79,536.03,922.69,840.03,825.99
6342,2023-02-24T00:25:51.710000,7463837839,463.23,187.68,78.6,106.76,535.17,923.23,839.24,826.72
6343,2023-02-24T00:25:51.715000,7463837840,463.37,188.97,80.46,108.66,537.05,925.1,840.59,827.11
6344,2023-02-24T00:25:51.720000,7463837841,464.25,189.04,80.41,108.1,536.37,925.7,840.85,826.41
6345,2023-02-24T00:25:51.725000,7463837842,461.82,186.81,77.56,106.01,534.48,921.75,837.8,824.51
6346,2023-02-24T00:25:51.730000,7463837843,463.29,187.87,79.57,107.44,535.99,922.43,837.4,825.34
6347,2023-02-24T00:25:51.735000,7463837844,464.56,189.35,81.83,109.03,539.17,924.46,840.07,827.34
6348,2023-02-24T00:25:51.740000,7463837845,463.72,188.32,80.56,107.8,537.32,923.76,839.66,825.99
6349,2023-02-24T00:25:51.745000,7463837846,461.22,185.85,77.78,105.46,533.62,922.05,836.6,824.16
6350,2023-02-24T00:25:51.750000,7463837847,463.14,187.47,79.35,107.55,534.91,923.95,838.05,825.17
6351,2023-02-24T00:25:51.755000,7463837848,464.59,189.71,81.22,109.16,536.32,926.2,840.83,826.89
6352,2023-02-24T00:25:51.760000,7463837849,463.5,188.47,79.28,107.44,535.35,923.32,839.01,824.94
6353,2023-02-24T00:25:51.765000,7463837850,462.6,186.73,77.06,105.72,534.37,920.1,836.92,823.84
6354,2023-02-24T00:25:51.770000,7463837851,463.53,188.32,79.74,108.21,536.51,921.32,839.11,825.79
6355,2023-02-24T00:25:51.775000,7463837852,465.4,189.4,80.92,108.75,537.48,923.64,840,826.52
6356,2023-02-24T00:25:51.780000,7463837853,462.96,187.6,79.86,107.97,535.35,922.49,837.76,825.1
6357,2023-02-24T00:25:51.785000,7463837854,461.88,185.97,78.06,105.69,533.16,922.21,836.33,823.4
6358,2023-02-24T00:25:51.790000,7463837855,464.15,187.7,80.08,108.39,535,924.63,838.98,825.53
6359,2023-02-24T00:25:51.795000,7463837856,463.62,188.73,80.48,108.69,534.97,924.95,839.92,826.27
6360,2023-02-24T00:25:51.800000,7463837857,463.14,187.9,78.5,106.33,534.49,921.82,836.92,824.52
6361,2023-02-24T00:25:51.805000,7463837858,462.28,186.66,77.85,105.63,535.04,919.96,836.38,824.73
6362,2023-02-24T00:25:51.810000,7463837859,463.4,188.34,80,108.15,537.19,922,838.82,825.61
6363,2023-02-24T00:25:51.815000,7463837860,463.99,188.77,80.57,108.13,536.66,923.6,839.36,826.68
6364,2023-02-24T00:25:51.820000,7463837861,462.7,187.27,77.82,105.59,533.89,922.49,837.34,824.57
6365,2023-02-24T00:25:51.825000,7463837862,462,186.92,78.22,106.58,533.19,922.61,837.45,824.16
6366,2023-02-24T00:25:51.830000,7463837863,463.57,188.47,79.63,108.33,535.26,924.83,839.49,825.66
6367,2023-02-24T00:25:51.835000,7463837864,464.04,188.75,79.95,108.24,535.38,923.67,839.28,825.42
6368,2023-02-24T00:25:51.840000,7463837865,462.96,187.14,77.65,106.32,535.33,920.51,836.69,824.62
6369,2023-02-24T00:25:51.845000,7463837866,463.06,187.85,78.76,106.48,536.55,920.13,836.86,825.17
6370,2023-02-24T00:25:51.850000,7463837867,463.1,188.42,80.47,107.95,537.2,922.72,838.25,825.44
6371,2023-02-24T00:25:51.855000,7463837868,463.69,188.31,79.98,108.13,536.16,924.06,838.55,825.32
6372,2023-02-24T00:25:51.860000,7463837869,463.07,187.32,77.88,106.48,533.71,922.3,836.5,823.81
6373,2023-02-24T00:25:51.865000,7463837870,462.55,187.1,78.35,106.93,534.64,923.09,837.63,824.03
6374,2023-02-24T00:25:51.870000,7463837871,463.15,187.72,79.69,107.71,536.22,923.63,839.11,825.15
6375,2023-02-24T00:25:51.875000,7463837872,464.26,188.32,79.55,108.09,536.82,923.06,838.29,826.14
6376,2023-02-24T00:25:51.880000,7463837873,463.62,187.55,78.8,106.78,535.91,920.5,837.16,824.87
6377,2023-02-24T00:25:51.885000,7463837874,464.26,187.23,79.87,107.43,536.59,922.26,838.06,825.03
6378,2023-02-24T00:25:51.890000,7463837875,464.06,187.72,80.09,107.75,535.86,923.39,838.61,825.49
6379,2023-02-24T00:25:51.895000,7463837876,463.17,188.14,80,107.74,534.44,923.05,837.93,825.84
6380,2023-02-24T00:25:51.900000,7463837877,462.64,186.94,79.18,107.34,533.73,923.28,837.66,824.6
6381,2023-02-24T00:25:51.905000,7463837878,464.44,187.82,80.23,108.52,535.58,924.58,838.98,825.98
6382,2023-02-24T00:25:51.910000,7463837879,464.38,187.85,79.85,107.62,536.49,922.63,838.84,825.54
6383,2023-02-24T00:25:51.915000,7463837880,464.02,187.62,79.45,107.44,536.9,922,838.22,825.69
6384,2023-02-24T00:25:51.920000,7463837881,464,187.48,79.12,107.17,537.07,920.7,838.49,826.03
6385,2023-02-24T00:25:51.925000,7463837882,464.53,188.67,80.58,108.43,537.34,923.28,840.22,826.91
6386,2023-02-24T00:25:51.930000,7463837883,463.63,186.73,80.03,107.66,535.08,922.59,839.29,825.7
6387,2023-02-24T00:25:51.935000,7463837884,462.47,186,79.52,106.99,533.59,922.24,837.75,825.14
6388,2023-02-24T00:25:51.940000,7463837885,463.92,186.81,79.32,106.97,533.51,923.5,838.18,825.69
6389,2023-02-24T00:25:51.945000,7463837886,465.31,188.12,81.13,108.59,536.69,924.64,840.83,826.84
6390,2023-02-24T00:25:51.950000,7463837887,464.61,186.64,79.91,106.74,535.93,921.93,838.26,826.01
6391,2023-02-24T00:25:51.955000,7463837888,462.99,185.36,79.25,105.14,534.39,918.8,836.68,825.1
6392,2023-02-24T00:25:51.960000,7463837889,463.58,186.47,79.35,106.87,535.27,920.48,838.66,825.55
6393,2023-02-24T00:25:51.965000,7463837890,465.74,188.7,80.68,108.16,536.74,924.48,841.09,826.45
6394,2023-02-24T00:25:51.970000,7463837891,463.81,186.16,79.32,107,534.89,922.83,838.42,825.4
6395,2023-02-24T00:25:51.975000,7463837892,462.71,185.26,78.66,105.6,532.53,920.6,836.24,824.25
6396,2023-02-24T00:25:51.980000,7463837893,463.82,187.11,79.86,107.16,534.59,922.51,838.14,826.31
6397,2023-02-24T00:25:51.985000,7463837894,465.9,188.67,81.19,108.57,537.74,924.01,841.35,827.33
6398,2023-02-24T00:25:51.990000,7463837895,464.15,187.15,79.58,107.03,535.35,921.7,839.01,826.23
6399,2023-02-24T00:25:51.995000,7463837896,462.45,185.33,79.09,106.11,533.53,919.33,836.33,825.15
6400,2023-02-24T00:25:52,7463837897,464.36,186.89,79.77,107.54,535.02,921.77,838.01,826.37
6401,2023-02-24T00:25:52.005000,7463837898,465.01,188.43,80.23,107.85,535.01,924.25,839.91,826.03
6402,2023-02-24T00:25:52.010000,7463837899,463.37,187.49,78.92,107.49,534.21,923.19,838.42,825.6
6403,2023-02-24T00:25:52.015000,7463837900,463.16,186.57,79.34,106.74,534.75,921.85,837.41,825.58
6404,2023-02-24T00:25:52.020000,7463837901,464.26,187.28,80.43,107.45,536.34,921.8,839.28,825.77
6405,2023-02-24T00:25:52.025000,7463837902,464.21,187.55,79.2,106.92,535.81,921.1,838.72,825.33
6406,2023-02-24T00:25:52.030000,7463837903,464.46,188.25,79.69,107.32,535.84,921.74,838.18,825.76
6407,2023-02-24T00:25:52.035000,7463837904,464.28,187.5,80.83,108.26,535.43,922.3,838.39,826.67
6408,2023-02-24T00:25:52.040000,7463837905,463.32,187.83,79.67,108.09,534.64,923.73,839.13,826.63
6409,2023-02-24T00:25:52.045000,7463837906,462.13,185.05,77.9,106.06,532.73,921.23,837.03,824.48
6410,2023-02-24T00:25:52.050000,7463837907,464.48,187.06,79.52,107.86,534.19,922.77,838.97,825.95
6411,2023-02-24T00:25:52.055000,7463837908,466.69,189.81,82.21,109.72,538.13,925.51,841.4,827.97
6412,2023-02-24T00:25:52.060000,7463837909,465.27,187.41,80.13,107.92,536.94,922.03,839,826.65
6413,2023-02-24T00:25:52.065000,7463837910,461.44,183.72,75.74,103.4,533.31,917.33,834.04,823.06
6414,2023-02-24T00:25:52.070000,7463837911,465.03,187.02,79.74,107.49,535.82,921.91,838.78,826.19
6415,2023-02-24T00:25:52.075000,7463837912,468.27,191.13,83.25,111.46,538.88,928.31,844.1,828.95
6416,2023-02-24T00:25:52.080000,7463837913,464.38,187.2,79.61,107.83,535.66,924.05,839.33,825.64
6417,2023-02-24T00:25:52.085000,7463837914,459.19,183.16,75.32,102.48,529.97,917.74,832.89,822.36
6418,2023-02-24T00:25:52.090000,7463837915,464.09,187.8,80.25,107.05,535.42,922.45,838.64,826.12
6419,2023-02-24T00:25:52.095000,7463837916,469.06,192.35,84.57,111.95,541.38,928.24,844.75,830.13
6420,2023-02-24T00:25:52.100000,7463837917,464.57,187.6,79.84,107.12,536.82,922.26,838.23,826.57
6421,2023-02-24T00:25:52.105000,7463837918,459.35,182.21,75.14,102.02,530.54,915.39,831.91,822.23
6422,2023-02-24T00:25:52.110000,7463837919,463.68,187.15,79.97,107.3,535.56,923.24,839.36,826.18
6423,2023-02-24T00:25:52.115000,7463837920,468.13,192.02,83.82,112,540.03,930.03,845.62,829.29
6424,2023-02-24T00:25:52.120000,7463837921,463.67,187.39,79.12,107.43,534.25,922.89,838.84,825.39
6425,2023-02-24T00:25:52.125000,7463837922,459.46,182.86,75.65,102.78,529.52,916,832.9,821.48
6426,2023-02-24T00:25:52.130000,7463837923,464.56,187.96,80.76,108.16,535.77,922.72,839.07,825.82
6427,2023-02-24T00:25:52.135000,7463837924,469.04,191.7,83.73,111.51,540.31,927.3,844.18,829.39
6428,2023-02-24T00:25:52.140000,7463837925,464.53,186.73,79.83,107.28,534.18,920.45,837.28,826.63
6429,2023-02-24T00:25:52.145000,7463837926,460.16,182.87,76.55,103.79,530.89,916.92,832.85,823.7
6430,2023-02-24T00:25:52.150000,7463837927,464.5,187.05,80.17,107.48,535.63,923.94,839.06,826.15
6431,2023-02-24T00:25:52.155000,7463837928,466,190.23,81.88,109.25,537.45,926.95,842.29,827.8
6432,2023-02-24T00:25:52.160000,7463837929,463.18,186.4,78.73,106.43,533.65,921.33,836.53,824.6
6433,2023-02-24T00:25:52.165000,7463837930,462.2,184.98,77.44,105.82,532.86,919.31,834.69,824.09
6434,2023-02-24T00:25:52.170000,7463837931,465.28,187.74,80.56,107.92,536.39,922.54,839.93,826.49
6435,2023-02-24T00:25:52.175000,7463837932,466.05,189.19,81.1,108.27,536.87,923.29,840.61,826.55
6436,2023-02-24T00:25:52.180000,7463837933,463.4,186.41,78.52,105.7,533.52,920.43,836.79,825.49
6437,2023-02-24T00:25:52.185000,7463837934,462.92,186.15,79.44,106.95,534.01,921.14,836.44,825.1
6438,2023-02-24T00:25:52.190000,7463837935,464.76,187.89,80.01,107.72,535.15,924.12,838.56,825.82
6439,2023-02-24T00:25:52.195000,7463837936,464.17,187.32,78.27,106.74,533.94,923.57,838.14,824.5
6440,2023-02-24T00:25:52.200000,7463837937,463.49,187.03,79.08,106.72,534.28,921.09,836.71,824.91
6441,2023-02-24T00:25:52.205000,7463837938,464.89,188.31,81.25,107.88,536.62,922.05,837.74,825.99
6442,2023-02-24T00:25:52.210000,7463837939,464.35,187.41,79.8,107.47,535.89,921.92,838.89,825.69
6443,2023-02-24T00:25:52.215000,7463837940,463.26,186.11,78.71,105.64,533.88,920.35,837.39,824.01
6444,2023-02-24T00:25:52.220000,7463837941,463.84,186.55,79.05,107.65,534.4,921.5,836.96,824.86
6445,2023-02-24T00:25:52.225000,7463837942,464.94,188.58,81.25,109.34,536.04,924.6,839.86,827
6446,2023-02-24T00:25:52.230000,7463837943,463.55,187.96,79.5,107.19,534.52,922.61,837.92,824.95
6447,2023-02-24T00:25:52.235000,7463837944,462.04,186.26,77.29,105.61,533.29,920.65,835.63,823.78
6448,2023-02-24T00:25:52.240000,7463837945,464.08,187.76,79.84,106.99,535.32,922.27,837.93,825.75
6449,2023-02-24T00:25:52.245000,7463837946,466.21,188.68,81.44,109.76,537.2,923.84,840.86,826.82
6450,2023-02-24T00:25:52.250000,7463837947,464.1,186.49,79.27,106.54,534.85,921.42,838,825.39
6451,2023-02-24T00:25:52.255000,7463837948,462.59,185.19,78.38,105.46,533.46,920.05,836.88,824.11
6452,2023-02-24T00:25:52.260000,7463837949,464.09,186.87,81.18,107.45,534.92,923.43,839.41,826.09
6453,2023-02-24T00:25:52.265000,7463837950,465.43,188.72,81.64,109.15,536.2,924.33,840.28,826.75
6454,2023-02-24T00:25:52.270000,7463837951,463.92,186.54,79.14,107.02,534.51,921.54,837.82,824.89
6455,2023-02-24T00:25:52.275000,7463837952,463.15,185.68,78.64,105.67,534.62,919.81,837,824.79
6456,2023-02-24T00:25:52.280000,7463837953,465.05,187.96,81.08,108.17,536.11,922.65,839.62,827.71
6457,2023-02-24T00:25:52.285000,7463837954,466.35,187.9,81.8,109.07,536.39,923.3,840.5,828.48
6458,2023-02-24T00:25:52.290000,7463837955,464,186.39,79.15,106.53,534.02,921.52,838.12,825.92
6459,2023-02-24T00:25:52.295000,7463837956,463.23,186.23,79.21,105.58,533.47,922.23,838.08,825.33
6460,2023-02-24T00:25:52.300000,7463837957,464.77,187.29,80.87,108.15,535.43,924.61,841.2,826.62
6461,2023-02-24T00:25:52.305000,7463837958,464.85,188.43,81.07,108.77,535.64,924.38,840.31,827.29
6462,2023-02-24T00:25:52.310000,7463837959,463.68,186.77,78.99,106.89,534.36,921.22,838.13,825.42
6463,2023-02-24T00:25:52.315000,7463837960,463.61,185.85,79.55,105.91,534.7,920.7,838.76,825.87
6464,2023-02-24T00:25:52.320000,7463837961,465.44,187.45,81.15,108.16,536.61,922.78,840.99,827.75
6465,2023-02-24T00:25:52.325000,7463837962,465.7,187.32,80.32,107.92,535.95,922.56,839.52,827.05
6466,2023-02-24T00:25:52.330000,7463837963,464.07,185.55,78.54,106.27,533.43,921.3,837.9,826.17
6467,2023-02-24T00:25:52.335000,7463837964,464.38,185.78,79.01,106.54,533.99,922.16,838.16,825.34
6468,2023-02-24T00:25:52.340000,7463837965,466.01,187.68,80.51,108.51,535.98,924.18,840.97,827.04
6469,2023-02-24T00:25:52.345000,7463837966,465.91,187.09,80.58,108.69,535.46,923.55,840.62,826.54
6470,2023-02-24T00:25:52.350000,7463837967,463.96,186.24,78.99,106.19,534.29,920.7,838.44,825.23
6471,2023-02-24T00:25:52.355000,7463837968,463.63,185.79,79.81,106.54,534.46,920.77,838.56,825.53
6472,2023-02-24T00:25:52.360000,7463837969,465.91,187.14,80.47,108.1,536.27,923.5,840.75,827.34
6473,2023-02-24T00:25:52.365000,7463837970,465.03,187.19,80.28,107.92,534.97,922.93,839.26,826.59
6474,2023-02-24T00:25:52.370000,7463837971,464.1,186.68,79.1,107.08,534.17,922.19,837.69,826.23
6475,2023-02-24T00:25:52.375000,7463837972,463.2,186.88,79.08,106.95,534.03,922.51,838.01,826.17
6476,2023-02-24T00:25:52.380000,7463837973,465.1,187.41,80.18,108.1,536.95,923.51,840.08,826.62
6477,2023-02-24T00:25:52.385000,7463837974,464.52,187.19,79.67,107.13,535.5,921.15,838.42,826.16
6478,2023-02-24T00:25:52.390000,7463837975,464.9,186.95,79.52,107,535.89,921.05,837.74,826.76
6479,2023-02-24T00:25:52.395000,7463837976,465.07,187.18,79.66,107.39,536.54,921.97,838.62,826.71
6480,2023-02-24T00:25:52.400000,7463837977,465.83,186.82,80.19,107.98,536.1,923.22,839.74,826.21
6481,2023-02-24T00:25:52.405000,7463837978,463.46,185.69,79.12,106.81,534.3,922.18,837.67,826.25
6482,2023-02-24T00:25:52.410000,7463837979,464.45,186.74,78.99,107.69,534.86,924.05,839.33,826.26
6483,2023-02-24T00:25:52.415000,7463837980,465.23,188.01,80.54,108.04,536.54,924.59,840.56,827.29
6484,2023-02-24T00:25:52.420000,7463837981,464.42,187.15,79.93,107.4,535.64,922.56,839.95,826.33
6485,2023-02-24T00:25:52.425000,7463837982,463.4,185.29,77.99,106.39,534,919.27,837.44,825.84
6486,2023-02-24T00:25:52.430000,7463837983,465.31,187,80.53,107.18,536.02,921.85,839.54,827.76
6487,2023-02-24T00:25:52.435000,7463837984,466.26,187.7,81.1,108.88,536.8,923.68,841.85,827.98
6488,2023-02-24T00:25:52.440000,7463837985,465.04,186.45,80.28,107.69,534.07,923.05,839.98,826.98
6489,2023-02-24T00:25:52.445000,7463837986,463.32,185.26,77.42,105.86,532.56,921.36,837.2,825.23
6490,2023-02-24T00:25:52.450000,7463837987,464.74,187.33,79.4,107.66,535.31,924,840.2,826.89
6491,2023-02-24T00:25:52.455000,7463837988,466.32,188.78,81.23,108.9,536.86,925.03,842.15,828.22
6492,2023-02-24T00:25:52.460000,7463837989,465.14,187.02,80.15,106.82,534.86,921.41,839.7,826.49
6493,2023-02-24T00:25:52.465000,7463837990,462.6,185.22,78.94,105.97,533.13,918.65,837.51,825.63
6494,2023-02-24T00:25:52.470000,7463837991,465.36,186.62,80.67,107.41,535.38,921.18,840.53,827.05
6495,2023-02-24T00:25:52.475000,7463837992,466.91,188.64,81.51,109.33,536.72,924.44,842.62,827.59
6496,2023-02-24T00:25:52.480000,7463837993,464.32,187,79.57,106.71,533.53,922.4,838.84,825.74
6497,2023-02-24T00:25:52.485000,7463837994,463.42,185.42,79.16,106.05,532.63,921.21,836.45,825.92
6498,2023-02-24T00:25:52.490000,7463837995,464.88,187.35,80.6,107.42,534.31,923.45,839.91,826.38
6499,2023-02-24T00:25:52.495000,7463837996,466.01,187.85,80.58,108.19,535.04,923.81,841.19,826.37
6500,2023-02-24T00:25:52.500000,7463837997,464.72,186.59,80.25,106.99,533.9,921.67,837.87,825.69
6501,2023-02-24T00:25:52.505000,7463837998,465.71,187.33,80.92,107.31,535.36,921.24,838.49,826.28
6502,2023-02-24T00:25:52.510000,7463837999,465.51,186.47,80.68,106.81,535.25,921.34,839,825.92
6503,2023-02-24T00:25:52.515000,7463838000,464.71,185.98,78.49,105.83,534.29,921.07,837.45,824.37
6504,2023-02-24T00:25:52.520000,7463838001,465.39,187.03,79.27,106.48,534.59,922.21,837.9,824.59
6505,2023-02-24T00:25:52.525000,7463838002,465.98,188.05,81.2,108.8,535.39,923.25,838.43,826.5
6506,2023-02-24T00:25:52.530000,7463838003,464.66,187.17,80.4,106.9,534.49,921.56,837.69,825.37
6507,2023-02-24T00:25:52.535000,7463838004,463.15,185.62,78.17,105.43,533.51,919.51,836.5,823.66
6508,2023-02-24T00:25:52.540000,7463838005,464.96,186.56,80.17,107.14,535.89,921.68,838.48,825.88
6509,2023-02-24T00:25:52.545000,7463838006,467.14,188.84,82.41,110.28,538.09,925.38,841.4,827.75
6510,2023-02-24T00:25:52.550000,7463838007,464.41,186.4,79.63,107.76,534.76,921.76,837.29,825.32
6511,2023-02-24T00:25:52.555000,7463838008,461.14,183.34,76.61,103.29,531.39,918.29,833.36,822.19
6512,2023-02-24T00:25:52.560000,7463838009,464.98,187.02,79.96,107.59,535.53,922.55,838.4,825.34
6513,2023-02-24T00:25:52.565000,7463838010,468.58,190.7,83.75,111.49,539.65,927.48,843.11,827.5
6514,2023-02-24T00:25:52.570000,7463838011,464.08,186.51,79.28,106.4,534.82,920.35,836.5,824.49
6515,2023-02-24T00:25:52.575000,7463838012,460.73,182.32,75.32,102.69,531.06,914.77,831.63,821.86
6516,2023-02-24T00:25:52.580000,7463838013,465.77,187.61,80.51,107.88,536.77,922.17,838.32,825.56
6517,2023-02-24T00:25:52.585000,7463838014,470.22,191.09,83.99,111.37,540.36,928.41,844.22,829.36
6518,2023-02-24T00:25:52.590000,7463838015,463.91,185.58,78.79,106.65,533.49,920.34,836.55,824.47
6519,2023-02-24T00:25:52.595000,7463838016,459.16,181.09,75,102.56,529.57,916.24,831.37,820.57
6520,2023-02-24T00:25:52.600000,7463838017,466.24,187.45,81.02,108.7,535.7,923.75,839.44,825.55
6521,2023-02-24T00:25:52.605000,7463838018,469.87,191.43,84.37,111.43,540.12,928.11,844.31,828.28
6522,2023-02-24T00:25:52.610000,7463838019,463.86,185.68,78.65,106.39,533.9,919.29,836.11,823.54
6523,2023-02-24T00:25:52.615000,7463838020,460.65,182.47,75.81,103.55,530.43,914.76,831.61,822.31
6524,2023-02-24T00:25:52.620000,7463838021,465.85,187.22,81.57,108.56,537.14,922.7,840.09,826.02
6525,2023-02-24T00:25:52.625000,7463838022,468.4,190.12,83.31,110.12,539.1,926.94,843.5,827.92
6526,2023-02-24T00:25:52.630000,7463838023,464.07,185.64,78.73,106.38,533.17,920.17,836.03,824.16
6527,2023-02-24T00:25:52.635000,7463838024,461.84,183.77,76.89,103.92,531.85,917.86,833.68,823.2
6528,2023-02-24T00:25:52.640000,7463838025,465.98,188.22,81.54,108.7,536.41,924.21,840.36,826.08
6529,2023-02-24T00:25:52.645000,7463838026,467.64,188.86,81.4,108.97,536.93,925.33,841.8,826.62
6530,2023-02-24T00:25:52.650000,7463838027,463.7,185.74,79.26,106.5,534.21,920.33,835.93,824.58
6531,2023-02-24T00:25:52.655000,7463838028,462.74,185.14,78.89,106.28,534.19,919.09,834.61,824.3
6532,2023-02-24T00:25:52.660000,7463838029,465.76,187.61,80.87,108.22,537.1,923.1,839.47,825.46
6533,2023-02-24T00:25:52.665000,7463838030,465.5,188.18,80.56,108.24,536.55,923.4,839.54,825.34
6534,2023-02-24T00:25:52.670000,7463838031,464.94,187.35,79.5,106.73,534.74,921.35,836.3,824.42
6535,2023-02-24T00:25:52.675000,7463838032,465.76,188.01,81.45,108.22,536.09,922.82,838.17,826.33
6536,2023-02-24T00:25:52.680000,7463838033,465.75,187.99,80.88,108.07,536.07,923.07,839.11,826
6537,2023-02-24T00:25:52.685000,7463838034,464.93,186.3,79.2,105.52,534.97,921.7,837.26,824.32
6538,2023-02-24T00:25:52.690000,7463838035,464.82,186.51,80.3,106.43,535,921.91,837.19,825.91
6539,2023-02-24T00:25:52.695000,7463838036,466.52,187.71,81.67,108.64,537.08,923.61,839.11,826.06
6540,2023-02-24T00:25:52.700000,7463838037,465.22,186.51,80.48,106.95,535.56,921.49,838.94,825.19
6541,2023-02-24T00:25:52.705000,7463838038,464.49,185.46,78.54,105.62,533.86,920.37,836.09,823.75
6542,2023-02-24T00:25:52.710000,7463838039,465.29,186.87,79.5,107.88,535.94,920.86,836.46,825.43
6543,2023-02-24T00:25:52.715000,7463838040,467.26,187.34,82.26,108.99,537.79,923.27,839.48,826.17
6544,2023-02-24T00:25:52.720000,7463838041,465.26,186.16,79.76,106.46,535.38,921.54,837.57,824.79
6545,2023-02-24T00:25:52.725000,7463838042,464.1,184.95,78.7,105.47,533.89,919.88,836.31,823.57
6546,2023-02-24T00:25:52.730000,7463838043,465.15,187.05,80.65,107.62,535.15,922.6,838.26,825.71
6547,2023-02-24T00:25:52.735000,7463838044,466.61,188.17,81.72,109.09,535.98,923.65,838.99,826.29
6548,2023-02-24T00:25:52.740000,7463838045,464.53,186.01,79.5,106.11,533.59,920.8,836.74,824.49
6549,2023-02-24T00:25:52.745000,7463838046,463.19,185.13,78.58,105.69,533.44,919.73,836.21,823.67
6550,2023-02-24T00:25:52.750000,7463838047,466.26,187.96,81.11,108.19,536.92,921.21,838.83,825.43
6551,2023-02-24T00:25:52.755000,7463838048,466.64,188.11,81.17,108.07,537.29,921.97,838.81,826.04
6552,2023-02-24T00:25:52.760000,7463838049,463.88,185.07,78.88,106.46,533.73,919.99,835.61,824.22
6553,2023-02-24T00:25:52.765000,7463838050,464.58,185.54,79.31,106.6,532.9,920.19,836.19,824.56
6554,2023-02-24T00:25:52.770000,7463838051,466.21,186.94,80.79,108.07,535.59,923.72,839.01,826.41
6555,2023-02-24T00:25:52.775000,7463838052,466.44,187.49,80.75,108.08,535,923.64,838.92,826.04
6556,2023-02-24T00:25:52.780000,7463838053,463.95,185.88,77.9,105.64,533.06,919.16,836.7,824.21
6557,2023-02-24T00:25:52.785000,7463838054,464.07,185.83,79.14,106.23,534.26,919.09,836.83,823.5
6558,2023-02-24T00:25:52.790000,7463838055,466.33,187.81,81.06,107.53,537.11,921.03,839.93,825.73
6559,2023-02-24T00:25:52.795000,7463838056,466.7,187.21,81.01,107.49,535.96,920.55,839.39,826
6560,2023-02-24T00:25:52.800000,7463838057,464.35,185.32,78.82,104.99,533.46,919.64,836.02,824.26
6561,2023-02-24T00:25:52.805000,7463838058,464.87,185.37,78.94,106.29,532.34,920.98,836.95,824.63
6562,2023-02-24T00:25:52.810000,7463838059,465.65,187.56,80.87,107.91,534.14,923.96,839.42,826.57
6563,2023-02-24T00:25:52.815000,7463838060,465.05,188.07,80.46,107.33,534.49,922.17,839.19,826.54
6564,2023-02-24T00:25:52.820000,7463838061,463.8,185.99,78.89,105.61,533.6,919.63,836.5,824.25
6565,2023-02-24T00:25:52.825000,7463838062,463.93,186.06,79.6,106.96,534.8,919.42,837.3,824.87
6566,2023-02-24T00:25:52.830000,7463838063,465.22,186.53,81.17,107.25,536.81,920.83,839.22,826.22
6567,2023-02-24T00:25:52.835000,7463838064,465.87,186.85,80.5,107.12,535.63,921.09,838.91,825.84
6568,2023-02-24T00:25:52.840000,7463838065,463.9,185.57,79.47,106.16,533.15,920.58,836.48,825.06
6569,2023-02-24T00:25:52.845000,7463838066,463.82,186.18,79.59,106.38,532.8,921.81,837.24,825.66
6570,2023-02-24T00:25:52.850000,7463838067,465.9,187.95,80.72,107.72,535.14,923.48,839.12,826.3
6571,2023-02-24T00:25:52.855000,7463838068,465.59,187.29,80.31,107.86,535.41,922.29,838.87,825.27
6572,2023-02-24T00:25:52.860000,7463838069,463.93,186.97,78.87,106.91,535.14,919.67,835.82,824.42
6573,2023-02-24T00:25:52.865000,7463838070,464.86,185.83,80.09,106.55,536.42,919.55,837.19,824.72
6574,2023-02-24T00:25:52.870000,7463838071,466.55,186.67,81.45,107.54,537.4,920.75,838.62,825.41
6575,2023-02-24T00:25:52.875000,7463838072,465.61,186.58,79.99,107.44,535.28,921.04,836.9,825.15
6576,2023-02-24T00:25:52.880000,7463838073,464.15,186.29,79.38,105.99,533.29,921.91,835.99,824.17
6577,2023-02-24T00:25:52.885000,7463838074,465.05,186.64,79.82,107.19,533.95,923.34,837.52,824.8
6578,2023-02-24T00:25:52.890000,7463838075,465.01,186.54,80.17,107.41,534.31,923.16,837.74,824.99
6579,2023-02-24T00:25:52.895000,7463838076,465.6,186.45,80.35,106.46,535.07,921.32,836.63,825.35
6580,2023-02-24T00:25:52.900000,7463838077,465.06,186.38,79.89,106.75,535.87,919.45,836.4,824.15
6581,2023-02-24T00:25:52.905000,7463838078,465.97,186.73,81.34,107.73,537.61,920.28,838.17,824.58
6582,2023-02-24T00:25:52.910000,7463838079,464.89,185.66,80.17,107.22,536.53,919.29,837.01,824.86
6583,2023-02-24T00:25:52.915000,7463838080,464.6,185.11,79.82,106.29,533.83,919.9,835.72,823.77
6584,2023-02-24T00:25:52.920000,7463838081,464.43,186.39,80.2,106.71,533.44,922.88,837.08,824.84
6585,2023-02-24T00:25:52.925000,7463838082,466.51,187.87,81.66,108.42,534.14,925.77,839.08,825.84
6586,2023-02-24T00:25:52.930000,7463838083,464.87,186.55,79.63,107.23,533.43,922.15,837.69,824.67
6587,2023-02-24T00:25:52.935000,7463838084,463.37,184.92,79.4,105.47,533.46,918.07,835.26,823.96
6588,2023-02-24T00:25:52.940000,7463838085,466.51,186.83,80.32,107.3,535.66,919.4,837.4,824.92
6589,2023-02-24T00:25:52.945000,7463838086,467.59,187.78,81.7,107.75,538.31,920.56,839.99,825.53
6590,2023-02-24T00:25:52.950000,7463838087,464.92,185.86,79.92,106.23,534.47,918.83,836.41,824.12
6591,2023-02-24T00:25:52.955000,7463838088,462.97,184.33,78.07,105.14,531.09,919.09,834.64,823.67
6592,2023-02-24T00:25:52.960000,7463838089,465.11,186.71,80.24,107.2,533.02,922.74,838.35,825.3
6593,2023-02-24T00:25:52.965000,7463838090,467.02,188.06,81.26,108.15,534.66,925.14,840.35,826.42
6594,2023-02-24T00:25:52.970000,7463838091,464.5,186.14,79.42,106.26,533.28,920.58,837.17,824.98
6595,2023-02-24T00:25:52.975000,7463838092,463.11,184.65,78.92,105.35,533.51,917.54,835.4,823.54
6596,2023-02-24T00:25:52.980000,7463838093,465.56,187.02,80.55,107.47,536.91,919.77,838.52,824.79
6597,2023-02-24T00:25:52.985000,7463838094,466.88,187.42,80.91,107.27,536.88,921.46,839.45,825.68
6598,2023-02-24T00:25:52.990000,7463838095,464.1,185.77,79.54,106.14,534.88,919.25,836.98,824.52
6599,2023-02-24T00:25:52.995000,7463838096,462.68,184.95,78.8,106.48,532.54,920.1,836.09,824.27
6600,2023-02-24T00:25:53,7463838097,464.69,186.93,79.43,107.27,533.86,922.66,837.97,824.91
6601,2023-02-24T00:25:53.005000,7463838098,465.15,186.73,79.38,106.6,533.86,922.49,839.11,825.05
6602,2023-02-24T00:25:53.010000,7463838099,464.76,186.98,79.94,106.61,534.76,920.06,838.38,825.35
6603,2023-02-24T00:25:53.015000,7463838100,465.01,185.88,80.12,107.18,535.74,919.69,837.65,825.48
6604,2023-02-24T00:25:53.020000,7463838101,465.19,186.16,80.18,106.34,535.15,920.02,837.78,824.7
6605,2023-02-24T00:25:53.025000,7463838102,464.13,185.11,78.92,105.81,534.16,919.02,835.48,824.24
6606,2023-02-24T00:25:53.030000,7463838103,466,186.51,80.2,107.5,534.76,922.32,837.98,825.89
6607,2023-02-24T00:25:53.035000,7463838104,467.48,188.45,82.29,109.29,536.07,924.62,840.7,827.8
6608,2023-02-24T00:25:53.040000,7463838105,465.05,185.29,79.69,105.72,533.27,920.59,836.28,824.47
6609,2023-02-24T00:25:53.045000,7463838106,462.57,183.02,77.66,104.27,531.6,917.9,834.07,823.2
6610,2023-02-24T00:25:53.050000,7463838107,466.9,186.86,80.75,108,536.37,921.57,839.17,826.71
6611,2023-02-24T00:25:53.055000,7463838108,468.48,189.27,83.7,110.67,539.27,923.6,842.35,828.6
6612,2023-02-24T00:25:53.060000,7463838109,463.66,185.22,78.77,105.62,533.78,917.78,836.23,824.15
6613,2023-02-24T00:25:53.065000,7463838110,462.21,182.99,76.74,103.18,530.48,916.11,833.41,822.29
6614,2023-02-24T00:25:53.070000,7463838111,466.76,187.61,81.26,108.38,535.24,923.14,839.37,826
6615,2023-02-24T00:25:53.075000,7463838112,469.89,190.34,84.18,110.9,538.24,926.64,843.12,828.61
6616,2023-02-24T00:25:53.080000,7463838113,464.23,184.69,78.61,105.77,531.73,918.93,836.41,824.67
6617,2023-02-24T00:25:53.085000,7463838114,462.22,182.5,77.49,104.04,531.11,916.27,832.98,822.83
6618,2023-02-24T00:25:53.090000,7463838115,467.81,187.3,81.91,109.19,536.33,922.55,840.18,827.04
6619,2023-02-24T00:25:53.095000,7463838116,470.57,190.88,83.79,111.35,539.72,925.96,843.77,829.13
6620,2023-02-24T00:25:53.100000,7463838117,463.55,183.99,78.14,104.58,532.28,916.91,834.45,824.45
6621,2023-02-24T00:25:53.105000,7463838118,461.95,182.41,76.37,102.91,530.38,916.32,832.92,822.47
6622,2023-02-24T00:25:53.110000,7463838119,467.24,188.09,81.45,108.78,536.95,923.44,840.89,826.69
6623,2023-02-24T00:25:53.115000,7463838120,468.88,189.26,83.09,110.04,538.24,926.41,843.53,828.35
6624,2023-02-24T00:25:53.120000,7463838121,463.22,184.42,78.18,105.03,531.29,918.02,834.13,824.41
6625,2023-02-24T00:25:53.125000,7463838122,462.21,183.34,78.07,104.57,531.55,917.36,834.41,824.21
6626,2023-02-24T00:25:53.130000,7463838123,466.95,187.36,82.1,108.5,536.98,923.25,841.08,827.36
6627,2023-02-24T00:25:53.135000,7463838124,468.42,187.82,81.92,108.7,536.63,923.87,841.46,827.44
6628,2023-02-24T00:25:53.140000,7463838125,463.4,184.05,78.04,104.99,532.53,918.62,835.33,824.4
6629,2023-02-24T00:25:53.145000,7463838126,463.11,183.54,78.2,104.87,533,918.67,835,824.08
6630,2023-02-24T00:25:53.150000,7463838127,466.44,187.33,81.37,108.19,536.81,923.4,840.65,826.68
6631,2023-02-24T00:25:53.155000,7463838128,467.2,188.05,81.01,107.92,536.94,923.25,840.16,825.74
6632,2023-02-24T00:25:53.160000,7463838129,463.52,184.45,78.74,105.33,533.2,918.5,835.56,824.7
6633,2023-02-24T00:25:53.165000,7463838130,464.25,184.51,79.63,106.19,533.86,919.24,836.1,825.52
6634,2023-02-24T00:25:53.170000,7463838131,466.16,186.42,81.08,108.02,535.55,923.01,840.12,826.36
6635,2023-02-24T00:25:53.175000,7463838132,465.73,186.67,80.71,106.91,535.06,921.34,839.06,826.18
6636,2023-02-24T00:25:53.180000,7463838133,464.99,184.99,79.36,106.79,533.64,919.83,836.77,825.75
6637,2023-02-24T00:25:53.185000,7463838134,465.23,186.39,80.86,108.06,535.24,920.71,838.07,826.51
6638,2023-02-24T00:25:53.190000,7463838135,465.53,185.97,80.16,107.27,535.24,921.12,839.43,826.57
6639,2023-02-24T00:25:53.195000,7463838136,464.7,185.29,78.81,106.17,532.93,918.31,837.33,824.98
6640,2023-02-24T00:25:53.200000,7463838137,466.62,185.66,80.5,107.25,533.96,919.45,838.26,826.22
6641,2023-02-24T00:25:53.205000,7463838138,466.84,186.52,82.28,108.27,535.29,922.19,839.74,826.67
6642,2023-02-24T00:25:53.210000,7463838139,465.61,185.05,79.94,106.39,533.59,921.1,837.68,825.29
6643,2023-02-24T00:25:53.215000,7463838140,463.75,184.85,78.45,105.17,532.39,919.73,836.44,824.56
6644,2023-02-24T00:25:53.220000,7463838141,466.39,187.23,81.42,108.1,534.44,921.77,838.53,826.5
6645,2023-02-24T00:25:53.225000,7463838142,467.58,187.38,82.33,108.79,536.56,921.88,838.94,826.55
6646,2023-02-24T00:25:53.230000,7463838143,465.09,185.46,79.48,105.32,534.12,919.65,837.5,825.04
6647,2023-02-24T00:25:53.235000,7463838144,464.85,184.07,78.66,104.89,533.27,918.43,835.85,824.47
6648,2023-02-24T00:25:53.240000,7463838145,466.85,186.57,82.38,108.1,535.3,921.01,839.18,826.33
6649,2023-02-24T00:25:53.245000,7463838146,467.42,186.59,81.72,108.37,536.2,922.51,839.2,826.21
6650,2023-02-24T00:25:53.250000,7463838147,464.95,184.64,79.26,105.64,533.18,919.89,836.71,824.68
6651,2023-02-24T00:25:53.255000,7463838148,464.93,185.18,78.9,106.12,532.83,919.8,836.68,824.06
6652,2023-02-24T00:25:53.260000,7463838149,467.14,187.56,81.77,108.09,535.87,922.08,839.39,826.51
6653,2023-02-24T00:25:53.265000,7463838150,466.84,186.53,82.09,108.02,535.58,921.86,839.57,825.97
6654,2023-02-24T00:25:53.270000,7463838151,465.12,184.26,79.82,104.85,533.36,918.08,836.13,824.02
6655,2023-02-24T00:25:53.275000,7463838152,465.16,184.1,79.49,105.97,532.86,917.79,836.21,824.96
6656,2023-02-24T00:25:53.280000,7463838153,468.35,186.63,82.59,108.48,535.93,922,839.15,826.65
6657,2023-02-24T00:25:53.285000,7463838154,466.63,186.45,81.53,108.25,533.85,921.83,838.43,825.86
6658,2023-02-24T00:25:53.290000,7463838155,463.82,184.87,79.52,105.95,531.81,919.03,836.42,824.22
6659,2023-02-24T00:25:53.295000,7463838156,465.52,185.36,80.11,106.45,533.57,919.55,837.26,824.51
6660,2023-02-24T00:25:53.300000,7463838157,468.07,187.21,82.43,108.8,536.94,922.04,840.91,826.89
6661,2023-02-24T00:25:53.305000,7463838158,466.7,186.26,81.08,107.54,536.04,920.13,838.43,825.65
6662,2023-02-24T00:25:53.310000,7463838159,464.95,184.34,78.86,105.59,532.58,918,835.56,823.99
6663,2023-02-24T00:25:53.315000,7463838160,465.64,184.71,80.05,105.88,534.27,919.84,837.13,825.01
6664,2023-02-24T00:25:53.320000,7463838161,467.01,186.74,81.66,108.38,535.09,922.96,839.26,826.54
6665,2023-02-24T00:25:53.325000,7463838162,466.41,185.66,80.13,107.55,533.89,921.02,837.94,825.36
6666,2023-02-24T00:25:53.330000,7463838163,464.56,185.29,78.91,105.92,532.53,919.52,835.18,824.18
6667,2023-02-24T00:25:53.335000,7463838164,464.82,184.84,79.44,106.57,534.17,920.08,836.09,823.8
6668,2023-02-24T00:25:53.340000,7463838165,466.5,187.09,82.12,108.26,537.2,921.8,838.88,825.74
6669,2023-02-24T00:25:53.345000,7463838166,466.39,186.96,80.43,106.97,536.15,920.4,837.34,824.39
6670,2023-02-24T00:25:53.350000,7463838167,465.01,185.45,79.15,105.61,534.38,918.85,834.73,823.72
6671,2023-02-24T00:25:53.355000,7463838168,464.54,184.86,79.72,106.36,534.36,920.3,835.8,824.29
6672,2023-02-24T00:25:53.360000,7463838169,466.72,186.07,81.1,107.94,535.42,922.62,837.9,825
6673,2023-02-24T00:25:53.365000,7463838170,465.71,185.83,80.07,106.94,534.13,922.27,836.86,824.35
6674,2023-02-24T00:25:53.370000,7463838171,465.89,185.13,79.27,106.3,534.27,920.25,835.63,823.3
6675,2023-02-24T00:25:53.375000,7463838172,465.93,185.79,79.85,106.89,535.31,920.01,837.18,824.08
6676,2023-02-24T00:25:53.380000,7463838173,466.04,186.33,80.59,107.41,536.17,919.98,836.9,825.32
6677,2023-02-24T00:25:53.385000,7463838174,466.53,186.01,79.51,107.39,535.24,918.43,835.69,824.59
6678,2023-02-24T00:25:53.390000,7463838175,465.07,186.17,79.4,106.69,534.55,919.26,835.84,824.59
6679,2023-02-24T00:25:53.395000,7463838176,465.4,185.99,80.19,107.09,533.94,921.38,837.51,825.25
6680,2023-02-24T00:25:53.400000,7463838177,465.29,185.08,79.85,107.07,533.16,921.58,837,824.7
6681,2023-02-24T00:25:53.405000,7463838178,464.78,185.5,78.98,105.91,532.85,920.04,836.43,824.36
6682,2023-02-24T00:25:53.410000,7463838179,466.13,185.5,80.48,107.22,534.33,920.05,836.93,824.76
6683,2023-02-24T00:25:53.415000,7463838180,466.64,186.82,81.15,107.49,536.57,920.34,837.74,825.77
6684,2023-02-24T00:25:53.420000,7463838181,465.84,185.57,80.51,106.9,534.93,918.94,836.39,823.96
6685,2023-02-24T00:25:53.425000,7463838182,464.75,184.99,79.29,105.83,533.93,918.42,835.32,823.74
6686,2023-02-24T00:25:53.430000,7463838183,465.99,186.26,80.62,106.82,534.83,921.4,836.93,824.98
6687,2023-02-24T00:25:53.435000,7463838184,467.45,187.65,81.73,108.15,535.17,923.75,839.64,825.67
6688,2023-02-24T00:25:53.440000,7463838185,464.76,185.84,79.69,106.87,533.31,921.59,836.7,824.18
6689,2023-02-24T00:25:53.445000,7463838186,464.45,184.38,79.4,104.9,533.27,919.56,834.99,823.14
6690,2023-02-24T00:25:53.450000,7463838187,466.55,186.23,81.34,107.76,536.66,921.15,838.61,824.79
6691,2023-02-24T00:25:53.455000,7463838188,468.61,187.33,82.03,109.07,538.5,921.79,839.71,825.35
6692,2023-02-24T00:25:53.460000,7463838189,465.88,184.8,80.47,106.41,535.33,918.39,836.35,824.08
6693,2023-02-24T00:25:53.465000,7463838190,464.27,183.36,79.1,105.51,532.41,917.96,834.33,823.84
6694,2023-02-24T00:25:53.470000,7463838191,467.24,186.05,81.32,107.66,534.16,922.69,838.47,825.49
6695,2023-02-24T00:25:53.475000,7463838192,468.21,187.38,82,107.71,535.14,924.67,839.94,825.98
6696,2023-02-24T00:25:53.480000,7463838193,465.57,185.06,79.79,106.03,531.73,920.87,836.35,824.58
6697,2023-02-24T00:25:53.485000,7463838194,465.42,184.42,79.79,105.78,532.86,918.5,835.41,824.07
6698,2023-02-24T00:25:53.490000,7463838195,467.19,186.1,81.49,106.97,536.68,920.21,838.6,825.78
6699,2023-02-24T00:25:53.495000,7463838196,468.03,187.17,81.25,107.64,537.11,920.97,839.64,825.2
6700,2023-02-24T00:25:53.500000,7463838197,466.57,185.22,80.36,106.87,535.26,918.94,836.83,824.14
6701,2023-02-24T00:25:53.505000,7463838198,465.48,184.83,80.14,106.9,533.67,919.58,836.58,824.78
6702,2023-02-24T00:25:53.510000,7463838199,466.15,185.6,80.87,106.78,533.28,922.01,837.4,825.25
6703,2023-02-24T00:25:53.515000,7463838200,466.05,186.43,79.94,106.62,532.83,922.19,837.63,824.12
6704,2023-02-24T00:25:53.520000,7463838201,466.36,186.95,80.54,107.08,533.87,920.76,837.56,824.89
6705,2023-02-24T00:25:53.525000,7463838202,466.88,186.79,81.05,108.05,535.89,920.76,837.31,825.11
6706,2023-02-24T00:25:53.530000,7463838203,466.06,185.81,80.09,106.79,536.71,918.55,836.79,824.32
6707,2023-02-24T00:25:53.535000,7463838204,464.5,184.07,78.68,104.98,534.18,917.09,835.16,823
6708,2023-02-24T00:25:53.540000,7463838205,467.2,186.94,81.65,108.24,536.68,920.82,837.26,825.72
6709,2023-02-24T00:25:53.545000,7463838206,468.46,187.62,82.52,109.13,537.02,923.89,838.57,825.94
6710,2023-02-24T00:25:53.550000,7463838207,465.26,183.95,79.5,105.52,531.88,920.2,835.68,823.56
6711,2023-02-24T00:25:53.555000,7463838208,463.53,183.23,77.31,103.81,530.29,917.32,833.31,821.33
6712,2023-02-24T00:25:53.560000,7463838209,468.99,188.31,82,109.53,536.82,923.68,840.52,826.31
6713,2023-02-24T00:25:53.565000,7463838210,469.93,189.1,84.22,110.08,539.1,924.08,841.6,827.76
6714,2023-02-24T00:25:53.570000,7463838211,464.41,183.55,78.1,104.71,533.93,915.59,833.68,823.13
6715,2023-02-24T00:25:53.575000,7463838212,461.94,180.06,76.52,102.62,531.02,912.53,830.36,821.82
6716,2023-02-24T00:25:53.580000,7463838213,469.49,187.66,83.79,109.67,537.93,924.08,840.53,827.39
6717,2023-02-24T00:25:53.585000,7463838214,470.76,189.05,84.12,109.87,537.91,926,842.4,827.88
6718,2023-02-24T00:25:53.590000,7463838215,463.75,182.86,77.76,103.63,529.84,917.39,833.33,822.27
6719,2023-02-24T00:25:53.595000,7463838216,461.91,181.64,76.56,102.79,528.2,915,831.24,820.73
6720,2023-02-24T00:25:53.600000,7463838217,469.88,188.77,83.54,110.2,537.67,924.07,842.22,826.84
6721,2023-02-24T00:25:53.605000,7463838218,470.75,189.63,83.44,110.25,538.73,924.1,841.64,827.09
6722,2023-02-24T00:25:53.610000,7463838219,462.9,182.45,78.01,103.74,531.99,914.3,832.48,822.69
6723,2023-02-24T00:25:53.615000,7463838220,462.44,181.88,77.59,102.39,530.26,913.58,830.37,821.62
6724,2023-02-24T00:25:53.620000,7463838221,469.11,189.01,83.5,109.74,537.8,924.1,841.21,827.41
6725,2023-02-24T00:25:53.625000,7463838222,468.64,188.05,83.29,109.27,536.36,925.09,841,826.82
6726,2023-02-24T00:25:53.630000,7463838223,463.03,183.18,77.86,104.63,529.82,918.2,833.24,822.68
6727,2023-02-24T00:25:53.635000,7463838224,462.94,182.36,77.64,104.76,530.41,916.91,832.62,822.4
6728,2023-02-24T00:25:53.640000,7463838225,469.85,188.49,83.21,109.86,538.24,924.72,841.84,827.46
6729,2023-02-24T00:25:53.645000,7463838226,469.57,187.36,82.57,108.35,537.37,921.97,840.19,826.57
6730,2023-02-24T00:25:53.650000,7463838227,464.52,182.58,78.89,104.95,532.49,915.15,832.56,823.34
6731,2023-02-24T00:25:53.655000,7463838228,464.98,183.71,79.59,105.79,532.98,916.63,834.2,823.68
6732,2023-02-24T00:25:53.660000,7463838229,469.48,186.58,82.72,108.34,536.62,923.44,840.39,825.89
6733,2023-02-24T00:25:53.665000,7463838230,468.18,185.78,80.42,106.9,534.18,922.12,837.58,824.4
6734,2023-02-24T00:25:53.670000,7463838231,465.3,183.58,79.34,105.47,531.56,918.41,834.01,823.79
6735,2023-02-24T00:25:53.675000,7463838232,467.09,185.42,81.22,107.14,534.26,920.5,837.22,824.73
6736,2023-02-24T00:25:53.680000,7463838233,467.33,185.69,81.27,107.31,535.89,922.02,839.22,824.93
6737,2023-02-24T00:25:53.685000,7463838234,466.95,185.12,79.76,107.23,534.95,919.59,836.92,824.8
6738,2023-02-24T00:25:53.690000,7463838235,465.56,184.59,79.82,107.21,534.41,918.15,835.76,824.24
6739,2023-02-24T00:25:53.695000,7463838236,467.1,186.37,81.72,108.29,536.4,921.55,838.2,825
6740,2023-02-24T00:25:53.700000,7463838237,466.32,184.79,79.88,106.21,535.09,921.38,836.89,823.87
6741,2023-02-24T00:25:53.705000,7463838238,465.44,185.04,79.47,105.64,533.74,919.85,835.84,823.79
6742,2023-02-24T00:25:53.710000,7463838239,466.59,186.32,80.6,107.19,534.19,921.6,835.98,824.87
6743,2023-02-24T00:25:53.715000,7463838240,467.22,186.89,81.68,108.99,535.56,922.24,837.32,825.36
6744,2023-02-24T00:25:53.720000,7463838241,465.66,184.58,79.7,105.72,533.44,918.56,835.38,823.08
6745,2023-02-24T00:25:53.725000,7463838242,465.87,184.69,79.59,105.56,533.77,918.38,834.94,823.93
6746,2023-02-24T00:25:53.730000,7463838243,467.88,186.85,81.77,108.38,535.71,921.44,837.48,825.19
6747,2023-02-24T00:25:53.735000,7463838244,468.44,186.61,81.99,108.2,535.94,922.49,838.21,825.3
6748,2023-02-24T00:25:53.740000,7463838245,464.13,183.97,78.16,104.8,532.35,918.02,834.28,822.4
6749,2023-02-24T00:25:53.745000,7463838246,465.5,184.27,79.25,105.41,532.63,918.26,834.95,822.56
6750,2023-02-24T00:25:53.750000,7463838247,467.61,187.2,81.86,108.72,535.61,921.34,837.84,825.34
6751,2023-02-24T00:25:53.755000,7463838248,467.67,186.84,81.23,107.74,535.03,920.93,837.83,825.34
6752,2023-02-24T00:25:53.760000,7463838249,465.06,183.81,78.1,104.14,532.02,917.55,833.9,822.79
6753,2023-02-24T00:25:53.765000,7463838250,466.02,184.1,79.7,105.31,532.69,918.88,835.73,823.25
6754,2023-02-24T00:25:53.770000,7463838251,467.83,186.85,81.82,108.5,535.8,922,839.18,826.16
6755,2023-02-24T00:25:53.775000,7463838252,465.89,186.69,81.08,107.7,535.14,920.76,838.04,824.69
6756,2023-02-24T00:25:53.780000,7463838253,464.12,184.11,78.29,105.05,531.72,917.26,834.02,822.03
6757,2023-02-24T00:25:53.785000,7463838254,465.52,184.86,79.8,106.87,533.76,918.83,835.06,823.33
6758,2023-02-24T00:25:53.790000,7463838255,467.34,187.38,82.09,108.9,535.65,921.75,838.73,825.43
6759,2023-02-24T00:25:53.795000,7463838256,467.2,186.85,81.3,107.38,534.21,920.81,837.07,824.67
6760,2023-02-24T00:25:53.800000,7463838257,464.86,184.36,79.08,105.29,531.94,917.63,834.48,822.7
6761,2023-02-24T00:25:53.805000,7463838258,465.4,184.69,79.45,105.95,533.24,919.45,835.85,823.85
6762,2023-02-24T00:25:53.810000,7463838259,466.91,186.63,81.4,108.57,536.56,922.47,838.82,826.15
6763,2023-02-24T00:25:53.815000,7463838260,467.22,185.93,80.35,107.04,535.11,921.23,837.24,825.19
6764,2023-02-24T00:25:53.820000,7463838261,465.74,184.04,78.37,105.17,532.62,918.26,834.23,823.67
6765,2023-02-24T00:25:53.825000,7463838262,466.06,184.39,80.34,106.05,533.95,919.04,835.78,823.75
6766,2023-02-24T00:25:53.830000,7463838263,467.94,186.43,81.91,107.58,535.11,920.79,838.23,825.13
6767,2023-02-24T00:25:53.835000,7463838264,467.52,185.73,80.68,106.92,534.18,920.02,836.61,825.29
6768,2023-02-24T00:25:53.840000,7463838265,465.57,183.3,78.76,105.7,532.26,918.15,834.76,823.22
6769,2023-02-24T00:25:53.845000,7463838266,466.12,184.29,80.6,106.29,533.36,919.03,837.11,824.06
6770,2023-02-24T00:25:53.850000,7463838267,468.34,186.08,81.73,107.89,535.2,921.16,838.37,825.82
6771,2023-02-24T00:25:53.855000,7463838268,466.96,186.36,80.88,106.63,533.86,919.05,837.09,824.93
6772,2023-02-24T00:25:53.860000,7463838269,466.67,184.72,79.75,105.43,532.58,918.17,834.81,823.31
6773,2023-02-24T00:25:53.865000,7463838270,466.28,185.15,80.89,106.8,533.51,918.56,834.92,823.46
6774,2023-02-24T00:25:53.870000,7463838271,467.53,186.29,81.08,107.63,534.62,919.98,836.74,824.65
6775,2023-02-24T00:25:53.875000,7463838272,466.81,185.51,80.44,106.13,533.54,919.47,835.35,823.96
6776,2023-02-24T00:25:53.880000,7463838273,466.16,184.75,79.88,106.67,533.09,918.96,835.37,823.53
6777,2023-02-24T00:25:53.885000,7463838274,466.48,185.81,80.86,107.28,533.68,920.22,836.18,823.47
6778,2023-02-24T00:25:53.890000,7463838275,466,185.88,80.71,107.32,533.66,919.74,836.61,823.71
6779,2023-02-24T00:25:53.895000,7463838276,465.32,186.09,79.63,106.42,533.71,919.3,835.12,822.69
6780,2023-02-24T00:25:53.900000,7463838277,466.8,186.09,80.27,106.38,534.21,919.97,835.74,823.31
6781,2023-02-24T00:25:53.905000,7463838278,467.29,185.9,81.02,106.28,535.24,919.93,836.54,823.75
6782,2023-02-24T00:25:53.910000,7463838279,466.08,185.39,80.54,106.15,534.28,919.36,835.61,824.02
6783,2023-02-24T00:25:53.915000,7463838280,465.68,183.81,79.63,105.53,532.09,918.17,834.59,823.13
6784,2023-02-24T00:25:53.920000,7463838281,467.23,185.43,80.36,106.74,534.09,921.04,836.92,824.17
6785,2023-02-24T00:25:53.925000,7463838282,467.43,186.59,80.63,107.71,534.08,922.02,837.92,824.18
6786,2023-02-24T00:25:53.930000,7463838283,465.48,185,79.73,106.2,533.28,919.82,835.61,823.25
6787,2023-02-24T00:25:53.935000,7463838284,464.89,183.84,79.31,105.29,532.83,917.23,834.46,822.92
6788,2023-02-24T00:25:53.940000,7463838285,468.01,185.94,80.77,106.87,534.54,919.63,837.35,824.33
6789,2023-02-24T00:25:53.945000,7463838286,468.01,186.19,81.7,107.12,535.36,920.44,838.02,825.14
6790,2023-02-24T00:25:53.950000,7463838287,465.5,183.88,80.29,105.26,532.64,917.66,835.09,823.94
6791,2023-02-24T00:25:53.955000,7463838288,464.13,182.9,79.48,104.82,531.91,917.69,834.13,824.05
6792,2023-02-24T00:25:53.960000,7463838289,467.36,186.33,80.65,106.94,534.29,921.33,837.53,825.59
6793,2023-02-24T00:25:53.965000,7463838290,467.89,186.69,81.14,107.75,534.95,921.98,839.03,825.77
6794,2023-02-24T00:25:53.970000,7463838291,465.65,184.64,79.61,106.29,532.67,918.13,835.57,823.49
6795,2023-02-24T00:25:53.975000,7463838292,464.99,183.98,79.42,105.75,532.65,917.46,834.57,823.08
6796,2023-02-24T00:25:53.980000,7463838293,468.05,185.3,81.38,106.61,534.46,919.34,837.74,824.38
6797,2023-02-24T00:25:53.985000,7463838294,468.38,186.02,80.98,107.58,534.84,920.65,838.27,825.22
6798,2023-02-24T00:25:53.990000,7463838295,466.82,184.54,80.07,106.49,533.12,918.68,836.07,823.84
6799,2023-02-24T00:25:53.995000,7463838296,465.31,183.93,79.42,106.42,533.4,918.49,834.85,824.56
6800,2023-02-24T00:25:54,7463838297,466.65,184.94,79.64,106.84,533.67,919.67,836.43,824.51
6801,2023-02-24T00:25:54.005000,7463838298,466.59,185.55,80.27,107.22,534.41,920.63,837.79,824.28
6802,2023-02-24T00:25:54.010000,7463838299,467.69,184.98,80.97,106.95,534.28,919.04,837.08,825.16
6803,2023-02-24T00:25:54.015000,7463838300,468.17,185.31,81.8,107.42,535.03,919.65,838.01,825.48
6804,2023-02-24T00:25:54.020000,7463838301,466.94,184.07,79.51,105.49,533.09,917.92,836.73,823.97
6805,2023-02-24T00:25:54.025000,7463838302,466.38,183.31,78.96,105.15,533.1,918.39,835.54,824.09
6806,2023-02-24T00:25:54.030000,7463838303,467.4,184.92,81.65,108.25,534.54,920.55,837.66,825.74
6807,2023-02-24T00:25:54.035000,7463838304,469.01,185.91,82.28,107.9,535.77,921.49,838.76,826.3
6808,2023-02-24T00:25:54.040000,7463838305,465.84,183.17,78.9,104.49,532,916.97,834.56,823.23
6809,2023-02-24T00:25:54.045000,7463838306,465.76,182.69,78.82,104.57,531.62,917.07,834.93,823.33
6810,2023-02-24T00:25:54.050000,7463838307,469.59,186.63,82.4,108.21,536.61,920.49,838.96,826.45
6811,2023-02-24T00:25:54.055000,7463838308,470.7,187.12,83.6,109.57,537.39,921.99,839.61,826.91
6812,2023-02-24T00:25:54.060000,7463838309,464.46,181.48,77.88,103.55,530.62,915.26,832.52,822.26
6813,2023-02-24T00:25:54.065000,7463838310,464.67,181.96,77.92,103.7,531.28,916.06,833.84,821.93
6814,2023-02-24T00:25:54.070000,7463838311,469.09,186.75,82.91,108.66,535.86,923.41,839.83,825.42
6815,2023-02-24T00:25:54.075000,7463838312,470.75,188.56,83.87,110.25,537.06,924.68,841.14,826.35
6816,2023-02-24T00:25:54.080000,7463838313,463.46,181.55,76.83,103.71,529.73,914.13,830.98,821.05
6817,2023-02-24T00:25:54.085000,7463838314,464.63,182.21,78.1,104.03,530.9,915.45,831.63,821.28
6818,2023-02-24T00:25:54.090000,7463838315,470.35,187.89,83.51,109.24,537.59,922.7,839.91,825.71
6819,2023-02-24T00:25:54.095000,7463838316,470.36,188.41,84.21,109.55,538.44,922.84,840.26,825.37
6820,2023-02-24T00:25:54.100000,7463838317,462.81,180.07,76.19,102.77,528.56,912.99,828.77,820.56
6821,2023-02-24T00:25:54.105000,7463838318,464.39,181.99,77.86,104.11,530.29,915.8,831.29,821.51
6822,2023-02-24T00:25:54.110000,7463838319,470.81,187.9,83.55,109.9,537.13,925.21,840.16,826.27
6823,2023-02-24T00:25:54.115000,7463838320,469.76,187.92,82.98,109.52,536.75,923.98,839.68,824.94
6824,2023-02-24T00:25:54.120000,7463838321,462.57,181.12,76.8,102.74,529.23,913.5,829.37,819.73
6825,2023-02-24T00:25:54.125000,7463838322,465.05,182.08,78.56,104.68,530.81,915.64,832.25,821.46
6826,2023-02-24T00:25:54.130000,7463838323,469.91,187.54,83.89,109,537.16,922.84,839.84,825.43
6827,2023-02-24T00:25:54.135000,7463838324,469.52,186.82,82.07,107.64,535.95,920.6,837.74,824.75
6828,2023-02-24T00:25:54.140000,7463838325,464.41,182.03,77.32,103.06,530.74,913.75,829.49,821.82
6829,2023-02-24T00:25:54.145000,7463838326,465.18,183.06,79.3,105.64,531.76,916.32,832.24,822.72
6830,2023-02-24T00:25:54.150000,7463838327,469.12,186.93,81.78,108.21,536.64,922.47,839.19,824.71
6831,2023-02-24T00:25:54.155000,7463838328,467.82,186.62,81.24,107.25,534.88,920.52,837.17,824.39
6832,2023-02-24T00:25:54.160000,7463838329,465.23,184.03,79.02,105.81,531.27,916.02,832.34,822.85
6833,2023-02-24T00:25:54.165000,7463838330,465.46,183.74,80.02,106.51,533.44,918.16,835.12,823.74
6834,2023-02-24T00:25:54.170000,7463838331,468.09,185.8,80.97,107.14,535.4,920.86,837.92,824.62
6835,2023-02-24T00:25:54.175000,7463838332,466.7,184.22,79.42,105.35,533.51,918.34,835.14,823.17
6836,2023-02-24T00:25:54.180000,7463838333,465.97,185.04,80.04,106.93,533.92,917.35,833.3,823.65
6837,2023-02-24T00:25:54.185000,7463838334,466.81,186.07,81.39,106.96,535.58,919.69,836.04,824.25
6838,2023-02-24T00:25:54.190000,7463838335,467.35,185.2,80.18,105.88,534.6,919.17,836.07,822.06
6839,2023-02-24T00:25:54.195000,7463838336,465.82,184.17,78.47,104.61,533.09,916.76,833.75,821.02
6840,2023-02-24T00:25:54.200000,7463838337,468.25,185.94,81.9,108.27,535.16,920.54,836.08,824.15
6841,2023-02-24T00:25:54.205000,7463838338,467.77,186.03,81.75,107.2,535.32,920.03,835.03,823.32
6842,2023-02-24T00:25:54.210000,7463838339,465.77,183.64,79.51,104.59,533.24,917.79,833.35,821.38
6843,2023-02-24T00:25:54.215000,7463838340,465.78,184.22,79.07,105.02,532.06,917.82,832.63,821.53
6844,2023-02-24T00:25:54.220000,7463838341,468.96,186.83,82.26,108.48,535.44,921.02,836.95,824.43
6845,2023-02-24T00:25:54.225000,7463838342,467.32,186.01,81.9,107.13,534.83,919.97,836.14,823.13
6846,2023-02-24T00:25:54.230000,7463838343,465.6,184.57,78.87,104.3,532.6,916.8,832.8,820.9
6847,2023-02-24T00:25:54.235000,7463838344,465.93,184.21,79.42,105.29,533.73,916.95,833.26,821.76
6848,2023-02-24T00:25:54.240000,7463838345,469.14,186.88,83.06,107.94,536.37,921.04,836.79,824.77
6849,2023-02-24T00:25:54.245000,7463838346,467.24,185.44,81.77,106.91,534.86,919.31,835.27,822.51
6850,2023-02-24T00:25:54.250000,7463838347,464.76,183.28,78.68,104.5,531.89,916.7,831.96,820.84
6851,2023-02-24T00:25:54.255000,7463838348,465.59,184.53,79.59,105.15,533.68,918.93,833.64,821.18
6852,2023-02-24T00:25:54.260000,7463838349,467.91,187.25,82.51,108.28,536.22,922.4,836.96,824.13
6853,2023-02-24T00:25:54.265000,7463838350,467.11,185.88,81.4,107.2,534.4,920.13,835.09,822.53
6854,2023-02-24T00:25:54.270000,7463838351,464.7,184.25,79.4,104.29,532.96,916.32,831.61,820.97
6855,2023-02-24T00:25:54.275000,7463838352,466.26,184.84,81.11,105.92,533.93,918.06,834.03,822.32
6856,2023-02-24T00:25:54.280000,7463838353,468.83,186.71,82.92,108.87,536.86,921.23,837.86,824.84
6857,2023-02-24T00:25:54.285000,7463838354,466.99,185.27,81.07,106.2,534.38,918.68,835.11,822.86
6858,2023-02-24T00:25:54.290000,7463838355,465.4,183.55,79.28,104.53,531.96,916.89,832.76,821.86
6859,2023-02-24T00:25:54.295000,7463838356,466.41,185.17,80.42,106.26,533.67,919.28,834.39,822.29
6860,2023-02-24T00:25:54.300000,7463838357,468.18,186.68,82.3,107.4,535.26,922.11,837.13,823.34
6861,2023-02-24T00:25:54.305000,7463838358,467.41,185.26,81.1,106.42,533.51,918.37,834.78,823.28
6862,2023-02-24T00:25:54.310000,7463838359,466.19,183.27,78.91,104.65,532.09,915.94,832.5,821.49
6863,2023-02-24T00:25:54.315000,7463838360,467.4,183.49,80.85,105.92,534.13,917.82,834.91,822.91
6864,2023-02-24T00:25:54.320000,7463838361,468.56,185.26,82.15,107.61,535.19,919.33,837.35,823.82
6865,2023-02-24T00:25:54.325000,7463838362,467.43,184.73,80.87,106.24,534.02,918.04,834.84,823.12
6866,2023-02-24T00:25:54.330000,7463838363,466.19,183.22,79.46,105.72,531.87,916.71,833.69,822.16
6867,2023-02-24T00:25:54.335000,7463838364,466.24,183.79,80.38,105.94,533.17,917.76,834.54,822.67
6868,2023-02-24T00:25:54.340000,7463838365,467.62,185.44,82.38,107.58,534.91,919.26,836.36,823.82
6869,2023-02-24T00:25:54.345000,7463838366,467.8,185.5,81.12,106.76,534.07,918.18,835.13,823.16
6870,2023-02-24T00:25:54.350000,7463838367,466.21,183.49,79.47,104.45,532.76,916.13,832.65,822.34
6871,2023-02-24T00:25:54.355000,7463838368,466.69,184.17,80.7,105.84,534.09,917.93,835.07,822.96
6872,2023-02-24T00:25:54.360000,7463838369,467.03,185.07,82,107.2,534.7,918.76,835.58,823.34
6873,2023-02-24T00:25:54.365000,7463838370,467.45,185.29,80.58,106.73,533.96,919.07,834.86,822.81
6874,2023-02-24T00:25:54.370000,7463838371,465.94,184.48,79.88,105.6,532.78,918.13,833.26,822.02
6875,2023-02-24T00:25:54.375000,7463838372,466.96,185.1,81.05,106.71,534.21,919.01,834.28,822.44
6876,2023-02-24T00:25:54.380000,7463838373,466.67,185.18,80.89,105.95,534.44,918.26,834.91,822.46
6877,2023-02-24T00:25:54.385000,7463838374,468.23,184.62,81.48,106.44,534.28,918.64,834.88,822.89
6878,2023-02-24T00:25:54.390000,7463838375,466.68,184.99,80.75,106.04,534.2,918.29,834.23,822.18
6879,2023-02-24T00:25:54.395000,7463838376,468.21,185.2,81.33,107.59,534.25,919.94,835.8,823.06
6880,2023-02-24T00:25:54.400000,7463838377,466.21,184.14,80.65,106.61,532.45,918.83,834.39,822.69
6881,2023-02-24T00:25:54.405000,7463838378,467.22,184.68,80.14,106.73,532.75,919.06,834.92,823.83
6882,2023-02-24T00:25:54.410000,7463838379,468.24,185.08,80.63,106.85,532.6,919.73,835.38,823.99
6883,2023-02-24T00:25:54.415000,7463838380,468.48,184.89,80.94,107.63,534.82,919.5,836.63,824.34
6884,2023-02-24T00:25:54.420000,7463838381,466.8,183.41,80.12,105.94,532.95,916.53,834.16,822.71
6885,2023-02-24T00:25:54.425000,7463838382,467.5,183.19,79.75,106.39,532.44,916.71,833.45,823.44
6886,2023-02-24T00:25:54.430000,7463838383,468.84,184.51,80.46,106.81,533.69,918.61,836.03,823.62
6887,2023-02-24T00:25:54.435000,7463838384,469.62,185.98,82.56,107.79,534.67,920.77,837.65,825.32
6888,2023-02-24T00:25:54.440000,7463838385,466.42,183.42,79.87,106.28,532.04,917.85,834.68,823.66
6889,2023-02-24T00:25:54.445000,7463838386,466.48,183.44,79.18,105.76,531.76,917.82,834.19,822.94
6890,2023-02-24T00:25:54.450000,7463838387,468.76,185.93,81.02,107.01,534.61,920.71,837.76,824.39
6891,2023-02-24T00:25:54.455000,7463838388,469.61,186.5,81.91,108.57,536.44,921.54,838.85,825.8
6892,2023-02-24T00:25:54.460000,7463838389,466.49,183.16,79.78,105.41,533.24,917.08,833.93,823.88
6893,2023-02-24T00:25:54.465000,7463838390,466.45,182.58,79.48,105.53,532.7,917.31,833.74,823.78
6894,2023-02-24T00:25:54.470000,7463838391,468.83,185.84,81.41,107.65,535.61,921.15,837.46,824.53
6895,2023-02-24T00:25:54.475000,7463838392,469.3,186.75,81.65,107.49,535.24,922.47,838.04,824.95
6896,2023-02-24T00:25:54.480000,7463838393,465.95,183.63,79.84,106.06,532.6,918.54,834.66,822.52
6897,2023-02-24T00:25:54.485000,7463838394,466.45,183.12,80.17,104.99,532.59,917.74,834.23,822.7
6898,2023-02-24T00:25:54.490000,7463838395,468.06,184.96,81.26,106.62,534.21,919.74,836.34,824.86
6899,2023-02-24T00:25:54.495000,7463838396,469.04,185.28,81.25,106.53,535.83,920.38,836.19,824.6
6900,2023-02-24T00:25:54.500000,7463838397,468.45,184.98,81.09,107.1,534.44,919.17,835.39,825.16
6901,2023-02-24T00:25:54.505000,7463838398,466.8,184.21,80.54,106.44,533.53,918.33,834.76,823.81
6902,2023-02-24T00:25:54.510000,7463838399,467.37,184.41,80.18,105.57,533.16,918.99,835.78,823.68
6903,2023-02-24T00:25:54.515000,7463838400,467,184.65,79.87,106.04,532.79,919.22,835.61,822.59
6904,2023-02-24T00:25:54.520000,7463838401,468.09,185.7,81.7,107.63,534.27,920.65,836.88,824.21
6905,2023-02-24T00:25:54.525000,7463838402,468.68,186.02,82.27,106.6,533.88,920.19,836.52,824.56
6906,2023-02-24T00:25:54.530000,7463838403,466.13,183.81,79.84,105.36,531.79,916.85,834.03,822.73
6907,2023-02-24T00:25:54.535000,7463838404,465.39,182.02,79.14,103.71,531.44,915.11,832.26,821.88
6908,2023-02-24T00:25:54.540000,7463838405,470.6,187.13,83.8,108.63,537.26,921.75,838.94,825.93
6909,2023-02-24T00:25:54.545000,7463838406,469.02,187.59,83.38,108.28,536.34,921.3,838.56,824.85
6910,2023-02-24T00:25:54.550000,7463838407,464.03,182.06,77.5,102.97,530.22,914.83,831.74,820.57
6911,2023-02-24T00:25:54.555000,7463838408,463.19,182.19,77.14,103.08,529.33,914.89,830.67,820.16
6912,2023-02-24T00:25:54.560000,7463838409,470.29,189.36,85.21,111.09,538.36,924.39,840.69,826.69
6913,2023-02-24T00:25:54.565000,7463838410,470.75,187.42,83.73,108.68,536.03,922.24,838.34,825.15
6914,2023-02-24T00:25:54.570000,7463838411,464.45,180.89,77.7,103.03,528.87,913.79,829.92,820.94
6915,2023-02-24T00:25:54.575000,7463838412,463.84,181.27,77.95,102.91,530.43,913.86,830.33,820.46
6916,2023-02-24T00:25:54.580000,7463838413,472.42,188.65,85.27,111.01,538.67,923.74,841.36,827.38
6917,2023-02-24T00:25:54.585000,7463838414,470.03,186.62,83.54,108.82,536.97,922.23,838.93,826.03
6918,2023-02-24T00:25:54.590000,7463838415,463.09,181.31,77.2,102.76,529.04,913.53,830.27,821.03
6919,2023-02-24T00:25:54.595000,7463838416,464.97,181.38,78.35,103.48,529.9,915.2,831.05,820.89
6920,2023-02-24T00:25:54.600000,7463838417,472.26,188.38,84.99,109.97,537.35,924.65,841.93,826.33
6921,2023-02-24T00:25:54.605000,7463838418,470.6,186.77,83.24,108.6,535.82,921.21,838.84,825.9
6922,2023-02-24T00:25:54.610000,7463838419,464.05,181.01,77.93,103.11,529.83,912.87,829.53,820.91
6923,2023-02-24T00:25:54.615000,7463838420,466.37,181.81,79.54,104.5,531.6,915.69,832.79,822.48
6924,2023-02-24T00:25:54.620000,7463838421,471.56,186.86,83.46,109.4,536.81,922.46,840.3,826.04
6925,2023-02-24T00:25:54.625000,7463838422,469.19,185.41,81.32,107.65,535.18,919.77,836.93,823.7
6926,2023-02-24T00:25:54.630000,7463838423,464.81,182.07,77.88,104.55,530.73,913.9,831.42,821.32
6927,2023-02-24T00:25:54.635000,7463838424,466.75,184.54,80.82,106.36,532.23,917.39,833.95,822.9
6928,2023-02-24T00:25:54.640000,7463838425,469.74,186.95,82.47,108.29,535.19,921.75,839.22,824.83
6929,2023-02-24T00:25:54.645000,7463838426,468.85,184.07,80.78,105.78,533.45,918.14,835.12,822.86
6930,2023-02-24T00:25:54.650000,7463838427,466.14,182.58,79.86,105,530.39,915.82,831.65,822.56
6931,2023-02-24T00:25:54.655000,7463838428,467.18,184.82,81.58,106.8,533.79,918.44,835.11,823.52
6932,2023-02-24T00:25:54.660000,7463838429,467.74,185.71,81.21,106.21,534.16,920,837.12,823.12
6933,2023-02-24T00:25:54.665000,7463838430,466.34,184.29,80.37,105.83,532.62,918.05,833.95,822.13
6934,2023-02-24T00:25:54.670000,7463838431,466.06,184.75,80.69,106.49,532.78,917,833.11,822.67
6935,2023-02-24T00:25:54.675000,7463838432,468.17,185.75,82.33,107.06,534.96,919.9,835.19,823.77
6936,2023-02-24T00:25:54.680000,7463838433,467.09,184.25,79.82,105.12,533.43,917.38,833.93,821.96
6937,2023-02-24T00:25:54.685000,7463838434,467.53,184.55,81.07,105.3,532.23,917.23,833.08,822.64
6938,2023-02-24T00:25:54.690000,7463838435,468.49,184.98,82.24,107.08,534.08,918.48,834.11,823.6
6939,2023-02-24T00:25:54.695000,7463838436,468.12,185.64,81.67,106.99,534.84,919.89,835.53,823.54
6940,2023-02-24T00:25:54.700000,7463838437,465.1,183.44,78.85,103.9,532.22,916.59,832.7,820.89
6941,2023-02-24T00:25:54.705000,7463838438,466.15,184.01,79.77,105.56,532.77,917.62,833.73,822.09
6942,2023-02-24T00:25:54.710000,7463838439,469.19,185.82,82.41,108.21,534.72,920.32,836.02,824.88
6943,2023-02-24T00:25:54.715000,7463838440,468.86,185.47,81.75,107.36,534.96,920.13,836.05,823.94
6944,2023-02-24T00:25:54.720000,7463838441,465.8,182.16,77.86,103.88,531,915.71,832.01,820.85
6945,2023-02-24T00:25:54.725000,7463838442,467.65,183.81,79.85,105.93,532.98,917.21,833.83,822.53
6946,2023-02-24T00:25:54.730000,7463838443,469.27,186.1,82.5,108.67,535.94,920.27,837.14,825.15
6947,2023-02-24T00:25:54.735000,7463838444,468.02,184.96,80.85,107.2,534.55,919.21,836.56,823.68
6948,2023-02-24T00:25:54.740000,7463838445,465.93,181.78,77.58,103.78,531.26,915.33,832.21,821.33
6949,2023-02-24T00:25:54.745000,7463838446,468.08,183.56,80,106.49,533.7,918.29,835.01,823.11
6950,2023-02-24T00:25:54.750000,7463838447,469.63,186.4,83.3,108.77,535.6,920.82,837.71,825.78
6951,2023-02-24T00:25:54.755000,7463838448,467.46,184.5,81.05,106.62,533.26,919.41,835.96,823.87
6952,2023-02-24T00:25:54.760000,7463838449,465.62,182.11,78.08,103.59,530.68,915.44,832.27,821.74
6953,2023-02-24T00:25:54.765000,7463838450,468.04,183.62,80.85,106.32,533.81,918.45,835.34,824.09
6954,2023-02-24T00:25:54.770000,7463838451,470.23,185.93,82.89,109,535.64,919.68,838.39,826.44
6955,2023-02-24T00:25:54.775000,7463838452,468.16,184.2,81.01,107.09,533.99,918.8,836.58,824.57
6956,2023-02-24T00:25:54.780000,7463838453,466.83,181.68,78.9,104.96,531.71,916.2,833.5,822.51
6957,2023-02-24T00:25:54.785000,7463838454,468.64,183.56,80.68,106.47,533.53,917.75,835.77,823.67
6958,2023-02-24T00:25:54.790000,7463838455,470.44,185.13,82.85,108.36,535.39,920.71,838.32,825.74
6959,2023-02-24T00:25:54.795000,7463838456,469.48,183.69,80.88,106.31,532.84,918.71,835.23,824.26
6960,2023-02-24T00:25:54.800000,7463838457,467.34,182.12,79.8,104.43,531.38,916.37,833.61,822.89
6961,2023-02-24T00:25:54.805000,7463838458,468.52,182.92,81.11,105.84,533.72,918.27,836.34,824.34
6962,2023-02-24T00:25:54.810000,7463838459,469.44,184.49,82.51,108.14,535.06,919.79,837.87,825.31
6963,2023-02-24T00:25:54.815000,7463838460,467.99,183.98,80.6,106.21,533.28,917.85,835.83,824.3
6964,2023-02-24T00:25:54.820000,7463838461,467.28,182.44,79.81,105.3,532.58,916.65,833.42,823.09
6965,2023-02-24T00:25:54.825000,7463838462,468.51,183.63,80.95,106.49,534.09,918.48,835.76,823.67
6966,2023-02-24T00:25:54.830000,7463838463,469.91,185.29,82.57,107.81,535.49,919.57,837.57,825.09
6967,2023-02-24T00:25:54.835000,7463838464,468.52,184.24,81.31,106.24,533.27,918.16,834.54,823.57
6968,2023-02-24T00:25:54.840000,7463838465,467.85,182.73,80.34,105.24,532.21,917.21,833.85,822.56
6969,2023-02-24T00:25:54.845000,7463838466,467.41,183.97,81.04,106.39,533.19,918.22,834.89,822.87
6970,2023-02-24T00:25:54.850000,7463838467,468.76,185.29,81.99,108.12,535.37,920.13,836.24,823.43
6971,2023-02-24T00:25:54.855000,7463838468,468.14,184.83,81.57,106.28,533.38,918.15,834.07,822.44
6972,2023-02-24T00:25:54.860000,7463838469,468.37,184.4,80.78,105.69,533.56,916.82,833.17,821.92
6973,2023-02-24T00:25:54.865000,7463838470,468.17,184.06,81.48,105.79,532.84,917.24,833.71,821.74
6974,2023-02-24T00:25:54.870000,7463838471,468.71,184.36,81.81,106.75,533.82,917.86,834.37,822.04
6975,2023-02-24T00:25:54.875000,7463838472,468.36,184.07,80.61,105.7,532.99,917.37,833.35,822.49
6976,2023-02-24T00:25:54.880000,7463838473,468.01,185.21,81.19,105.97,532.96,918.63,834.79,822.83
6977,2023-02-24T00:25:54.885000,7463838474,467.92,184.37,81.35,107.02,532.72,918.42,834.51,822.87
6978,2023-02-24T00:25:54.890000,7463838475,467.92,184.53,81.18,106.34,532.32,917.64,834.18,822.09
6979,2023-02-24T00:25:54.895000,7463838476,466.51,183.41,80.52,105.78,531.84,915.47,832.93,821.72
6980,2023-02-24T00:25:54.900000,7463838477,469.61,185.13,81.73,107.05,534.52,918.26,834.92,823.21
6981,2023-02-24T00:25:54.905000,7463838478,468.7,184.94,81.13,106.79,533.47,917.67,834.64,822.5
6982,2023-02-24T00:25:54.910000,7463838479,467.54,183.12,80.28,105.97,532.31,915.75,833.08,821.66
6983,2023-02-24T00:25:54.915000,7463838480,466.41,182.52,79.23,104.7,531.41,916.02,831.25,821.65
6984,2023-02-24T00:25:54.920000,7463838481,468.75,184.7,80.98,107.09,534.46,919.62,834.97,821.94
6985,2023-02-24T00:25:54.925000,7463838482,468.6,185.16,81.64,107.29,535.11,919.07,835.39,822.27
6986,2023-02-24T00:25:54.930000,7463838483,467.03,183.24,79.59,105.96,532.87,916.6,832.56,821.15
6987,2023-02-24T00:25:54.935000,7463838484,466.21,182.01,79.66,104.63,532.07,915.26,832.39,821.04
6988,2023-02-24T00:25:54.940000,7463838485,468.72,184.86,81.05,105.96,535.54,918.18,834.97,823.07
6989,2023-02-24T00:25:54.945000,7463838486,469.29,185.99,81.79,107.06,535.69,919.8,835.71,823.69
6990,2023-02-24T00:25:54.950000,7463838487,466.77,184.16,80.32,105.45,531.68,916.74,832.31,822.09
6991,2023-02-24T00:25:54.955000,7463838488,465.86,183.27,80.3,104.94,531.55,917.15,831.97,821.81
6992,2023-02-24T00:25:54.960000,7463838489,467.86,185.31,80.97,106.68,534,919.7,834.94,822.13
6993,2023-02-24T00:25:54.965000,7463838490,468.23,185.46,81.45,106.61,535,919.21,834.34,821.88
6994,2023-02-24T00:25:54.970000,7463838491,466.91,184.18,80.57,105.52,534.33,915.38,831.72,821.08
6995,2023-02-24T00:25:54.975000,7463838492,466.97,183.61,80.88,105.33,533.86,915.38,832.1,821.01
6996,2023-02-24T00:25:54.980000,7463838493,468.04,183.68,79.87,105.32,533.07,915.8,832.7,821.14
6997,2023-02-24T00:25:54.985000,7463838494,468.04,184.84,81,106.07,533.18,918.33,833.61,822.08
6998,2023-02-24T00:25:54.990000,7463838495,468.13,184.61,80.85,105.53,531.88,918.56,833.41,822.94
6999,2023-02-24T00:25:54.995000,7463838496,467.91,184.97,81.17,106.26,532.72,919.18,833.74,822.53
7000,2023-02-24T00:25:55,7463838497,465.46,182.21,78.85,103.93,530.85,915.24,830.66,819.47
7001,2023-02-24T00:25:55.005000,7463838498,467.87,183.3,80.49,105.58,532.98,916.38,832.45,820.72
7002,2023-02-24T00:25:55.010000,7463838499,468.99,185.81,82.26,106.93,536.05,916.88,833.79,822.2
7003,2023-02-24T00:25:55.015000,7463838500,469.23,186.21,82.52,107.8,536.13,918.07,834.59,822.95
7004,2023-02-24T00:25:55.020000,7463838501,465.46,182.11,78.3,102.87,530.4,913.56,829.07,818.96
7005,2023-02-24T00:25:55.025000,7463838502,466.63,183.42,79.5,104.85,531.44,916.67,831.9,820.14
7006,2023-02-24T00:25:55.030000,7463838503,469.29,186.2,82.93,108.5,534.83,921.91,835.59,823
7007,2023-02-24T00:25:55.035000,7463838504,469.53,186.07,83.08,108.05,534.97,921.45,836.08,822.98
7008,2023-02-24T00:25:55.040000,7463838505,464.11,180.77,77.5,102.55,529.65,912.48,828.18,817.9
7009,2023-02-24T00:25:55.045000,7463838506,466.43,182.96,79.5,104.2,533.07,913.94,830.64,820.57
7010,2023-02-24T00:25:55.050000,7463838507,470.82,187.53,83.53,109.02,537.79,920.09,837.33,823.52
7011,2023-02-24T00:25:55.055000,7463838508,471.21,187.55,83.9,109.01,537.23,920.59,837.24,824.09
7012,2023-02-24T00:25:55.060000,7463838509,463.98,180,77.38,102,527.98,912.68,827.64,818.7
7013,2023-02-24T00:25:55.065000,7463838510,466.23,182.66,79.44,105,530.44,916.33,831.76,820.56
7014,2023-02-24T00:25:55.070000,7463838511,471.25,187.58,83.58,109.46,536.76,923.6,838.59,824.27
7015,2023-02-24T00:25:55.075000,7463838512,470.89,187.41,83.57,108.97,536.34,921.77,838.16,823.69
7016,2023-02-24T00:25:55.080000,7463838513,464.45,180.09,77,102.45,529.23,910.43,828.13,818.51
7017,2023-02-24T00:25:55.085000,7463838514,467.5,182.89,80.1,105.37,533.03,914.18,831.66,821.92
7018,2023-02-24T00:25:55.090000,7463838515,471.77,186.56,83.68,109.31,537.76,920.47,838.14,825.09
7019,2023-02-24T00:25:55.095000,7463838516,470.4,184.84,82.28,106.99,534.19,918.54,835.99,823.24
7020,2023-02-24T00:25:55.100000,7463838517,465.3,180.09,77.62,102.89,527.29,912.88,828.56,820.29
7021,2023-02-24T00:25:55.105000,7463838518,467.13,183.32,80.26,105.62,531.06,917.45,833.76,822.36
7022,2023-02-24T00:25:55.110000,7463838519,470.81,186.6,83.1,107.79,535.06,921.3,838.82,824.67
7023,2023-02-24T00:25:55.115000,7463838520,469.68,185.41,81.23,107.4,534.23,917.86,835.19,823.28
7024,2023-02-24T00:25:55.120000,7463838521,466.79,183.33,79.4,104.56,531.77,913.5,830.52,821.04
7025,2023-02-24T00:25:55.125000,7463838522,467.09,184.29,81.16,105.86,533.35,915.05,833.02,822.39
7026,2023-02-24T00:25:55.130000,7463838523,469.61,184.9,82.02,106.71,535.15,919.12,836.75,822.86
7027,2023-02-24T00:25:55.135000,7463838524,467.78,184.51,80.9,106.18,532.56,918.55,834.26,822.34
7028,2023-02-24T00:25:55.140000,7463838525,467.67,183.04,80.72,105.95,531.96,917.53,831.8,821.57
7029,2023-02-24T00:25:55.145000,7463838526,468.22,184.21,81.79,106.55,533.36,918.86,833.76,821.66
7030,2023-02-24T00:25:55.150000,7463838527,468.25,184.66,81.16,105.61,533.93,918.54,834.28,821.03
7031,2023-02-24T00:25:55.155000,7463838528,467.16,183.28,80.17,104.91,533.63,915.62,831.89,821.27
7032,2023-02-24T00:25:55.160000,7463838529,468,184.81,81.27,106.72,534.69,916.03,831.88,821.76
7033,2023-02-24T00:25:55.165000,7463838530,467.72,184.39,81.93,106.33,534.32,917.25,833.16,821.71
7034,2023-02-24T00:25:55.170000,7463838531,467.78,183.39,79.95,105.26,532.34,917.58,833.11,820.61
7035,2023-02-24T00:25:55.175000,7463838532,466.31,183.26,79.41,105.13,531.58,916.8,832.07,820.11
7036,2023-02-24T00:25:55.180000,7463838533,469.14,185.84,82.76,107.64,533.95,919.99,834.36,822.96
7037,2023-02-24T00:25:55.185000,7463838534,468.88,184.7,81.93,106.61,533.36,918.38,833.83,821.99
7038,2023-02-24T00:25:55.190000,7463838535,467.39,182.65,79.29,104.41,532.12,916.26,831.21,820.43
7039,2023-02-24T00:25:55.195000,7463838536,467.12,182.69,80.23,104.64,531.63,914.64,831.15,821.08
7040,2023-02-24T00:25:55.200000,7463838537,469.9,185.66,83.01,107.69,535.64,918.55,835.72,824.24
7041,2023-02-24T00:25:55.205000,7463838538,467.97,184.61,80.44,106.12,533.98,917.64,834.32,822.1
7042,2023-02-24T00:25:55.210000,7463838539,466.41,182.71,78.42,104.04,531.35,916.05,832.37,820.7
7043,2023-02-24T00:25:55.215000,7463838540,466.85,184.27,79.47,105.63,530.91,917.71,833.11,821.41
7044,2023-02-24T00:25:55.220000,7463838541,470.12,186.73,83.64,108.97,535.23,920.68,836.48,823.44
7045,2023-02-24T00:25:55.225000,7463838542,468.34,183.9,80.89,106.33,533.68,917.64,833.19,822.16
7046,2023-02-24T00:25:55.230000,7463838543,467.38,181.93,79.52,104.44,531.18,914.22,830.25,820.25
7047,2023-02-24T00:25:55.235000,7463838544,468.14,183.24,80.97,106.12,533.08,916.68,832.92,821.97
7048,2023-02-24T00:25:55.240000,7463838545,469.64,185.74,83.51,108.03,536,920.33,836.28,823.93
7049,2023-02-24T00:25:55.245000,7463838546,468.18,183.73,80.73,105.75,533.17,916.91,833.26,821.47
7050,2023-02-24T00:25:55.250000,7463838547,465.72,182.05,78.71,103.63,530.57,915.66,831.33,820.28
7051,2023-02-24T00:25:55.255000,7463838548,467.85,183.71,80.42,106.58,533,917.68,834.29,821.97
7052,2023-02-24T00:25:55.260000,7463838549,470.53,185.83,83.3,108.62,535.68,919.73,836.01,823.73
7053,2023-02-24T00:25:55.265000,7463838550,468.94,183.62,80.9,105.7,533.45,917.41,833.65,822.4
7054,2023-02-24T00:25:55.270000,7463838551,466.83,181.89,79.12,103.5,531.73,914.5,831.2,821.39
7055,2023-02-24T00:25:55.275000,7463838552,467.64,183.2,80.95,106.13,532.72,917.52,833.81,822.45
7056,2023-02-24T00:25:55.280000,7463838553,469.16,185.03,82.87,107.92,534.74,919.76,836.86,823.52
7057,2023-02-24T00:25:55.285000,7463838554,467.91,183.61,80.45,105.69,532.35,916.91,833.85,822.16
7058,2023-02-24T00:25:55.290000,7463838555,467.95,182.69,79.01,104.35,531.59,915.12,831.85,821.01
7059,2023-02-24T00:25:55.295000,7463838556,469,184.41,81,105.61,533.68,917.85,834.19,822.51
7060,2023-02-24T00:25:55.300000,7463838557,469.64,185.19,82.13,107.34,534.83,918.33,835.05,823
7061,2023-02-24T00:25:55.305000,7463838558,468.34,184.62,81.29,106.32,533.64,917.04,834.07,822.94
7062,2023-02-24T00:25:55.310000,7463838559,467.06,182.59,79.16,103.66,531.42,915.51,831.87,821.14
7063,2023-02-24T00:25:55.315000,7463838560,467.81,184.27,81.1,106.59,532.77,917.25,833.9,821.35
7064,2023-02-24T00:25:55.320000,7463838561,468.07,185.23,82.09,106.82,533.99,918.21,835.03,822.3
7065,2023-02-24T00:25:55.325000,7463838562,468.15,185.22,80.62,106.36,533.31,917.11,834.02,821.71
7066,2023-02-24T00:25:55.330000,7463838563,465.91,183.65,79.75,105.01,531.69,915.83,831.67,820.24
7067,2023-02-24T00:25:55.335000,7463838564,467.94,183.77,81.78,106.4,534.07,916.74,833.79,822.22
7068,2023-02-24T00:25:55.340000,7463838565,468.91,184.12,81.86,106.34,533.84,917.86,834.24,822.54
7069,2023-02-24T00:25:55.345000,7463838566,467.95,184.62,81.71,105.96,533.37,916.97,833.15,822.74
7070,2023-02-24T00:25:55.350000,7463838567,467.76,182.82,80.28,104.29,530.96,916.02,831.75,821.31
7071,2023-02-24T00:25:55.355000,7463838568,467.71,184,81.5,106.63,532.61,917.59,833.53,822.29
7072,2023-02-24T00:25:55.360000,7463838569,467.45,183.83,80.93,106.24,532.33,916.74,833.78,821.77
7073,2023-02-24T00:25:55.365000,7463838570,467.9,184.31,80.41,105.93,533.21,916.36,833.79,821.9
7074,2023-02-24T00:25:55.370000,7463838571,467.75,183.61,80.68,105.08,533.06,915.96,832.71,821.62
7075,2023-02-24T00:25:55.375000,7463838572,469.92,184.23,82.18,106.78,534.53,917.42,834.38,822.26
7076,2023-02-24T00:25:55.380000,7463838573,468.23,182.95,81.49,106.04,532.55,916.17,832.95,821.44
7077,2023-02-24T00:25:55.385000,7463838574,468.6,182.69,81.37,105.47,532.01,917.59,833.07,821.96
7078,2023-02-24T00:25:55.390000,7463838575,468.69,182.95,81.08,105.95,531.52,917.61,833.58,821.96
7079,2023-02-24T00:25:55.395000,7463838576,469.33,183.03,82.22,106.89,532.69,918.77,834.89,823.08
7080,2023-02-24T00:25:55.400000,7463838577,466.83,182.71,80.72,106.18,531.56,915.59,832.68,821.18
7081,2023-02-24T00:25:55.405000,7463838578,468.87,183.36,80.95,105.49,533.3,914.82,833.03,821.69
7082,2023-02-24T00:25:55.410000,7463838579,469.24,184.04,81.64,106.62,535.25,915.78,834.4,822.14
7083,2023-02-24T00:25:55.415000,7463838580,470.2,185.29,82.27,107.14,535.44,917.61,835.29,822.96
7084,2023-02-24T00:25:55.420000,7463838581,467.62,183.01,80.08,105.36,532.23,915.62,831.96,821.31
7085,2023-02-24T00:25:55.425000,7463838582,467.73,182.57,80.69,105.22,531.61,916.83,831.63,821.55
7086,2023-02-24T00:25:55.430000,7463838583,468.96,184.51,81.63,106.79,533.24,919.77,834.58,822.57
7087,2023-02-24T00:25:55.435000,7463838584,469.94,185.22,82.04,107.12,534.25,920.02,834.84,822.53
7088,2023-02-24T00:25:55.440000,7463838585,468.04,182.9,81.15,105.12,532.85,915.79,832.14,821.02
7089,2023-02-24T00:25:55.445000,7463838586,468.03,183.12,80.03,105,533.53,915.19,831.81,820.65
7090,2023-02-24T00:25:55.450000,7463838587,469.57,184.79,81.47,106.32,535.26,917.16,833.48,822
7091,2023-02-24T00:25:55.455000,7463838588,469.5,185.26,82.01,106.24,534.62,917.88,833.73,822.26
7092,2023-02-24T00:25:55.460000,7463838589,467.02,183.73,80.74,105.25,532.22,916.63,832.38,821.44
7093,2023-02-24T00:25:55.465000,7463838590,467.51,182.29,80.3,105.25,531.66,917.64,832.47,820.99
7094,2023-02-24T00:25:55.470000,7463838591,468.91,184.26,81.51,106.17,532.98,918.5,835,822.27
7095,2023-02-24T00:25:55.475000,7463838592,468.65,184.45,81.28,105.79,533.13,918.11,834.09,822.21
7096,2023-02-24T00:25:55.480000,7463838593,469.38,184.03,81.43,106.68,534.04,916.87,834.39,823.17
7097,2023-02-24T00:25:55.485000,7463838594,468.08,183.14,80.91,105.75,533.89,915.19,833.55,822.52
7098,2023-02-24T00:25:55.490000,7463838595,468.88,183.57,81.08,105.07,532.88,916.48,834.13,821.74
7099,2023-02-24T00:25:55.495000,7463838596,468.36,183.1,80.53,105.3,533.27,916.63,833.4,821.91
7100,2023-02-24T00:25:55.500000,7463838597,470.87,185.03,82.76,107.44,535.29,919.84,836.36,823.91
7101,2023-02-24T00:25:55.505000,7463838598,469.28,184.21,81.89,107.11,533.45,918.69,834.81,822.63
7102,2023-02-24T00:25:55.510000,7463838599,467.67,182.67,79.84,104.07,531.18,916.33,832.68,821.49
7103,2023-02-24T00:25:55.515000,7463838600,466.73,182.19,79.06,103.87,531.8,914.59,831.88,821.82
7104,2023-02-24T00:25:55.520000,7463838601,472.01,186.66,83.93,109.52,537.54,921.11,838.46,825.54
7105,2023-02-24T00:25:55.525000,7463838602,470.56,184.15,82.25,107.27,534.62,918.35,835.45,823.82
7106,2023-02-24T00:25:55.530000,7463838603,466.75,180.17,78.8,102.96,531,912.97,831.13,821.03
7107,2023-02-24T00:25:55.535000,7463838604,467.26,180.88,78.88,104.11,530.43,914.86,831.91,822.07
7108,2023-02-24T00:25:55.540000,7463838605,473.14,187.08,84.89,110.13,536.68,923.44,840.31,827.08
7109,2023-02-24T00:25:55.545000,7463838606,471.09,184.34,82.3,107.37,533.78,920.22,836.93,824.14
7110,2023-02-24T00:25:55.550000,7463838607,466.19,180.6,78.24,103,529.55,912.92,830.07,820.85
7111,2023-02-24T00:25:55.555000,7463838608,467.33,180.86,79.55,104.42,531.47,913.33,831.48,821.67
7112,2023-02-24T00:25:55.560000,7463838609,475.08,187.43,85.68,110.08,538.37,921.92,840.24,826.23
7113,2023-02-24T00:25:55.565000,7463838610,471.42,183.96,82.89,107.55,534.5,918.17,836.43,824.61
7114,2023-02-24T00:25:55.570000,7463838611,465.99,179.57,77.68,102.44,529.3,911.06,828.72,820.21
7115,2023-02-24T00:25:55.575000,7463838612,467.52,181.02,78.79,103.73,530.19,913.83,830.96,821.16
7116,2023-02-24T00:25:55.580000,7463838613,473.43,187.35,85.25,110.27,537.15,923.91,840.34,825.9
7117,2023-02-24T00:25:55.585000,7463838614,469.93,183.87,82.21,106.68,533.5,918.8,835.66,822.56
7118,2023-02-24T00:25:55.590000,7463838615,465.35,180.31,78.27,102.41,528.93,911.58,828.1,818.8
7119,2023-02-24T00:25:55.595000,7463838616,467.66,182.02,80.79,105.04,532.08,914.69,831.44,821.98
7120,2023-02-24T00:25:55.600000,7463838617,472.76,187.73,84.03,109.35,537.17,920.87,838.65,823.72
7121,2023-02-24T00:25:55.605000,7463838618,469.5,184.38,81.84,106.08,533.45,917.07,833.68,822.06
7122,2023-02-24T00:25:55.610000,7463838619,465.98,181.45,79.14,104.1,529.65,912.55,828.91,820.02
7123,2023-02-24T00:25:55.615000,7463838620,467.03,183.47,81.08,106.12,532.86,916.63,833.22,820.94
7124,2023-02-24T00:25:55.620000,7463838621,469.66,185.99,82.24,107.52,535.16,920.37,836.73,822.69
7125,2023-02-24T00:25:55.625000,7463838622,469.26,184,81.14,105.62,532.34,916.71,832.76,820.91
7126,2023-02-24T00:25:55.630000,7463838623,466.93,182.72,80.13,105.14,531.09,913.67,829.6,819.88
7127,2023-02-24T00:25:55.635000,7463838624,468.71,183.89,82.4,106.7,533.64,915.65,832.42,821.49
7128,2023-02-24T00:25:55.640000,7463838625,469.31,184.51,81.78,105.76,534.27,917.74,833.99,821.42
7129,2023-02-24T00:25:55.645000,7463838626,468.82,183.81,80.82,105.92,532.18,916.18,832.08,820.52
7130,2023-02-24T00:25:55.650000,7463838627,468.38,182.7,80.94,105.97,531.5,915.55,830.85,820.33
7131,2023-02-24T00:25:55.655000,7463838628,469.76,184.17,82.71,106.65,533.05,918.41,833.43,821.77
7132,2023-02-24T00:25:55.660000,7463838629,468.25,182.87,80.69,105.3,531.96,916.68,833.01,820.13
7133,2023-02-24T00:25:55.665000,7463838630,469.19,183.28,81.07,105.46,532.57,915.41,831.48,820.92
7134,2023-02-24T00:25:55.670000,7463838631,469.59,183.89,82.24,105.54,534.17,915.87,832,821.56
7135,2023-02-24T00:25:55.675000,7463838632,469.92,183.46,82.29,106.99,534.44,917.08,833.45,822.2
7136,2023-02-24T00:25:55.680000,7463838633,467.2,181.4,79.18,103.38,531.42,914.29,831.33,819.8
7137,2023-02-24T00:25:55.685000,7463838634,468.34,182.57,80.66,105.27,532.29,916.06,831.99,821.27
7138,2023-02-24T00:25:55.690000,7463838635,469.77,184.76,82.32,107.72,533.71,918.74,833.95,822.43
7139,2023-02-24T00:25:55.695000,7463838636,469.26,184.12,81.63,106.8,533.7,918.02,833.99,822.07
7140,2023-02-24T00:25:55.700000,7463838637,466.32,181.54,78.5,103.63,530.42,914.04,829.96,819.11
7141,2023-02-24T00:25:55.705000,7463838638,469.11,183.26,80.65,105.59,532.78,915.62,832.16,821.18
7142,2023-02-24T00:25:55.710000,7463838639,470.64,184.94,83.19,108.35,535.63,918.37,833.79,823.21
7143,2023-02-24T00:25:55.715000,7463838640,469.84,183.53,82.04,105.94,533.97,916.87,832.77,821.5
7144,2023-02-24T00:25:55.720000,7463838641,465.64,180.59,78.12,102.87,530.42,913.82,829.21,819.07
7145,2023-02-24T00:25:55.725000,7463838642,468.85,182.89,80.8,105.66,532.66,917.04,832.2,820.74
7146,2023-02-24T00:25:55.730000,7463838643,470.47,184.91,83.14,108.01,534.03,918.98,834.71,822.53
7147,2023-02-24T00:25:55.735000,7463838644,469.21,183.92,81.09,106.56,532.94,917.58,832.96,821.06
7148,2023-02-24T00:25:55.740000,7463838645,467.13,181.62,79.36,102.96,530.43,914.33,829.47,819.86
7149,2023-02-24T00:25:55.745000,7463838646,469.77,183.33,80.79,106.16,533.43,915.74,832.54,821.57
7150,2023-02-24T00:25:55.750000,7463838647,471.09,184.02,83.12,107.22,535.7,917.54,834.53,823.01
7151,2023-02-24T00:25:55.755000,7463838648,468.94,182.85,81.34,105.45,532.65,915.77,832.45,820.13
7152,2023-02-24T00:25:55.760000,7463838649,467.27,181.22,79.56,103.44,530.76,914.38,829.93,819.33
7153,2023-02-24T00:25:55.765000,7463838650,468.46,183.48,81.65,106.3,532.07,916.92,832.86,820.36
7154,2023-02-24T00:25:55.770000,7463838651,470.05,185.49,82.51,106.97,533.79,918.89,834.48,822.15
7155,2023-02-24T00:25:55.775000,7463838652,468.08,183.08,81.26,104.86,531.84,916.39,831.38,820.96
7156,2023-02-24T00:25:55.780000,7463838653,467.51,182.11,79.88,104.37,530.72,914.24,829.78,820.13
7157,2023-02-24T00:25:55.785000,7463838654,468.8,183.01,81.76,105.81,533.7,916.74,832.84,821.7
7158,2023-02-24T00:25:55.790000,7463838655,469.64,184.7,82.54,107.52,534.89,917.52,834.08,822.44
7159,2023-02-24T00:25:55.795000,7463838656,468.26,183.85,80.58,105.56,532.62,915.83,831.32,820.46
7160,2023-02-24T00:25:55.800000,7463838657,467.67,182.88,80.29,104.54,532.07,915.42,831.01,820.15
7161,2023-02-24T00:25:55.805000,7463838658,469,183.14,81.02,106.44,533.06,917.15,832.81,820.62
7162,2023-02-24T00:25:55.810000,7463838659,469.6,184.82,82.17,107.45,533.74,917.88,834.19,822.06
7163,2023-02-24T00:25:55.815000,7463838660,469.07,183.36,80.83,104.96,531.54,915.67,831.74,820.88
7164,2023-02-24T00:25:55.820000,7463838661,468.71,183.16,80.79,105.5,532.19,914.38,831.86,821.58
7165,2023-02-24T00:25:55.825000,7463838662,469.06,183.11,81.02,105.68,532.05,915.08,832.89,821.53
7166,2023-02-24T00:25:55.830000,7463838663,470.38,184.41,82.04,106.86,533.58,917.29,835.24,822.64
7167,2023-02-24T00:25:55.835000,7463838664,467.97,182.57,80.17,105.82,531.43,915.13,832.96,821.2
7168,2023-02-24T00:25:55.840000,7463838665,468.69,182.66,80.85,106.61,532.85,916.26,833.01,821.67
7169,2023-02-24T00:25:55.845000,7463838666,468.88,182.64,80.99,105.96,532.1,915.19,832.99,822.57
7170,2023-02-24T00:25:55.850000,7463838667,469.73,184.14,82.01,106.99,533.36,917.37,834.21,822.71
7171,2023-02-24T00:25:55.855000,7463838668,469.65,182.66,80.48,105.32,531.53,915.54,832.51,821.6
7172,2023-02-24T00:25:55.860000,7463838669,470.18,182.83,80.82,105.7,533.31,916.37,833.99,822.57
7173,2023-02-24T00:25:55.865000,7463838670,469.38,182.18,80.96,105.71,532.93,915.89,833.34,822.45
7174,2023-02-24T00:25:55.870000,7463838671,469.98,182.48,81.74,106.09,532.7,916.54,833.8,822.86
7175,2023-02-24T00:25:55.875000,7463838672,468.51,181.84,80.35,105.04,532.01,914.81,833.09,821.71
7176,2023-02-24T00:25:55.880000,7463838673,470.52,183.15,81.55,105.77,532.83,917.15,835.1,822.68
7177,2023-02-24T00:25:55.885000,7463838674,469.38,183.4,81.37,106.12,532.26,916.64,833.78,822.76
7178,2023-02-24T00:25:55.890000,7463838675,469.41,182.95,80.8,106.03,532.53,916.4,833.46,822.71
7179,2023-02-24T00:25:55.895000,7463838676,468.77,182.31,80.83,104.49,530.74,914.76,831.62,821.96
7180,2023-02-24T00:25:55.900000,7463838677,471.03,184.4,82.56,106.17,533.47,917.54,835.29,823
7181,2023-02-24T00:25:55.905000,7463838678,470.46,183.07,81.74,105.58,532.51,916.62,834.25,822.31
7182,2023-02-24T00:25:55.910000,7463838679,468.21,182.02,80.6,105.24,531.54,913.93,832.71,821.17
7183,2023-02-24T00:25:55.915000,7463838680,468.11,181.17,80.96,104.62,531.84,913.88,832.24,820.99
7184,2023-02-24T00:25:55.920000,7463838681,471.17,183.97,82.21,106.11,534.02,917.51,835.16,822.97
7185,2023-02-24T00:25:55.925000,7463838682,470.71,183.8,82.1,106.6,533.22,917.59,834.82,823.23
7186,2023-02-24T00:25:55.930000,7463838683,468.96,181.56,81.2,104.57,530.36,913.92,831.55,822.18
7187,2023-02-24T00:25:55.935000,7463838684,468.81,181.36,80.88,104.99,530.23,914.74,831.4,822.48
7188,2023-02-24T00:25:55.940000,7463838685,470.94,183.66,82.09,106.12,532.4,917.82,834.73,823
7189,2023-02-24T00:25:55.945000,7463838686,470.08,183.62,82.37,106.47,533.31,916.95,834.12,822.43
7190,2023-02-24T00:25:55.950000,7463838687,468.29,181.24,80.94,104.67,530.93,914.08,831.6,821.33
7191,2023-02-24T00:25:55.955000,7463838688,469.12,181.7,80.77,104.96,531.54,913.91,831.83,820.55
7192,2023-02-24T00:25:55.960000,7463838689,470.52,182.87,81.43,106.05,533.21,916.36,833.94,821.86
7193,2023-02-24T00:25:55.965000,7463838690,470.28,182.76,82.26,105.46,532.66,916.37,832.88,821.98
7194,2023-02-24T00:25:55.970000,7463838691,469.13,181.95,81.04,105.02,531.14,914.61,831.58,821.67
7195,2023-02-24T00:25:55.975000,7463838692,469.66,182.03,81.7,106.01,531.63,916.21,832.03,822.09
7196,2023-02-24T00:25:55.980000,7463838693,469.38,182.59,80.53,104.34,531.57,916.65,832.77,821.02
7197,2023-02-24T00:25:55.985000,7463838694,469.09,182.78,81.97,105.99,532.05,916.88,832.95,820.88
7198,2023-02-24T00:25:55.990000,7463838695,470.12,183.41,81.67,106.56,532.99,916.12,833.2,821.1
7199,2023-02-24T00:25:55.995000,7463838696,470.03,183.27,82.25,106.43,534.01,916.29,832.76,821.61
7200,2023-02-24T00:25:56,7463838697,467.94,181.52,79.43,103.79,531.15,913.14,830.34,819.8
7201,2023-02-24T00:25:56.005000,7463838698,469.14,183.41,81.43,105.14,532.29,916.18,831.39,820.81
7202,2023-02-24T00:25:56.010000,7463838699,471.47,185.22,83.4,107.27,533.97,918.64,834.35,823.3
7203,2023-02-24T00:25:56.015000,7463838700,470.3,184.73,82.42,107.48,533.66,919.25,834.58,823.34
7204,2023-02-24T00:25:56.020000,7463838701,466.27,179.77,77.85,102.38,528.41,912.63,828.7,818.5
7205,2023-02-24T00:25:56.025000,7463838702,466.92,182.12,79.91,104.86,531.52,914.19,831.05,820.21
7206,2023-02-24T00:25:56.030000,7463838703,471.94,186.38,84.77,109.39,536.33,919.76,836.44,823.9
7207,2023-02-24T00:25:56.035000,7463838704,471.24,185.57,83.63,108.15,534.84,917.84,835,822.59
7208,2023-02-24T00:25:56.040000,7463838705,464.44,178.2,77.17,101.26,527.6,908.97,825.99,817.88
7209,2023-02-24T00:25:56.045000,7463838706,467.6,181.17,80.56,104.28,530.4,913.53,830.95,820.12
7210,2023-02-24T00:25:56.050000,7463838707,473.72,185.93,85.06,109.05,535.66,921.49,837.94,824.81
7211,2023-02-24T00:25:56.055000,7463838708,471.66,184.89,82.52,106.69,533.01,918.89,834.51,822.6
7212,2023-02-24T00:25:56.060000,7463838709,463.7,177.56,76.52,100.33,525.49,909.07,825.16,817.09
7213,2023-02-24T00:25:56.065000,7463838710,467.68,181.11,80.44,103.61,530.53,913.21,831.08,820.23
7214,2023-02-24T00:25:56.070000,7463838711,472.69,187.01,84.59,109.78,536.62,920.34,838.13,824
7215,2023-02-24T00:25:56.075000,7463838712,471.44,185.74,82.78,107.21,534.28,915.87,834.2,822.5
7216,2023-02-24T00:25:56.080000,7463838713,464.42,178.83,77,101.46,527.21,909.54,826.11,817.91
7217,2023-02-24T00:25:56.085000,7463838714,466.89,182.23,80.26,104.42,530.26,914.88,830.89,820.2
7218,2023-02-24T00:25:56.090000,7463838715,471.96,186.9,84.72,109.01,535.31,921.37,837.52,823.55
7219,2023-02-24T00:25:56.095000,7463838716,469.37,184.35,81.38,106.44,531.68,917.18,832.69,821.61
7220,2023-02-24T00:25:56.100000,7463838717,465.06,180.76,78.43,102.75,527.59,911.27,826.37,819.08
7221,2023-02-24T00:25:56.105000,7463838718,468.1,183.44,81.32,105.36,531.71,914.09,831.85,820.97
7222,2023-02-24T00:25:56.110000,7463838719,471.16,186.25,83.89,108.59,535.97,918.81,836.49,822.52
7223,2023-02-24T00:25:56.115000,7463838720,469.23,183.39,80.81,105.54,532.83,914.77,831.26,820.19
7224,2023-02-24T00:25:56.120000,7463838721,467.51,180.62,80.34,104.57,530.64,912.74,828.36,819.85
7225,2023-02-24T00:25:56.125000,7463838722,469.03,182.45,80.87,105.8,531.56,916.09,831.7,821.11
7226,2023-02-24T00:25:56.130000,7463838723,470.33,183.56,81.83,105.91,532.08,917.98,833.2,820.74
7227,2023-02-24T00:25:56.135000,7463838724,468.82,182.44,79.86,104.92,530.35,915.55,830.95,820.59
7228,2023-02-24T00:25:56.140000,7463838725,469.6,183.38,81.52,106.15,531.66,915.03,831.42,821.43
7229,2023-02-24T00:25:56.145000,7463838726,470.18,182.86,81.33,106.09,533.45,915.76,832.89,821.56
7230,2023-02-24T00:25:56.150000,7463838727,469.55,182.33,80.99,104.41,533.21,914.91,833.45,820.31
7231,2023-02-24T00:25:56.155000,7463838728,469.74,181.23,79.98,104.63,531.22,912.56,830.77,820.84
7232,2023-02-24T00:25:56.160000,7463838729,471.16,183.43,82.2,106.38,532.79,915.58,832.31,822.78
7233,2023-02-24T00:25:56.165000,7463838730,469.65,182.06,81.52,105.76,531.43,916.25,832.67,821.87
7234,2023-02-24T00:25:56.170000,7463838731,469.2,181.93,79.79,104.23,530.18,915.5,831.13,820.52
7235,2023-02-24T00:25:56.175000,7463838732,468.78,182.78,80.05,104.75,530.23,915.41,831.08,821.08
7236,2023-02-24T00:25:56.180000,7463838733,471.36,184.41,83.45,107.7,534.3,917.81,834.27,822.67
7237,2023-02-24T00:25:56.185000,7463838734,469.53,182.84,82.25,106.04,533.43,915.42,832.7,820.76
7238,2023-02-24T00:25:56.190000,7463838735,467.74,181.48,79.57,104.21,531.78,913.16,830.86,819.68
7239,2023-02-24T00:25:56.195000,7463838736,469.04,182.28,80.11,104.68,531.42,914.06,831.75,821.15
7240,2023-02-24T00:25:56.200000,7463838737,471.21,184.81,83.65,108.2,534.84,918.39,834.56,822.9
7241,2023-02-24T00:25:56.205000,7463838738,468.87,182.93,81.45,105.9,532.03,916.07,831.93,821.01
7242,2023-02-24T00:25:56.210000,7463838739,466.79,181.39,79.52,104.36,529.28,914.68,830.05,819.15
7243,2023-02-24T00:25:56.215000,7463838740,468.65,182.87,81.3,105.52,531.71,916.01,832.23,821.44
7244,2023-02-24T00:25:56.220000,7463838741,471.14,185,83.29,108.65,534.29,918.05,835.66,823.25
7245,2023-02-24T00:25:56.225000,7463838742,469.08,182.44,80.87,105.41,532.16,914.51,831.52,820.68
7246,2023-02-24T00:25:56.230000,7463838743,467.64,181.03,79.44,103.14,530.2,912.19,830,819.75
7247,2023-02-24T00:25:56.235000,7463838744,469.39,182.78,81.93,105.51,531.79,914.34,833.07,821.15
7248,2023-02-24T00:25:56.240000,7463838745,471.31,184.02,83.46,107.08,533.65,917.07,835.33,822.42
7249,2023-02-24T00:25:56.245000,7463838746,468.84,182.65,80.55,105.32,531.35,915.3,832.65,821.14
7250,2023-02-24T00:25:56.250000,7463838747,467.89,181.54,79.72,103.87,530.45,914.31,830.75,820.26
7251,2023-02-24T00:25:56.255000,7463838748,470.01,182.64,81.53,105.84,531.65,916.65,833.39,822.12
7252,2023-02-24T00:25:56.260000,7463838749,471.17,184.21,82.81,107.33,533.05,917.52,834.68,823.06
7253,2023-02-24T00:25:56.265000,7463838750,469.47,182.1,80.84,104.56,532.31,913.96,832.36,821.17
7254,2023-02-24T00:25:56.270000,7463838751,468.55,181.13,79.84,103.67,530.35,912.18,829.92,819.55
7255,2023-02-24T00:25:56.275000,7463838752,469.83,182.73,81.9,106.21,533.16,916.29,832.87,821.97
7256,2023-02-24T00:25:56.280000,7463838753,470.31,184.41,82.65,107.18,533.62,917.87,833.74,822.57
7257,2023-02-24T00:25:56.285000,7463838754,469.23,183.04,81.45,106.37,531.58,916.54,832.66,821.35
7258,2023-02-24T00:25:56.290000,7463838755,468.51,181.47,80.15,104.47,530.22,914.83,830.2,819.43
7259,2023-02-24T00:25:56.295000,7463838756,469.86,183.06,81.64,106.94,532.78,916.25,833.15,821.87
7260,2023-02-24T00:25:56.300000,7463838757,470.14,183.03,82.33,106.46,534.17,915.55,832.97,821.94
7261,2023-02-24T00:25:56.305000,7463838758,470.56,182.9,81.98,105.63,533.53,915.01,832.84,822
7262,2023-02-24T00:25:56.310000,7463838759,468.67,181.55,80.46,104.67,532.28,913.31,831.65,821.05
7263,2023-02-24T00:25:56.315000,7463838760,470.19,182.4,82.22,106.62,533.41,915.6,833.79,822.45
7264,2023-02-24T00:25:56.320000,7463838761,469.95,182.03,81.86,106.12,532.08,916.09,833.15,822.27
7265,2023-02-24T00:25:56.325000,7463838762,469.9,182.75,81.83,105.89,530.71,916.54,832.9,822.17
7266,2023-02-24T00:25:56.330000,7463838763,469.71,181.63,80.9,104.47,529.45,915.08,831.53,821.46
7267,2023-02-24T00:25:56.335000,7463838764,471.45,182.16,82.06,106.21,532.19,916.15,833.91,822.09
7268,2023-02-24T00:25:56.340000,7463838765,471.49,182.09,82.56,105.82,531.42,914.4,833.73,821.93
7269,2023-02-24T00:25:56.345000,7463838766,470.78,181.68,82.4,105.81,533.08,913.54,833.51,821.23
7270,2023-02-24T00:25:56.350000,7463838767,469.4,181.41,80.63,104.31,532.19,913,831.58,820.92
7271,2023-02-24T00:25:56.355000,7463838768,470.46,181.99,81.73,106.45,532.87,915.4,833.84,821.59
7272,2023-02-24T00:25:56.360000,7463838769,469.18,181.74,81.7,105.17,531.08,914.9,831.42,820.75
7273,2023-02-24T00:25:56.365000,7463838770,470.26,182.42,81.12,105.76,531.61,916.09,831.54,820.32
7274,2023-02-24T00:25:56.370000,7463838771,470.21,181.95,81.75,105.69,530.49,915.96,831.63,820.08
7275,2023-02-24T00:25:56.375000,7463838772,470.51,183.07,82.73,105.97,532.88,916.96,832.37,820.98
7276,2023-02-24T00:25:56.380000,7463838773,469.15,181.58,81.23,104.81,531.6,913.95,830.04,819.21
7277,2023-02-24T00:25:56.385000,7463838774,469.24,182.41,81.07,105.33,532.89,913.66,830.35,819.32
7278,2023-02-24T00:25:56.390000,7463838775,470.1,183.73,82.25,105.67,534.57,915.62,831.65,820.43
7279,2023-02-24T00:25:56.395000,7463838776,470.37,183.55,82.41,106.25,533.71,915.71,831.98,819.89
7280,2023-02-24T00:25:56.400000,7463838777,467,181.57,80.02,103.82,530.28,913.66,827.94,818.06
7281,2023-02-24T00:25:56.405000,7463838778,469.64,182.77,80.85,105.44,530.98,915.66,829.78,818.46
7282,2023-02-24T00:25:56.410000,7463838779,471.31,184.1,82.34,106.07,533.08,917.34,831.31,819.69
7283,2023-02-24T00:25:56.415000,7463838780,470.77,183.63,82.14,105.51,532.98,916.58,831.28,819.35
7284,2023-02-24T00:25:56.420000,7463838781,468.25,181.73,80.65,104.67,530.91,913.5,828.75,818.19
7285,2023-02-24T00:25:56.425000,7463838782,468.39,182.56,80.67,104.86,532.15,913.4,829.4,819.01
7286,2023-02-24T00:25:56.430000,7463838783,470.15,183.65,81.99,106.92,534.62,916.29,832.19,820.69
7287,2023-02-24T00:25:56.435000,7463838784,470.61,183.64,82.16,106.32,533.97,915.72,832.48,819.91
7288,2023-02-24T00:25:56.440000,7463838785,468.48,181.96,80.4,105.49,531,914.44,829.78,818.78
7289,2023-02-24T00:25:56.445000,7463838786,469.82,182.04,80.68,104.85,530.87,914.53,829.25,818.96
7290,2023-02-24T00:25:56.450000,7463838787,471.43,183.37,82.3,105.94,532.74,916.55,831.95,820.7
7291,2023-02-24T00:25:56.455000,7463838788,470.44,182.52,80.89,104.95,531.93,914.29,830.61,819.73
7292,2023-02-24T00:25:56.460000,7463838789,469.9,182.44,81.67,105.24,531.88,913.21,828.83,819.99
7293,2023-02-24T00:25:56.465000,7463838790,469.11,182.04,81.12,105.37,532.75,914.46,829.64,819.5
7294,2023-02-24T00:25:56.470000,7463838791,470.49,182.74,81.39,105.34,532.8,914.95,831.29,820.03
7295,2023-02-24T00:25:56.475000,7463838792,469.32,182.21,80.66,105.57,531.99,914.61,830.95,819.26
7296,2023-02-24T00:25:56.480000,7463838793,471.03,184.19,83.14,106.88,533.94,917.15,833.08,821.49
7297,2023-02-24T00:25:56.485000,7463838794,469.63,182.55,81.81,105.33,532.8,915.71,831.73,820.78
7298,2023-02-24T00:25:56.490000,7463838795,468.1,181.44,79.61,103.49,530.96,913.13,829.36,819.49
7299,2023-02-24T00:25:56.495000,7463838796,468.38,180.75,79.93,104.54,530.4,912.96,829.68,819.22
7300,2023-02-24T00:25:56.500000,7463838797,472.62,185.87,83.64,108.72,535.13,919.38,835.84,822.31
7301,2023-02-24T00:25:56.505000,7463838798,470.04,183.65,81.64,106.15,532.48,916.01,832.74,820.66
7302,2023-02-24T00:25:56.510000,7463838799,467.15,180.94,78.6,103.89,529.48,912.73,828.97,818.39
7303,2023-02-24T00:25:56.515000,7463838800,468.57,181.88,79.6,103.96,530.26,913.33,829.69,819.58
7304,2023-02-24T00:25:56.520000,7463838801,474.16,186.56,85.12,109.24,536.54,919.91,836.54,823.56
7305,2023-02-24T00:25:56.525000,7463838802,470.95,183.82,81.79,105.13,532.96,915.81,831.94,820.92
7306,2023-02-24T00:25:56.530000,7463838803,466.7,179.26,78.21,101.4,528.56,910.99,826.55,817.3
7307,2023-02-24T00:25:56.535000,7463838804,467.79,181.31,80.22,103.63,530.04,913.5,828.99,818.31
7308,2023-02-24T00:25:56.540000,7463838805,473.23,187.39,85.15,108.64,536.42,920.71,837.48,822.7
7309,2023-02-24T00:25:56.545000,7463838806,470.48,183.54,82.74,105.99,532.91,916.38,832.28,819.79
7310,2023-02-24T00:25:56.550000,7463838807,465.43,179.18,77.92,101.74,527.96,910.58,826.14,816.82
7311,2023-02-24T00:25:56.555000,7463838808,468.91,182.34,80.71,104.23,531.6,913.8,829.86,818.53
7312,2023-02-24T00:25:56.560000,7463838809,474.35,187.29,84.83,109.14,537.04,920.62,837.15,822.72
7313,2023-02-24T00:25:56.565000,7463838810,470.67,183.09,82.01,105.46,533.33,916.19,831.73,820.49
7314,2023-02-24T00:25:56.570000,7463838811,466.16,178.78,78.15,101.84,528.31,910.37,826.09,818.45
7315,2023-02-24T00:25:56.575000,7463838812,468.94,182.09,80.88,104.84,531.34,914.84,829.45,818.98
7316,2023-02-24T00:25:56.580000,7463838813,473.01,186.31,84.81,108.82,537.8,920.65,836.38,822.13
7317,2023-02-24T00:25:56.585000,7463838814,469.5,183.14,81.82,105.76,533.16,916.21,831.94,819.81
7318,2023-02-24T00:25:56.590000,7463838815,466.14,180.69,78.94,103.28,529.5,911.42,827.55,817.87
7319,2023-02-24T00:25:56.595000,7463838816,468.89,183.07,81.72,105.03,533.02,914.58,831.29,820.07
7320,2023-02-24T00:25:56.600000,7463838817,473.11,185.69,83.51,107.78,534.97,918.43,835.52,822.31
7321,2023-02-24T00:25:56.605000,7463838818,470.76,182.99,81.5,105.15,532.7,915.52,831.23,821.07
7322,2023-02-24T00:25:56.610000,7463838819,468.33,179.79,80.23,103.64,530.49,912.4,828.23,819.66
7323,2023-02-24T00:25:56.615000,7463838820,470.58,182.39,82.03,105.84,532.85,915.63,832.18,821.25
7324,2023-02-24T00:25:56.620000,7463838821,470.99,183.36,82.3,106.42,533.81,917.09,834.6,821.27
7325,2023-02-24T00:25:56.625000,7463838822,470.08,182.3,81.52,105.64,531.89,915.35,831.46,820.87
7326,2023-02-24T00:25:56.630000,7463838823,469.71,181.58,81.58,104.84,532.05,913.45,830.79,821.02
7327,2023-02-24T00:25:56.635000,7463838824,470.96,182.38,82.72,106.1,533.42,915.47,833.19,822.14
7328,2023-02-24T00:25:56.640000,7463838825,470.9,182.19,81.33,104.65,532.31,914.28,833.1,821.44
7329,2023-02-24T00:25:56.645000,7463838826,470.27,182.28,81.57,105.36,531.12,913.93,832,821.55
7330,2023-02-24T00:25:56.650000,7463838827,470.21,182.57,82.06,106.56,531.26,915,831.93,822.05
7331,2023-02-24T00:25:56.655000,7463838828,471.46,182.56,82.26,106.27,531.59,916.1,833.14,821.16
7332,2023-02-24T00:25:56.660000,7463838829,468.51,181.12,80.22,104.03,530.33,913.06,831.08,819.98
7333,2023-02-24T00:25:56.665000,7463838830,470.32,182.87,81.72,105.54,531.09,913.63,831.03,820.98
7334,2023-02-24T00:25:56.670000,7463838831,471.45,183.57,83.03,106.78,533.12,915.22,833.2,821.64
7335,2023-02-24T00:25:56.675000,7463838832,471.07,182.75,83.15,105.45,532.52,914.85,833.55,821.8
7336,2023-02-24T00:25:56.680000,7463838833,469.05,180.44,79.49,103.19,529.55,911.92,830.3,819.79
7337,2023-02-24T00:25:56.685000,7463838834,470.1,181.55,81.62,104.64,531.57,914.22,832.6,820.6
7338,2023-02-24T00:25:56.690000,7463838835,472.12,183.37,83.6,106.95,533.44,916.5,834.85,823.16
7339,2023-02-24T00:25:56.695000,7463838836,470.54,182.38,82.14,105.8,532.11,914.84,834.15,822.97
7340,2023-02-24T00:25:56.700000,7463838837,468.78,180.06,79.49,103.6,529.67,911.32,830.67,820.46
7341,2023-02-24T00:25:56.705000,7463838838,470.56,182.15,82.23,105.37,531.55,913.78,832.97,821.96
7342,2023-02-24T00:25:56.710000,7463838839,472.18,183.59,83.92,107.19,533.08,915.66,834.68,823.32
7343,2023-02-24T00:25:56.715000,7463838840,471.21,181.9,81.96,105.57,531.13,914.66,833.03,822.43
7344,2023-02-24T00:25:56.720000,7463838841,468.21,179.27,78.61,102.81,528.5,912.07,830.05,820.01
7345,2023-02-24T00:25:56.725000,7463838842,470.44,181.34,82.1,105.52,531.39,914.71,832.62,821.46
7346,2023-02-24T00:25:56.730000,7463838843,472.69,183.43,83.52,107.22,533.29,916.87,834.1,822.58
7347,2023-02-24T00:25:56.735000,7463838844,469.82,182.01,82.1,105.45,532.14,914.51,831.71,820.72
7348,2023-02-24T00:25:56.740000,7463838845,468.74,180.19,79.48,103.48,530.16,911.16,829.75,819.02
7349,2023-02-24T00:25:56.745000,7463838846,469.86,182.48,82.04,105.55,533.52,914.2,831.93,820.19
7350,2023-02-24T00:25:56.750000,7463838847,471.57,183.57,83.43,107.02,533.53,916,833.33,821.79
7351,2023-02-24T00:25:56.755000,7463838848,469.71,181.21,81.14,104.24,530.27,914.65,830.2,820.19
7352,2023-02-24T00:25:56.760000,7463838849,467.41,179.97,79.57,103.69,529.6,913.24,829.11,819.1
7353,2023-02-24T00:25:56.765000,7463838850,470.1,182.08,82.59,106.24,531.95,915.7,831.66,821.38
7354,2023-02-24T00:25:56.770000,7463838851,471.86,183.92,82.99,107.63,533.37,916.66,833.33,822.44
7355,2023-02-24T00:25:56.775000,7463838852,469.88,181.93,80.28,105.24,530.72,913.15,830.25,819.67
7356,2023-02-24T00:25:56.780000,7463838853,468.64,180.14,79.91,103.97,531.02,912.05,828.71,819.18
7357,2023-02-24T00:25:56.785000,7463838854,470.26,181.78,82.83,105.3,532.62,913.43,831.18,821.58
7358,2023-02-24T00:25:56.790000,7463838855,472.11,183.76,83.29,106.92,533.86,916.37,832.44,822
7359,2023-02-24T00:25:56.795000,7463838856,469.38,181.73,80.82,104.15,530.78,913.65,829.71,819.68
7360,2023-02-24T00:25:56.800000,7463838857,469.03,181.31,80.55,103.96,530.67,913.72,830.03,819.16
7361,2023-02-24T00:25:56.805000,7463838858,469.89,181.44,81.48,105.81,531.92,914.74,831.73,820.26
7362,2023-02-24T00:25:56.810000,7463838859,471.38,183.89,83.36,106.39,533.68,916.94,832.91,820.81
7363,2023-02-24T00:25:56.815000,7463838860,470.34,182.46,81,104.74,531.08,913.53,829.9,820.28
7364,2023-02-24T00:25:56.820000,7463838861,469.76,181.92,81.34,104.34,531.92,913.53,830.47,819.99
7365,2023-02-24T00:25:56.825000,7463838862,469.06,182.07,81.95,105.61,531.7,914.06,832.13,820.79
7366,2023-02-24T00:25:56.830000,7463838863,470.89,184.23,83.05,106.57,533.39,915.88,832.84,821.83
7367,2023-02-24T00:25:56.835000,7463838864,469.04,182.1,80.92,104.44,531.53,914.88,831.06,820.37
7368,2023-02-24T00:25:56.840000,7463838865,470.31,183.15,80.89,105.49,533.68,916.04,832.02,820.44
7369,2023-02-24T00:25:56.845000,7463838866,469.03,182.82,81.71,105.46,532.45,915.56,832.04,820.69
7370,2023-02-24T00:25:56.850000,7463838867,470.03,183.28,82.11,106.14,532.05,915.41,832.31,820.58
7371,2023-02-24T00:25:56.855000,7463838868,469.31,182.11,80.95,104.11,531.09,914.49,830.22,819.93
7372,2023-02-24T00:25:56.860000,7463838869,470.84,182.84,81.51,105.53,531.67,916.6,832.61,821.24
7373,2023-02-24T00:25:56.865000,7463838870,469.85,182.33,81.62,104.81,531.83,914.73,831.79,821.18
7374,2023-02-24T00:25:56.870000,7463838871,469.88,181.96,81.31,104.67,531.51,913.84,832.24,820.56
7375,2023-02-24T00:25:56.875000,7463838872,469.43,181.4,80.57,104.2,531.93,913.43,830.08,820.31
7376,2023-02-24T00:25:56.880000,7463838873,470.74,183.36,82.72,106.24,533.16,915.68,832.35,821.42
7377,2023-02-24T00:25:56.885000,7463838874,470.05,182.69,81.97,105.72,531.94,914.56,831.35,820.48
7378,2023-02-24T00:25:56.890000,7463838875,469.21,181.47,80.87,104.44,530.42,912.95,830.78,819.78
7379,2023-02-24T00:25:56.895000,7463838876,469.11,181.79,81.56,104.75,530.23,913.11,830.94,819.63
7380,2023-02-24T00:25:56.900000,7463838877,471.66,184.53,82.73,105.95,532.56,916,832.89,821.42
7381,2023-02-24T00:25:56.905000,7463838878,471.92,182.57,82.55,104.71,531.01,914.51,831.78,820.85
7382,2023-02-24T00:25:56.910000,7463838879,469.04,180.59,79.72,103.82,529.95,912.01,829.23,819.95
7383,2023-02-24T00:25:56.915000,7463838880,469.18,181.05,80.81,104.72,530.75,912.42,830.66,820.12
7384,2023-02-24T00:25:56.920000,7463838881,470.87,183.36,82.34,105.94,532.62,916.18,832.45,820.76
7385,2023-02-24T00:25:56.925000,7463838882,471.07,183.04,82.41,106.68,531.81,914.91,831.4,820.69
7386,2023-02-24T00:25:56.930000,7463838883,468.91,182.03,80.92,104.15,530.49,912.7,829.22,819.54
7387,2023-02-24T00:25:56.935000,7463838884,470.18,181.9,81.01,104.84,531.1,913.45,829.5,819.6
7388,2023-02-24T00:25:56.940000,7463838885,470.25,183.1,81.54,105.06,532.47,915.2,830.99,820.5
7389,2023-02-24T00:25:56.945000,7463838886,470.53,182.27,81.61,105.71,532.83,914.5,830.33,820.18
7390,2023-02-24T00:25:56.950000,7463838887,469.09,181.31,80.83,104.19,531.4,912.78,829.15,819.63
7391,2023-02-24T00:25:56.955000,7463838888,469.91,181.91,82.11,105.59,531.99,913.89,830.17,819.65
7392,2023-02-24T00:25:56.960000,7463838889,469.93,182.35,81.7,105.19,532.06,915.38,831.34,818.85
7393,2023-02-24T00:25:56.965000,7463838890,470.79,182.24,81.65,105.3,532.14,914.79,830.27,819.76
7394,2023-02-24T00:25:56.970000,7463838891,469.86,182.17,81.69,104.52,531.21,913.88,829.6,819.92
7395,2023-02-24T00:25:56.975000,7463838892,470.61,182.53,81.64,105.02,531.1,914.11,830.45,820.01
7396,2023-02-24T00:25:56.980000,7463838893,469.73,181.08,80.44,104.36,530.51,912.91,830.23,818.73
7397,2023-02-24T00:25:56.985000,7463838894,469.13,182.18,81.44,105.02,531.57,913.98,830.78,819.72
7398,2023-02-24T00:25:56.990000,7463838895,470.25,182.74,82.56,106.23,532.38,914.75,831.53,820.74
7399,2023-02-24T00:25:56.995000,7463838896,469.95,182.47,82.14,105.99,531.83,914.18,831.04,820.27
7400,2023-02-24T00:25:57,7463838897,468.79,180.2,79.75,103.61,528.95,911.2,828.76,818.42
7401,2023-02-24T00:25:57.005000,7463838898,469.97,181.99,81.49,104.99,530.85,913.11,830.73,820.26
7402,2023-02-24T00:25:57.010000,7463838899,472.26,184.22,84.3,107.57,532.73,916.35,833.44,822.16
7403,2023-02-24T00:25:57.015000,7463838900,471.09,182.73,82.68,106.26,532.2,915.16,831.62,821.49
7404,2023-02-24T00:25:57.020000,7463838901,467.14,178.74,78.82,102.19,527.95,909.74,827.02,818.16
7405,2023-02-24T00:25:57.025000,7463838902,469.77,181.58,81.73,104.82,530.86,913.26,830.34,819.69
7406,2023-02-24T00:25:57.030000,7463838903,473.46,185.4,84.91,108.42,535.2,919.02,835.26,823.07
7407,2023-02-24T00:25:57.035000,7463838904,471.78,183.23,83.05,106.64,533.26,915.53,832.64,821.27
7408,2023-02-24T00:25:57.040000,7463838905,466.54,178.51,77.89,101.41,527.12,909.07,826.08,817.69
7409,2023-02-24T00:25:57.045000,7463838906,470.67,181.76,81.3,104.81,530.73,912.52,830.54,820.3
7410,2023-02-24T00:25:57.050000,7463838907,474.02,185.78,85.41,108.94,535.11,918.57,836.15,824.18
7411,2023-02-24T00:25:57.055000,7463838908,471.55,182.46,82.45,105.58,532.78,915.19,832.18,821.75
7412,2023-02-24T00:25:57.060000,7463838909,465.68,177.54,77.79,101.43,527.29,908.39,825.26,818.22
7413,2023-02-24T00:25:57.065000,7463838910,469.43,181.1,80.95,104.22,531.02,913.75,831.02,820.41
7414,2023-02-24T00:25:57.070000,7463838911,474.27,185.28,84.98,109.01,536.19,918.68,836.71,824.02
7415,2023-02-24T00:25:57.075000,7463838912,471.49,182.38,82.38,106.1,532.77,914.72,833.02,821.17
7416,2023-02-24T00:25:57.080000,7463838913,467.01,177.86,78.52,101.31,527.84,908.34,826.28,818.3
7417,2023-02-24T00:25:57.085000,7463838914,470.62,181.02,81.69,105.18,531.44,913.31,831.24,820.93
7418,2023-02-24T00:25:57.090000,7463838915,474.15,184.61,85.33,108.75,535.16,918.37,837.29,824.23
7419,2023-02-24T00:25:57.095000,7463838916,471.41,181.21,82.4,105.54,531.68,914.68,832.43,821.41
7420,2023-02-24T00:25:57.100000,7463838917,467.39,177.53,79.25,102.25,527.5,909.24,826.7,819.07
7421,2023-02-24T00:25:57.105000,7463838918,470.45,181.01,81.53,104.99,530.08,913.48,831.42,820.73
7422,2023-02-24T00:25:57.110000,7463838919,473.47,184.21,83.75,106.49,533.51,916.76,835.58,822.35
7423,2023-02-24T00:25:57.115000,7463838920,471.02,181.34,81.35,104.9,530.92,912.61,830.78,821.12
7424,2023-02-24T00:25:57.120000,7463838921,468.87,179.57,80.59,103.08,529.54,909.43,827.29,819.45
7425,2023-02-24T00:25:57.125000,7463838922,471.32,181.51,81.55,105.23,532.16,912.88,830.87,820.66
7426,2023-02-24T00:25:57.130000,7463838923,472.02,182.44,83.08,105.9,532.83,915.57,832.79,820.2
7427,2023-02-24T00:25:57.135000,7463838924,469.51,180.88,81.14,104.31,530.75,912.65,829.73,818.51
7428,2023-02-24T00:25:57.140000,7463838925,468.43,180.77,81.51,105.07,529.54,911.86,827.79,818.75
7429,2023-02-24T00:25:57.145000,7463838926,470.29,182.49,82.92,105.57,530.37,913.88,830.23,819.41
7430,2023-02-24T00:25:57.150000,7463838927,471.18,182.51,81.92,105.39,531.62,913.65,831.32,819.55
7431,2023-02-24T00:25:57.155000,7463838928,469.39,181.6,81.47,104.49,530.82,912,828.89,819.18
7432,2023-02-24T00:25:57.160000,7463838929,471.11,182.59,82.98,105.98,532.54,913.17,830.46,819.41
7433,2023-02-24T00:25:57.165000,7463838930,470.24,182.1,81.59,105.67,531.94,913.77,830.15,819.42
7434,2023-02-24T00:25:57.170000,7463838931,468.63,182.17,79.92,103.72,530.79,912.78,828.67,818.01
7435,2023-02-24T00:25:57.175000,7463838932,469.49,181.39,81.01,104.13,530.83,912.28,827.86,818.48
7436,2023-02-24T00:25:57.180000,7463838933,471.32,182.99,83.76,106.39,531.93,915.69,831.43,820.38
7437,2023-02-24T00:25:57.185000,7463838934,470.8,182.14,82.09,105.1,531.58,914.25,830.51,818.4
7438,2023-02-24T00:25:57.190000,7463838935,469.55,180.62,80.1,103.11,529.67,911.75,828.32,817.87
7439,2023-02-24T00:25:57.195000,7463838936,470.69,181.36,81.56,104.29,530.68,912.9,829.85,819.61
7440,2023-02-24T00:25:57.200000,7463838937,472.63,183.28,83.95,107.29,533.46,916.31,832.26,821.28
7441,2023-02-24T00:25:57.205000,7463838938,470.02,181.35,81.92,104.92,531.12,913.26,829.85,818.48
7442,2023-02-24T00:25:57.210000,7463838939,469.27,180.25,79.75,103.59,529.96,911.39,827.99,817.85
7443,2023-02-24T00:25:57.215000,7463838940,470.67,181.96,81.63,105.1,531.41,913.24,829.42,819.22
7444,2023-02-24T00:25:57.220000,7463838941,472.55,183.69,83.89,106.81,533.67,916.11,832.37,820.06
7445,2023-02-24T00:25:57.225000,7463838942,470.95,181.24,81.3,104.45,531.92,913.71,828.95,818.53
7446,2023-02-24T00:25:57.230000,7463838943,469.28,180.43,80.09,103.34,529.47,911.32,827.43,817.51
7447,2023-02-24T00:25:57.235000,7463838944,470.18,181.79,81.73,105.79,531.7,913.51,829.44,818.93
7448,2023-02-24T00:25:57.240000,7463838945,471.57,183.47,83.37,107.48,533.36,915.33,831.59,820.5
7449,2023-02-24T00:25:57.245000,7463838946,469.36,181.57,81.7,104.64,530.95,913.22,828.82,819.14
7450,2023-02-24T00:25:57.250000,7463838947,468.71,180.77,80.4,103.38,530.26,912.08,827.83,817.55
7451,2023-02-24T00:25:57.255000,7463838948,471.1,182.53,81.66,105.6,532.2,914.88,829.8,819.31
7452,2023-02-24T00:25:57.260000,7463838949,471.44,183.37,82.79,106.71,533.33,915.68,830.73,820.04
7453,2023-02-24T00:25:57.265000,7463838950,470.34,181.3,81.68,104.77,531.38,913.53,828.84,818.88
7454,2023-02-24T00:25:57.270000,7463838951,468.69,181.04,79.94,104.36,530.23,912.65,827.34,817.44
7455,2023-02-24T00:25:57.275000,7463838952,470.51,182.38,81.95,106.04,532.12,914.85,830.15,819.07
7456,2023-02-24T00:25:57.280000,7463838953,470.49,182.69,82.31,106.35,533.07,914.97,830.84,819.62
7457,2023-02-24T00:25:57.285000,7463838954,470.17,181.1,81.13,104.87,531.84,912.87,828.94,818.11
7458,2023-02-24T00:25:57.290000,7463838955,469.21,180.87,80.51,103.47,530.95,912,828.43,817.28
7459,2023-02-24T00:25:57.295000,7463838956,472.01,182.54,81.96,105.64,532.79,914.12,830.71,819.37
7460,2023-02-24T00:25:57.300000,7463838957,471.12,181.69,81.95,105.7,532.67,914.29,830.57,819.69
7461,2023-02-24T00:25:57.305000,7463838958,470.46,181.42,81.36,104.35,531.01,912.51,829.34,818.85
7462,2023-02-24T00:25:57.310000,7463838959,469.71,180.96,80.79,103.95,530.08,912.33,828.4,818.05
7463,2023-02-24T00:25:57.315000,7463838960,470.7,182.51,81.95,105.82,531.2,915.04,831.39,820.16
7464,2023-02-24T00:25:57.320000,7463838961,470.79,183.1,82.16,105.72,531.72,914.55,830.95,819.93
7465,2023-02-24T00:25:57.325000,7463838962,470.33,182.08,81.23,105.38,530.87,913.3,829.54,819.27
7466,2023-02-24T00:25:57.330000,7463838963,469.05,181.36,80.68,104.25,530.7,911.75,828.18,817.86
7467,2023-02-24T00:25:57.335000,7463838964,471.02,182.68,82.94,106.06,532.38,913.45,830.83,819.67
7468,2023-02-24T00:25:57.340000,7463838965,471.48,182.14,81.67,105,531.74,912.75,830.26,819.37
7469,2023-02-24T00:25:57.345000,7463838966,469.78,181.84,81.33,104.87,531.16,913.4,829.8,819.36
7470,2023-02-24T00:25:57.350000,7463838967,469.45,181.11,81.59,104.81,530.8,913.88,828.85,818.65
7471,2023-02-24T00:25:57.355000,7463838968,470.37,182.72,81.87,106.19,531.75,915.14,830.63,819.74
7472,2023-02-24T00:25:57.360000,7463838969,469.59,181.72,81.33,104.67,530.44,914.1,829.72,818.89
7473,2023-02-24T00:25:57.365000,7463838970,471.27,182.16,81.01,105.13,531.5,913.35,830.45,819.07
7474,2023-02-24T00:25:57.370000,7463838971,470.82,181.38,81.26,105.23,531.89,913.11,830.31,819.98
7475,2023-02-24T00:25:57.375000,7463838972,471.45,182.29,82.67,105.87,532.59,913.5,830.8,820.71
7476,2023-02-24T00:25:57.380000,7463838973,470.56,180.62,81.34,104.3,530.78,912.6,829.36,819.18
7477,2023-02-24T00:25:57.385000,7463838974,470.94,181.9,81.57,105.3,531.09,913.65,830.7,820.13
7478,2023-02-24T00:25:57.390000,7463838975,471.24,182.06,82.41,106.1,531.72,914.66,831.63,820.62
7479,2023-02-24T00:25:57.395000,7463838976,471.36,181.56,82.48,105.45,531.63,914.3,831.82,820.39
7480,2023-02-24T00:25:57.400000,7463838977,469.76,180.49,81.18,103.9,529.19,912.07,828.95,819.26
7481,2023-02-24T00:25:57.405000,7463838978,471.49,182.23,81.56,104.94,531,913.51,829.87,820.59
7482,2023-02-24T00:25:57.410000,7463838979,472.27,182.78,83.47,106.12,532.84,914.36,831.87,820.59
7483,2023-02-24T00:25:57.415000,7463838980,471.67,182.23,82.41,105.08,532.18,913.24,830.63,819.65
7484,2023-02-24T00:25:57.420000,7463838981,469.01,180.92,80.83,104.03,529.89,911.82,828.76,818.94
7485,2023-02-24T00:25:57.425000,7463838982,470.28,181.61,81.62,104.54,531.04,912.95,830.37,819.6
7486,2023-02-24T00:25:57.430000,7463838983,472.02,183.73,83.32,106.57,532.43,915.85,832.74,820.65
7487,2023-02-24T00:25:57.435000,7463838984,471.28,182.6,83.22,105.38,532.03,914.53,831.83,820.11
7488,2023-02-24T00:25:57.440000,7463838985,470.66,181.26,81.88,103.79,530.29,911.28,828.8,819.06
7489,2023-02-24T00:25:57.445000,7463838986,471.04,181.61,81.68,104.11,531.26,913,829.81,819.18
7490,2023-02-24T00:25:57.450000,7463838987,472.68,183.21,83.49,105.64,532.68,914.63,831.96,821.25
7491,2023-02-24T00:25:57.455000,7463838988,470.46,181.6,82.28,105.13,531.39,913.75,830.15,819.57
7492,2023-02-24T00:25:57.460000,7463838989,470.01,181.08,81.53,105.18,530.1,912.39,828.97,819.28
7493,2023-02-24T00:25:57.465000,7463838990,470.49,181.32,82.09,104.9,530.49,914.05,829.87,820.08
7494,2023-02-24T00:25:57.470000,7463838991,471.54,182.5,82.56,105.66,531.67,914.45,831.91,820.56
7495,2023-02-24T00:25:57.475000,7463838992,471.2,181.53,82.33,105.13,530.82,913.34,831.24,820.08
7496,2023-02-24T00:25:57.480000,7463838993,471.09,181.37,82.54,105.63,532.08,912.9,831.05,820.54
7497,2023-02-24T00:25:57.485000,7463838994,471.91,180.8,81.95,105.26,531.13,912.9,830.97,820.04
7498,2023-02-24T00:25:57.490000,7463838995,471.75,180.53,81.55,104.2,530.43,912.66,830.53,819.69
7499,2023-02-24T00:25:57.495000,7463838996,470.53,181.17,81.18,104.29,530.18,913.06,831.08,820.37
7500,2023-02-24T00:25:57.500000,7463838997,472.1,181.77,83.25,106.67,531.85,915.16,831.89,820.84
7501,2023-02-24T00:25:57.505000,7463838998,471.64,181.14,82.16,104.69,529.91,914.14,830.15,820.57
7502,2023-02-24T00:25:57.510000,7463838999,469.93,179.61,80.3,103.4,529.62,912.41,829.27,818.75
7503,2023-02-24T00:25:57.515000,7463839000,471.47,180.71,80.8,104.09,531.09,912.67,829.66,819.24
7504,2023-02-24T00:25:57.520000,7463839001,472.78,182.99,84.43,107.38,534.29,915.49,832.77,821.42
7505,2023-02-24T00:25:57.525000,7463839002,471.25,180.82,82.7,105.41,531.9,913.36,830.45,819.23
7506,2023-02-24T00:25:57.530000,7463839003,469.15,178.87,79.47,102.47,529.53,910.55,827.08,816.99
7507,2023-02-24T00:25:57.535000,7463839004,469.61,180.93,81.55,104.5,530.27,912.61,828.71,818.44
7508,2023-02-24T00:25:57.540000,7463839005,473.21,184.77,85.56,108.72,534.42,918.66,834.01,822
7509,2023-02-24T00:25:57.545000,7463839006,470.94,181.66,82.82,105.4,531.89,914.48,830.35,819.71
7510,2023-02-24T00:25:57.550000,7463839007,467.09,177.82,79.62,101.71,527.35,908.01,824.76,817.09
7511,2023-02-24T00:25:57.555000,7463839008,470.84,180.67,81.24,104.15,530.82,911.43,829.01,819.67
7512,2023-02-24T00:25:57.560000,7463839009,475.76,185.51,85.68,109.23,536.25,918.41,836.23,823.54
7513,2023-02-24T00:25:57.565000,7463839010,471.06,182.05,81.66,104.51,530.92,913.17,830.23,820.02
7514,2023-02-24T00:25:57.570000,7463839011,466.42,177.98,77.63,101.11,526.2,907.91,824.17,816.13
7515,2023-02-24T00:25:57.575000,7463839012,470.12,181.39,80.85,104.09,529.74,913.05,829.83,818.61
7516,2023-02-24T00:25:57.580000,7463839013,475.28,185.98,85.41,109.65,535.72,920.15,836.92,822.42
7517,2023-02-24T00:25:57.585000,7463839014,470.49,181.91,82.01,105.74,531.36,913.34,830.53,820.18
7518,2023-02-24T00:25:57.590000,7463839015,467.25,177.56,78.02,101.35,526.96,907.57,824.44,817.07
7519,2023-02-24T00:25:57.595000,7463839016,471.03,181.14,81.6,104.6,531.28,911.66,829.59,820.1
7520,2023-02-24T00:25:57.600000,7463839017,473.57,184.72,84.42,107.57,534.84,917.31,834.97,821.93
7521,2023-02-24T00:25:57.605000,7463839018,471.19,181.76,81.63,104.48,531.17,913.09,830.83,819.56
7522,2023-02-24T00:25:57.610000,7463839019,467.66,178.55,78.76,102.38,527.64,910.5,826.5,817.02
7523,2023-02-24T00:25:57.615000,7463839020,470.22,181.56,81.61,104.6,530.33,913.92,831.75,819.85
7524,2023-02-24T00:25:57.620000,7463839021,472.52,183.52,84.08,106.94,533.66,917.31,834.68,822.18
7525,2023-02-24T00:25:57.625000,7463839022,470.77,181.08,82.21,105.5,531.46,912.83,831.07,820.61
7526,2023-02-24T00:25:57.630000,7463839023,469.52,179.96,80.47,103.72,529.36,910.16,827.69,819.41
7527,2023-02-24T00:25:57.635000,7463839024,471.91,181.77,81.95,105.19,532.11,913.51,831.57,820.37
7528,2023-02-24T00:25:57.640000,7463839025,471.8,182.39,82.09,105.33,532.48,915.12,832.14,820.66
7529,2023-02-24T00:25:57.645000,7463839026,470.71,181.11,81.34,104.65,530.08,914.28,829.74,820.06
7530,2023-02-24T00:25:57.650000,7463839027,471.21,181.05,81.91,105.86,529.86,914.21,829.62,820.34
7531,2023-02-24T00:25:57.655000,7463839028,472.03,182.7,83.15,105.67,531.51,915.16,831.85,820.2
7532,2023-02-24T00:25:57.660000,7463839029,470.73,180.5,81.03,104.19,530.19,912.74,830.14,818.83
7533,2023-02-24T00:25:57.665000,7463839030,471.5,181.48,81.54,104.6,531.35,912.02,829.15,819.06
7534,2023-02-24T00:25:57.670000,7463839031,472.51,182.02,83.39,106.03,531.86,912.75,830.84,820.59
7535,2023-02-24T00:25:57.675000,7463839032,471.8,181.28,82.88,105.24,532.44,912.92,830.82,819.62
7536,2023-02-24T00:25:57.680000,7463839033,469.98,179.61,80.82,103.66,529.05,911.93,829.36,818.78
7537,2023-02-24T00:25:57.685000,7463839034,470.85,180.93,81.74,105.05,529.92,913.88,830.24,819.33
7538,2023-02-24T00:25:57.690000,7463839035,471.79,182.43,83.59,106.19,531.19,915.5,830.93,820.45
7539,2023-02-24T00:25:57.695000,7463839036,471.1,180.86,82.35,104.77,530.39,913.52,830.31,819.32
7540,2023-02-24T00:25:57.700000,7463839037,470.23,179.91,80.29,102.79,528.51,910.11,827.18,817.34
7541,2023-02-24T00:25:57.705000,7463839038,472.02,182.38,82.98,104.9,530.57,912.38,828.91,819.09
7542,2023-02-24T00:25:57.710000,7463839039,472.66,183.04,83.88,106.93,532.64,913.89,830.22,819.72
7543,2023-02-24T00:25:57.715000,7463839040,470.97,180.49,81.75,104.34,531.5,912.46,829.26,818.65
7544,2023-02-24T00:25:57.720000,7463839041,469.52,179.72,80.26,102.56,529.23,910.73,827.27,816.87
7545,2023-02-24T00:25:57.725000,7463839042,471.46,181.53,82.05,105.63,531.28,914.44,828.83,818.17
7546,2023-02-24T00:25:57.730000,7463839043,471.87,182.76,83.82,105.97,531.74,915.33,830.66,818.92
7547,2023-02-24T00:25:57.735000,7463839044,470.78,181.19,81.7,104.47,529.93,913.13,827.84,817.97
7548,2023-02-24T00:25:57.740000,7463839045,468.86,179.83,80.09,103.82,528.74,911.21,826.73,816.99
7549,2023-02-24T00:25:57.745000,7463839046,471.89,181.83,83.08,105.29,531.59,913.12,829.37,819.19
7550,2023-02-24T00:25:57.750000,7463839047,471.71,182.61,82.62,105.96,532.11,913.81,830.02,820.04
7551,2023-02-24T00:25:57.755000,7463839048,469.76,180.65,81.4,103.84,530.33,911.43,827.72,818.59
7552,2023-02-24T00:25:57.760000,7463839049,469.12,179.7,81.13,103.71,529.46,910.85,827.27,817.85
7553,2023-02-24T00:25:57.765000,7463839050,471.61,181.55,83.4,106.03,530.9,914.44,829.41,819.7
7554,2023-02-24T00:25:57.770000,7463839051,472.78,182.97,83.79,106.57,531.36,914.12,830.63,819.47
7555,2023-02-24T00:25:57.775000,7463839052,471.84,180.75,81.94,103.94,529.55,911.73,828.18,818.78
7556,2023-02-24T00:25:57.780000,7463839053,469.86,180.66,81.34,104.22,528.72,910.71,827.58,818.82
7557,2023-02-24T00:25:57.785000,7463839054,471.68,180.92,81.78,105.13,530.78,911.76,829.94,819.59
7558,2023-02-24T00:25:57.790000,7463839055,471.28,181.41,83.14,105.87,531.4,913.01,831.17,820.38
7559,2023-02-24T00:25:57.795000,7463839056,470.63,180.26,81.33,103.97,529.68,911.57,828.88,819.33
7560,2023-02-24T00:25:57.800000,7463839057,470.24,180.34,80.85,103.94,529,911.41,828.88,818.86
7561,2023-02-24T00:25:57.805000,7463839058,471.78,181.16,81.95,105.28,530.01,913.01,830.31,818.58
7562,2023-02-24T00:25:57.810000,7463839059,472.43,182.15,82.58,105.66,530.9,913.63,831.49,820.06
7563,2023-02-24T00:25:57.815000,7463839060,471.49,180.1,80.92,104.93,529.39,911.42,828.37,818.92
7564,2023-02-24T00:25:57.820000,7463839061,470.91,180.26,81.45,104.03,530.63,911.74,828.74,819.42
7565,2023-02-24T00:25:57.825000,7463839062,472.36,180.8,82.25,105.3,531.87,911.97,830.57,819.88
7566,2023-02-24T00:25:57.830000,7463839063,472.2,181.61,83.2,105.86,531.91,913.26,831.22,820.76
7567,2023-02-24T00:25:57.835000,7463839064,470.51,180.79,81.41,104.17,529.77,911.8,828.93,819
7568,2023-02-24T00:25:57.840000,7463839065,471.53,180.44,81.26,105.21,530.18,912.06,829.22,819.49
7569,2023-02-24T00:25:57.845000,7463839066,472.08,180.84,82.34,105.76,531.37,913.37,830.55,819.2
7570,2023-02-24T00:25:57.850000,7463839067,473.32,181.66,82.65,105.82,531.33,914.11,831.28,820.35
7571,2023-02-24T00:25:57.855000,7463839068,471.95,180.5,81.27,104.36,529.61,911.52,829.57,819.59
7572,2023-02-24T00:25:57.860000,7463839069,472.02,180.31,82.29,104.61,530.98,912.62,830.42,820.17
7573,2023-02-24T00:25:57.865000,7463839070,471.77,179.87,81.72,105.79,531.34,911.58,830.08,819.32
7574,2023-02-24T00:25:57.870000,7463839071,471.62,180.8,82.3,105.22,531.05,912.45,829.84,818.9
7575,2023-02-24T00:25:57.875000,7463839072,470.92,180.27,81.46,103.99,530.35,911.11,827.69,817.93
7576,2023-02-24T00:25:57.880000,7463839073,472.4,180.75,82.26,104.37,530.61,913.11,829.19,818.88
7577,2023-02-24T00:25:57.885000,7463839074,471.76,180.19,82.08,104.61,530.13,911.85,829.1,817.78
7578,2023-02-24T00:25:57.890000,7463839075,472.04,180.21,81.41,104.47,530.19,911.65,827.61,817.21
7579,2023-02-24T00:25:57.895000,7463839076,472.34,180.92,81.34,104.26,529.84,911.35,826.93,818.06
7580,2023-02-24T00:25:57.900000,7463839077,471.99,181.76,82.8,106.03,532.18,912.75,829.45,818.45
7581,2023-02-24T00:25:57.905000,7463839078,470.86,181.41,82.04,105.56,530.64,911.58,827.24,816.8
7582,2023-02-24T00:25:57.910000,7463839079,469.79,180.56,81.01,104.12,529.9,910.5,826.46,816.64
7583,2023-02-24T00:25:57.915000,7463839080,470.85,180.82,81.37,104.85,529.95,912.17,827.24,817.13
7584,2023-02-24T00:25:57.920000,7463839081,472.31,182.64,83.2,105.83,531.31,914.34,829.74,818.2
7585,2023-02-24T00:25:57.925000,7463839082,470.7,181.46,81.97,104.67,529.93,912.95,827.07,817.46
7586,2023-02-24T00:25:57.930000,7463839083,469.24,179.27,80.57,103.25,528.21,910.51,824.48,816.19
7587,2023-02-24T00:25:57.935000,7463839084,471.89,181.46,81.4,104.9,529.93,911.96,825.98,817.58
7588,2023-02-24T00:25:57.940000,7463839085,472.46,182.26,83.52,106.64,533.38,914.34,829.15,817.8
7589,2023-02-24T00:25:57.945000,7463839086,471.24,180.59,81.53,105.15,531.02,911.43,827.67,816.47
7590,2023-02-24T00:25:57.950000,7463839087,469.63,178.71,80.73,103.06,528.64,909.09,824.86,815.08
7591,2023-02-24T00:25:57.955000,7463839088,471.17,180.6,81.84,104.81,530.6,911.88,827.47,816.91
7592,2023-02-24T00:25:57.960000,7463839089,473.11,182.7,83.52,106.15,532.33,914.67,830.28,818.29
7593,2023-02-24T00:25:57.965000,7463839090,472.39,181.21,82.14,104.89,529.9,912.93,828.1,817.45
7594,2023-02-24T00:25:57.970000,7463839091,470.3,178.78,80.67,103.54,528.4,910.16,825.56,816.32
7595,2023-02-24T00:25:57.975000,7463839092,471.22,180.47,82.4,104.84,530.78,912.34,827.93,818.37
7596,2023-02-24T00:25:57.980000,7463839093,472.06,181.11,81.77,105.6,531.69,912.77,828.69,818.49
7597,2023-02-24T00:25:57.985000,7463839094,470.84,181.04,81.56,105.19,531.2,911.67,828.21,817.71
7598,2023-02-24T00:25:57.990000,7463839095,470.1,180.23,81.81,104.53,530.22,910.28,827.13,816.88
7599,2023-02-24T00:25:57.995000,7463839096,471.81,181.08,82.45,104.82,531.32,912.04,827.67,817.08
7600,2023-02-24T00:25:58,7463839097,471.57,180.29,80.99,103.72,530.1,911.89,827.09,816.66
7601,2023-02-24T00:25:58.005000,7463839098,471.14,180.9,81.49,104.22,530.16,912.16,826.96,816.89
7602,2023-02-24T00:25:58.010000,7463839099,472.12,181.58,82.66,105.62,531.01,913.58,828.1,817.8
7603,2023-02-24T00:25:58.015000,7463839100,471.03,181.79,82.69,105.61,531.03,912.4,828.52,817.54
7604,2023-02-24T00:25:58.020000,7463839101,468.88,179.94,80.35,103.43,530.21,909.4,826.97,816.01
7605,2023-02-24T00:25:58.025000,7463839102,471.03,180.88,82.35,104.48,531.42,911.65,828.68,817.95
7606,2023-02-24T00:25:58.030000,7463839103,472.83,183.08,83.36,106.53,533.25,912.92,830.54,819.41
7607,2023-02-24T00:25:58.035000,7463839104,471.38,181.56,82.43,105.24,531.2,912.23,828.64,818.55
7608,2023-02-24T00:25:58.040000,7463839105,468.45,178.53,79.73,101.95,527.04,909.54,824.65,816.07
7609,2023-02-24T00:25:58.045000,7463839106,471.61,181.69,81.33,103.91,529.49,913.15,827.88,817.88
7610,2023-02-24T00:25:58.050000,7463839107,474.54,184.24,84.66,107.18,533.1,916.92,831.73,820.46
7611,2023-02-24T00:25:58.055000,7463839108,471.17,180.93,81.91,104.62,530.86,911.71,827.79,818.03
7612,2023-02-24T00:25:58.060000,7463839109,467.28,177.09,78.82,101.13,527.93,906.98,822.69,814.15
7613,2023-02-24T00:25:58.065000,7463839110,470.69,181.35,82.45,104.26,532.67,910.71,827.94,817.07
7614,2023-02-24T00:25:58.070000,7463839111,475.04,185.38,85.63,108.23,537.27,915.75,832.69,819.82
7615,2023-02-24T00:25:58.075000,7463839112,471.31,181.71,81.85,104.24,531.54,911.72,827.87,817.51
7616,2023-02-24T00:25:58.080000,7463839113,467.37,177.33,77.76,100.92,525.71,906.92,822.45,814.77
7617,2023-02-24T00:25:58.085000,7463839114,471.53,181.67,82.74,104.7,529.92,914.34,829.42,818.06
7618,2023-02-24T00:25:58.090000,7463839115,474.93,184.68,85.39,107.85,533.38,918.57,833.78,821.18
7619,2023-02-24T00:25:58.095000,7463839116,470.49,180.25,81.94,104.67,529.59,911.69,828.08,818.01
7620,2023-02-24T00:25:58.100000,7463839117,467.7,176.8,79.19,102.22,527.29,906.42,823.88,815.8
7621,2023-02-24T00:25:58.105000,7463839118,471.51,180.63,82.11,104.91,532.67,909.95,828.53,818.37
7622,2023-02-24T00:25:58.110000,7463839119,474.75,184.11,85.23,107.56,535.29,914.48,832.7,820.27
7623,2023-02-24T00:25:58.115000,7463839120,472.04,180.47,81.86,103.86,529.81,910.94,827.51,818.2
7624,2023-02-24T00:25:58.120000,7463839121,468.43,178.43,79.53,101.88,526.77,908.52,824.04,816.41
7625,2023-02-24T00:25:58.125000,7463839122,471.88,181.22,81.81,104.14,529.3,913.73,828.71,818.1
7626,2023-02-24T00:25:58.130000,7463839123,473.73,182.78,83.46,106.42,531.45,916.23,832.09,819.39
7627,2023-02-24T00:25:58.135000,7463839124,471.65,180.44,81.92,104.31,529.5,910.86,828.43,817.94
7628,2023-02-24T00:25:58.140000,7463839125,469.49,178.91,81.05,103.47,529.01,909.03,826.44,816.77
7629,2023-02-24T00:25:58.145000,7463839126,471.72,181,82.48,105.32,532.54,911.01,829.16,818.66
7630,2023-02-24T00:25:58.150000,7463839127,472.98,182.31,82.91,105.24,533.27,912.47,831.09,819.1
7631,2023-02-24T00:25:58.155000,7463839128,470.89,180.32,81.47,104.32,530.07,911.08,827.32,818.24
7632,2023-02-24T00:25:58.160000,7463839129,471.88,180.38,82.2,104.76,529.73,912.02,827.34,818.07
7633,2023-02-24T00:25:58.165000,7463839130,471.84,180.48,82.21,104.4,529.48,913.96,829.18,818.2
7634,2023-02-24T00:25:58.170000,7463839131,471.82,180.7,80.66,103.91,529.25,913.05,828.44,817.27
7635,2023-02-24T00:25:58.175000,7463839132,471.79,180.78,81.52,104.09,530.25,910.73,827.37,817.61
7636,2023-02-24T00:25:58.180000,7463839133,472.37,180.98,82.81,105.74,532.86,911.71,829.45,819.48
7637,2023-02-24T00:25:58.185000,7463839134,471.37,180.83,82.76,104.78,532.29,910.57,829.21,818.85
7638,2023-02-24T00:25:58.190000,7463839135,470.72,179.56,80.61,103.78,530.09,909.53,828.1,818.27
7639,2023-02-24T00:25:58.195000,7463839136,471.74,180.26,81.97,103.93,530.14,911.68,828.17,819.45
7640,2023-02-24T00:25:58.200000,7463839137,473.03,181.48,83.22,106.49,530.83,914.43,830.46,819.95
7641,2023-02-24T00:25:58.205000,7463839138,471.97,180.46,82.39,103.92,529.16,914.14,830.23,818.57
7642,2023-02-24T00:25:58.210000,7463839139,470.09,178.88,80.54,103.28,528.16,911.58,827.77,817
7643,2023-02-24T00:25:58.215000,7463839140,472.56,180.53,82.38,105.15,531.17,912.14,828.27,818.34
7644,2023-02-24T00:25:58.220000,7463839141,474.1,181.25,83.79,107.15,531.81,912.69,830.41,819.54
7645,2023-02-24T00:25:58.225000,7463839142,470.93,179.71,82.52,104.26,531.32,909.21,827.98,817.27
7646,2023-02-24T00:25:58.230000,7463839143,470.73,179.07,80.25,102.52,529.39,909.57,826.84,816.42
7647,2023-02-24T00:25:58.235000,7463839144,472.52,180.75,82.69,104.83,530.99,911.6,828.4,818.22
7648,2023-02-24T00:25:58.240000,7463839145,473.33,181.58,83.58,106.34,531.77,913.36,830.59,818.89
7649,2023-02-24T00:25:58.245000,7463839146,471.37,180.04,82,104.35,529.07,911.55,827.8,817.8
7650,2023-02-24T00:25:58.250000,7463839147,470.58,179.56,80.53,102.96,528.37,910.71,827.58,817.4
7651,2023-02-24T00:25:58.255000,7463839148,471.76,181.19,82.52,104.93,531.08,912.4,830.38,819.2
7652,2023-02-24T00:25:58.260000,7463839149,472.85,181.88,83.58,106.19,531.53,912.82,831.16,820.99
7653,2023-02-24T00:25:58.265000,7463839150,471.49,179.68,81.26,104.71,529.71,909.6,828.84,818.14
7654,2023-02-24T00:25:58.270000,7463839151,471.03,179.17,80.8,103.56,529.02,910.36,828.09,818.02
7655,2023-02-24T00:25:58.275000,7463839152,472.63,181.09,82.77,105.9,531.04,913.11,829.33,819.84
7656,2023-02-24T00:25:58.280000,7463839153,472.47,181.49,83.34,106.14,530.96,914.84,830.46,819.56
7657,2023-02-24T00:25:58.285000,7463839154,470.93,179.62,81.28,104.13,529.53,911.74,827.4,817.57
7658,2023-02-24T00:25:58.290000,7463839155,471.06,179.65,81.47,103.42,529.67,910.91,827.3,817.28
7659,2023-02-24T00:25:58.295000,7463839156,472.64,181.78,82.62,105.17,532.38,913.02,829.01,818.91
7660,2023-02-24T00:25:58.300000,7463839157,472.76,181.31,82.75,105.11,532.2,912.02,828.92,818.49
7661,2023-02-24T00:25:58.305000,7463839158,471.61,179.85,81.14,103.29,530.45,910.1,827.2,816.99
7662,2023-02-24T00:25:58.310000,7463839159,470.46,179.55,81.07,103.24,530.19,910.27,827.52,816.9
7663,2023-02-24T00:25:58.315000,7463839160,472.56,181.34,82.65,105.73,531.51,913.95,829.59,818.86
7664,2023-02-24T00:25:58.320000,7463839161,472.09,181.56,82.67,105.81,530.96,913.55,829.52,818.51
7665,2023-02-24T00:25:58.325000,7463839162,471.02,180.74,80.91,104.13,529.76,912.35,827.36,817.79
7666,2023-02-24T00:25:58.330000,7463839163,469.3,180.25,80.65,103.99,529.61,910.38,825.79,816.87
7667,2023-02-24T00:25:58.335000,7463839164,471.34,181.67,83.29,106.12,531.44,913.65,829.26,817.33
7668,2023-02-24T00:25:58.340000,7463839165,471.69,181.58,82.35,105.88,530.64,912.51,829.23,817.4
7669,2023-02-24T00:25:58.345000,7463839166,471.05,180.59,82.02,103.94,530.21,910.78,827.36,816.52
7670,2023-02-24T00:25:58.350000,7463839167,470.18,179.71,81.08,102.91,529.49,910.78,826.67,817.08
7671,2023-02-24T00:25:58.355000,7463839168,471.97,181.33,82.59,104.96,531.07,912.2,829.21,818.52
7672,2023-02-24T00:25:58.360000,7463839169,472.19,181.12,82.52,104.37,530.8,911.4,827.74,817.79
7673,2023-02-24T00:25:58.365000,7463839170,471.66,181.56,81.85,103.71,530.26,910.7,827.69,817.54
7674,2023-02-24T00:25:58.370000,7463839171,471.69,180.61,81.34,103.14,529.67,909.95,827.22,816.83
7675,2023-02-24T00:25:58.375000,7463839172,472.57,181.57,82.39,105.04,530.83,911.79,829.52,818.58
7676,2023-02-24T00:25:58.380000,7463839173,470.33,180.86,82.32,104.68,529.63,911.69,828.81,818.37
7677,2023-02-24T00:25:58.385000,7463839174,470.65,180.93,81.69,104.11,529.83,911.4,828.8,818.53
7678,2023-02-24T00:25:58.390000,7463839175,470.77,180.51,81.34,104.33,530.41,911.36,828.79,817.85
7679,2023-02-24T00:25:58.395000,7463839176,471.96,180.38,82.01,105,530.84,912.75,829.41,818.23
7680,2023-02-24T00:25:58.400000,7463839177,471.64,180.14,80.89,104.74,529.55,911.27,827.65,818.1
7681,2023-02-24T00:25:58.405000,7463839178,472.13,180.93,81.85,104.48,530.49,911.13,828.31,817.91
7682,2023-02-24T00:25:58.410000,7463839179,472.74,181.2,82.78,105.24,532.01,912.34,830.24,818.67
7683,2023-02-24T00:25:58.415000,7463839180,472.47,181.05,81.75,104.3,531.18,911.47,828.61,818.88
7684,2023-02-24T00:25:58.420000,7463839181,470.67,179.44,81.05,103.64,530.15,909.87,826.78,817.9
7685,2023-02-24T00:25:58.425000,7463839182,471.27,180.3,81.88,103.93,530.44,912.29,828.55,817.68
7686,2023-02-24T00:25:58.430000,7463839183,473.18,182.07,83.17,105.21,531.98,914.15,830.15,818.83
7687,2023-02-24T00:25:58.435000,7463839184,472.06,180.13,82.08,104.47,531.21,912.01,828.38,818.16
7688,2023-02-24T00:25:58.440000,7463839185,469.83,179.15,80.93,103.81,528.43,909.89,825.54,817.67
7689,2023-02-24T00:25:58.445000,7463839186,472.67,181.35,82.75,105.12,531.01,911.9,828.97,818.46
7690,2023-02-24T00:25:58.450000,7463839187,473.51,182.39,83.49,106.21,532.26,912.97,830.85,818.54
7691,2023-02-24T00:25:58.455000,7463839188,471.87,180.33,82.03,104.26,530.85,910.85,828.3,817.18
7692,2023-02-24T00:25:58.460000,7463839189,470.09,179.08,81.19,103.2,528.71,909.63,825.22,816.99
7693,2023-02-24T00:25:58.465000,7463839190,471.42,180.53,82.92,104.87,530.14,912.66,827.76,817.53
7694,2023-02-24T00:25:58.470000,7463839191,473.35,182.35,83.43,105.89,531.26,913.91,829.2,818.15
7695,2023-02-24T00:25:58.475000,7463839192,471.73,180.58,82.02,104.58,529.42,911.28,827.1,816.3
7696,2023-02-24T00:25:58.480000,7463839193,470.31,179.96,81.4,103.65,528.75,909.4,825.64,816.61
7697,2023-02-24T00:25:58.485000,7463839194,471.37,181.06,82.12,104.23,530.62,910.44,827.03,817.48
7698,2023-02-24T00:25:58.490000,7463839195,472.98,182.22,83.48,105.38,531.46,911.58,829.09,818.08
7699,2023-02-24T00:25:58.495000,7463839196,471.14,181.38,82.12,103.73,530.36,910.67,827.12,817.36
7700,2023-02-24T00:25:58.500000,7463839197,471,180.05,81.79,104.15,529.84,910.25,825.94,816.76
7701,2023-02-24T00:25:58.505000,7463839198,471.84,180.49,82.23,104.74,529.93,911.41,827.52,817.01
7702,2023-02-24T00:25:58.510000,7463839199,472.72,180.9,82.09,104.9,529.66,913.18,828.3,817.89
7703,2023-02-24T00:25:58.515000,7463839200,472.16,180.79,81.73,104.18,528.95,911.38,827.14,816.98
7704,2023-02-24T00:25:58.520000,7463839201,472.79,180.89,83.01,104.72,529.87,910.63,828.05,817.81
7705,2023-02-24T00:25:58.525000,7463839202,471.48,179.86,82.32,104.16,530.35,910.34,827.07,816.7
7706,2023-02-24T00:25:58.530000,7463839203,470.12,178.59,80.7,102.98,529.63,909.21,826.26,816.67
7707,2023-02-24T00:25:58.535000,7463839204,471.44,180.13,82.63,104.74,531.88,910.53,827.87,818.04
7708,2023-02-24T00:25:58.540000,7463839205,473.54,182.31,84.43,106.78,532.33,913.35,830.27,820.31
7709,2023-02-24T00:25:58.545000,7463839206,471.58,180,82.22,103.94,529.06,910.54,827.74,817.51
7710,2023-02-24T00:25:58.550000,7463839207,469.26,177.18,79.12,102.07,526.94,908.38,825.58,816.16
7711,2023-02-24T00:25:58.555000,7463839208,472.65,180.3,82.37,104.85,530.22,911.74,829.04,818.31
7712,2023-02-24T00:25:58.560000,7463839209,474.99,182.71,84.72,106.74,532.88,913.8,831.55,820.13
7713,2023-02-24T00:25:58.565000,7463839210,471.58,178.98,82.21,103.27,529.44,909.51,827.85,818.13
7714,2023-02-24T00:25:58.570000,7463839211,469.53,176.72,79.81,102.1,527.29,906.13,824.19,816.09
7715,2023-02-24T00:25:58.575000,7463839212,472.72,180.08,82.5,105.46,530.54,910.94,829.53,819.34
7716,2023-02-24T00:25:58.580000,7463839213,475.21,182.81,84.9,108.25,533.55,914.46,832.59,820.62
7717,2023-02-24T00:25:58.585000,7463839214,471.87,180.15,82.3,104.39,528.57,910.22,827.4,818.05
7718,2023-02-24T00:25:58.590000,7463839215,469.08,176.83,78.52,101.18,524.83,907.32,823.92,815.65
7719,2023-02-24T00:25:58.595000,7463839216,473.46,181.05,82.85,105.31,530.31,912.3,829.14,819.35
7720,2023-02-24T00:25:58.600000,7463839217,476.61,182.92,85.99,108.27,534.08,915.14,833.08,822.16
7721,2023-02-24T00:25:58.605000,7463839218,471.63,178.85,81.58,104.09,529.99,908.5,827.21,817.91
7722,2023-02-24T00:25:58.610000,7463839219,468.18,175.67,78.83,100.6,527.5,904.82,822.64,815.28
7723,2023-02-24T00:25:58.615000,7463839220,474.19,180.63,83.35,105.73,531.66,911.86,830.1,819.33
7724,2023-02-24T00:25:58.620000,7463839221,476.67,183.37,85.25,106.81,532.81,915.02,832.84,819.93
7725,2023-02-24T00:25:58.625000,7463839222,472.26,179.09,81.6,102.92,527.77,910.38,827.53,817.42
7726,2023-02-24T00:25:58.630000,7463839223,469,176.27,80.09,101.22,525.83,907.88,823.95,815.95
7727,2023-02-24T00:25:58.635000,7463839224,474.92,181.04,83.68,105.66,531.39,912.81,830.4,819.54
7728,2023-02-24T00:25:58.640000,7463839225,476.12,182.13,84.7,107.46,533.5,914.54,832.49,820.76
7729,2023-02-24T00:25:58.645000,7463839226,471.09,179.19,81.96,103.63,530.21,909.13,826.92,817.94
7730,2023-02-24T00:25:58.650000,7463839227,470.72,177.38,81.08,102.51,528.78,907.63,825.25,816.93
7731,2023-02-24T00:25:58.655000,7463839228,472.56,180.24,83.66,105.45,531.46,912.41,831.04,820.26
7732,2023-02-24T00:25:58.660000,7463839229,474.79,181.57,83.39,106.17,531.93,913.57,831.94,819.81
7733,2023-02-24T00:25:58.665000,7463839230,471.65,179.66,81.76,103.98,529.19,910.25,827.11,818.08
7734,2023-02-24T00:25:58.670000,7463839231,471.92,178.41,81.61,103.65,528.37,909.7,826.79,817.42
7735,2023-02-24T00:25:58.675000,7463839232,473.27,180.39,82.68,104.89,531.38,912.73,829.34,818.96
7736,2023-02-24T00:25:58.680000,7463839233,473.6,180.18,82.63,105.32,530.84,912.34,829.68,818.67
7737,2023-02-24T00:25:58.685000,7463839234,471.71,179.53,81.94,104.61,529.84,910.2,826.62,817.24
7738,2023-02-24T00:25:58.690000,7463839235,471.93,179.42,82.88,104.74,529.53,909.95,826.77,816.47
7739,2023-02-24T00:25:58.695000,7463839236,472.86,180.65,83.18,104.28,529.91,911.65,827.93,816.64
7740,2023-02-24T00:25:58.700000,7463839237,472.81,179.77,81.58,103.42,529.6,910.6,826.49,815.68
7741,2023-02-24T00:25:58.705000,7463839238,473.52,179.75,82.93,104.27,530.39,909.8,825.02,816.3
7742,2023-02-24T00:25:58.710000,7463839239,473.63,180.96,83.4,105.96,531.29,910.07,826.56,817.37
7743,2023-02-24T00:25:58.715000,7463839240,472.26,179.73,82.3,104.02,530.23,910.05,825.73,816.39
7744,2023-02-24T00:25:58.720000,7463839241,470.24,179.38,80.64,103.12,529.13,909.27,825.09,815.8
7745,2023-02-24T00:25:58.725000,7463839242,471.73,180.35,82.73,105.41,529.37,911.23,826.12,817.02
7746,2023-02-24T00:25:58.730000,7463839243,473.49,181.15,84.19,105.32,530.42,912.76,827.97,817.82
7747,2023-02-24T00:25:58.735000,7463839244,471.07,179.52,81.66,103.81,528.28,910.1,825.92,816.31
7748,2023-02-24T00:25:58.740000,7463839245,470.66,178.99,80.59,103.19,527.47,909.73,824.42,815.65
7749,2023-02-24T00:25:58.745000,7463839246,472.51,181.43,82.87,105.31,530.42,910.53,826.94,816.38
7750,2023-02-24T00:25:58.750000,7463839247,473.6,182.53,83.58,105.89,532.48,912.01,826.97,817.08
7751,2023-02-24T00:25:58.755000,7463839248,471,178.78,80.99,103.56,529.8,908.43,823.8,814.12
7752,2023-02-24T00:25:58.760000,7463839249,470.3,178.77,81.01,102.49,529.24,908.62,822.86,814.28
7753,2023-02-24T00:25:58.765000,7463839250,472.43,181.4,82.42,105.4,531.5,910.57,825.81,815.64
7754,2023-02-24T00:25:58.770000,7463839251,473.93,181.31,82.85,106.27,531.06,912.46,826.62,816.13
7755,2023-02-24T00:25:58.775000,7463839252,471.68,179.86,81.02,103.29,529.63,909.11,824.35,814.47
7756,2023-02-24T00:25:58.780000,7463839253,471.21,179.67,80.88,103.27,528.76,909.07,823.74,814.91
7757,2023-02-24T00:25:58.785000,7463839254,473.13,181.65,82.7,105.66,531.07,911.43,827.08,817.45
7758,2023-02-24T00:25:58.790000,7463839255,472.89,181.94,83.01,105.31,530.21,911.19,827.92,817.71
7759,2023-02-24T00:25:58.795000,7463839256,470.23,179.4,81.3,103.3,528.49,908.89,824.5,815.38
7760,2023-02-24T00:25:58.800000,7463839257,470.93,179.53,81.46,103.97,528.24,910.01,824.99,815.19
7761,2023-02-24T00:25:58.805000,7463839258,473.36,181.09,83.66,105.28,530.05,911.21,827.52,816.94
7762,2023-02-24T00:25:58.810000,7463839259,473.28,181.67,83.17,105.18,529.65,911.52,826.43,817.37
7763,2023-02-24T00:25:58.815000,7463839260,470.91,178.74,80.97,102.74,526.65,908.82,823.97,814.33
7764,2023-02-24T00:25:58.820000,7463839261,471.8,179.02,81.66,103.39,528.34,909.08,824.87,815.62
7765,2023-02-24T00:25:58.825000,7463839262,472.73,180.71,82.84,104.93,530.8,910.3,826.82,817.75
7766,2023-02-24T00:25:58.830000,7463839263,472.57,180.85,82.87,105.07,531.71,909.47,827.45,818.18
7767,2023-02-24T00:25:58.835000,7463839264,470.32,180.28,81.1,102.62,528.94,907.9,825.35,816.26
7768,2023-02-24T00:25:58.840000,7463839265,471.47,180.73,81.6,103.82,529.38,909.54,826.11,816.16
7769,2023-02-24T00:25:58.845000,7463839266,472.59,181.17,83.01,104.99,529.51,911.23,827.24,816.8
7770,2023-02-24T00:25:58.850000,7463839267,473.02,181.33,83.28,105.59,529.89,912.51,828.34,817.2
7771,2023-02-24T00:25:58.855000,7463839268,471.32,179.91,81.37,103.9,528.21,910,825.16,816.21
7772,2023-02-24T00:25:58.860000,7463839269,471.14,179.78,81.96,104.09,530.04,911.37,825.86,816.24
7773,2023-02-24T00:25:58.865000,7463839270,472.38,180.66,82.98,104.6,531.32,911.33,827.57,816.59
7774,2023-02-24T00:25:58.870000,7463839271,472.15,181.71,81.91,104.98,532.01,911.89,827.07,816.91
7775,2023-02-24T00:25:58.875000,7463839272,470.85,180.85,81.64,103.88,530.46,909.91,824.89,815.4
7776,2023-02-24T00:25:58.880000,7463839273,470.97,180.79,82.07,104.18,530.49,910.4,825.56,815.03
7777,2023-02-24T00:25:58.885000,7463839274,472.56,181.04,83.18,103.92,530.98,910.98,826.79,816.23
7778,2023-02-24T00:25:58.890000,7463839275,473.31,180.69,82.65,104.41,530.19,910.97,827.51,816.99
7779,2023-02-24T00:25:58.895000,7463839276,472.07,180.11,81.78,103.47,529.31,910,826.81,816.31
7780,2023-02-24T00:25:58.900000,7463839277,472.18,180.42,82.56,104.06,530.61,910.52,827.63,817.51
7781,2023-02-24T00:25:58.905000,7463839278,471.34,179.93,82.48,103.73,529.91,910.31,826.87,817.58
7782,2023-02-24T00:25:58.910000,7463839279,471.45,180.01,82.12,103.99,529.43,910.04,827.17,816.7
7783,2023-02-24T00:25:58.915000,7463839280,472.35,180.73,81.06,104.5,529.4,909.9,826.96,817
7784,2023-02-24T00:25:58.920000,7463839281,472.3,181.56,82.55,104.68,529.52,911.69,827.48,816.9
7785,2023-02-24T00:25:58.925000,7463839282,472.26,180.79,81.96,103.73,529.06,910.01,826.79,816.7
7786,2023-02-24T00:25:58.930000,7463839283,471.69,179.53,81.36,103.02,528.98,908.45,824.86,816.75
7787,2023-02-24T00:25:58.935000,7463839284,472.17,179.53,82.21,103.73,530.15,909.95,826.57,817.56
7788,2023-02-24T00:25:58.940000,7463839285,473.03,181.49,82.72,104.66,531.09,911.78,828.76,817.45
7789,2023-02-24T00:25:58.945000,7463839286,471.5,180.09,82.12,103.41,530.6,910.29,826.86,816.56
7790,2023-02-24T00:25:58.950000,7463839287,470.25,178.87,80.75,103.19,528.63,908.29,825.25,816.53
7791,2023-02-24T00:25:58.955000,7463839288,472.02,180.73,82.24,104.3,530.2,910.22,827.27,816.86
7792,2023-02-24T00:25:58.960000,7463839289,472.95,182.31,83.46,105.22,532.22,912.04,828.52,817.75
7793,2023-02-24T00:25:58.965000,7463839290,471.03,180.38,82.53,103.65,529.4,910.51,826.48,817.36
7794,2023-02-24T00:25:58.970000,7463839291,469.44,178.44,80.61,102.12,527.65,907.81,823.69,816.28
7795,2023-02-24T00:25:58.975000,7463839292,472.14,180.29,82.76,104.99,530.55,911.08,827.72,818.07
7796,2023-02-24T00:25:58.980000,7463839293,473.42,180.96,83.88,104.85,531.46,912.75,829.29,818.09
7797,2023-02-24T00:25:58.985000,7463839294,470.75,179.92,82.41,103.65,529.67,910.9,827.56,817.65
7798,2023-02-24T00:25:58.990000,7463839295,470.05,178.04,81.41,103.03,527.86,908.19,825.67,817.31
7799,2023-02-24T00:25:58.995000,7463839296,473.12,179.47,82.4,104.7,530.48,909.66,828.62,818.04
7800,2023-02-24T00:25:59,7463839297,474.01,180.33,83.62,104.94,530.54,910.82,830.48,818.79
7801,2023-02-24T00:25:59.005000,7463839298,473.21,179.07,81.74,103.62,529.27,908.89,827.95,818.53
7802,2023-02-24T00:25:59.010000,7463839299,471,177.13,81.37,102.53,527.71,907.26,825.45,817.96
7803,2023-02-24T00:25:59.015000,7463839300,472.34,178.97,82.33,103.99,529.21,910,828.92,819.02
7804,2023-02-24T00:25:59.020000,7463839301,472.77,180.42,82.23,104.08,528.71,910.92,830.06,819.21
7805,2023-02-24T00:25:59.025000,7463839302,472.14,179.81,82.43,104.23,527.97,910.8,828.74,818.41
7806,2023-02-24T00:25:59.030000,7463839303,471.32,178.27,82.01,103.94,527.43,908.54,826.92,818.41
7807,2023-02-24T00:25:59.035000,7463839304,471.97,179.42,82.55,104.38,528.57,910.44,828.72,818.48
7808,2023-02-24T00:25:59.040000,7463839305,472.7,180.13,81.91,103.77,529.42,909.63,828.89,819.05
7809,2023-02-24T00:25:59.045000,7463839306,471.63,180.12,83.08,104.61,529.46,909.87,828.4,818.73
7810,2023-02-24T00:25:59.050000,7463839307,473.62,180.87,84.13,106.68,530.89,910.69,829.57,819.02
7811,2023-02-24T00:25:59.055000,7463839308,472.31,179.36,82.53,104.05,529.18,909.11,827.9,817.57
7812,2023-02-24T00:25:59.060000,7463839309,470.8,177.95,81.04,102.58,527.46,908.86,825.8,816.39
7813,2023-02-24T00:25:59.065000,7463839310,473.5,180.24,83.43,104.8,529.02,910.87,828.68,817.91
7814,2023-02-24T00:25:59.070000,7463839311,476.04,182.37,85.68,107.7,531.04,914.14,830,819.51
7815,2023-02-24T00:25:59.075000,7463839312,472.81,178.71,81.59,103.04,527.8,909.2,825.88,816.85
7816,2023-02-24T00:25:59.080000,7463839313,470.17,177.11,79.81,101.63,526.69,906.15,824.36,815.25
7817,2023-02-24T00:25:59.085000,7463839314,474.13,180.53,82.83,104.66,530.78,910.47,828,817.53
7818,2023-02-24T00:25:59.090000,7463839315,475.9,182.96,86.88,108.33,534.14,914.69,831.35,819.92
7819,2023-02-24T00:25:59.095000,7463839316,471.25,177.85,81.56,103.29,528.25,908.91,825.09,815.57
7820,2023-02-24T00:25:59.100000,7463839317,469.64,176.49,79.3,101.22,525.53,907.58,823.12,815.24
7821,2023-02-24T00:25:59.105000,7463839318,473.86,180.78,83.72,105.27,529.85,912.36,828.71,818.55
7822,2023-02-24T00:25:59.110000,7463839319,478.33,185.47,88.11,109.94,535.24,917.42,834.52,821.72
7823,2023-02-24T00:25:59.115000,7463839320,471.12,178.03,81.52,102.5,528.45,908.5,825.19,815.95
7824,2023-02-24T00:25:59.120000,7463839321,469.01,176.85,79.7,101.24,526.61,905.62,822.36,814.78
7825,2023-02-24T00:25:59.125000,7463839322,475.08,181.29,83.54,105.86,532.14,912.59,829.37,818.55
7826,2023-02-24T00:25:59.130000,7463839323,478.36,185.76,88.19,110.42,536.71,917.84,834.67,821.73
7827,2023-02-24T00:25:59.135000,7463839324,470.49,177.68,80.43,103.06,527.96,907.05,823.39,815.32
7828,2023-02-24T00:25:59.140000,7463839325,469.37,176.4,79.88,101.68,525.59,906.34,822.14,814.02
7829,2023-02-24T00:25:59.145000,7463839326,474.97,181.81,83.82,106.48,531.28,912.63,829.78,818.6
7830,2023-02-24T00:25:59.150000,7463839327,478.57,183.78,87.33,109.3,534.48,917.56,834.88,822.05
7831,2023-02-24T00:25:59.155000,7463839328,472.09,177.41,80.6,102.07,527.55,907.64,824.42,817.18
7832,2023-02-24T00:25:59.160000,7463839329,471.47,177.11,79.96,102.75,527.61,906.48,824.53,817.23
7833,2023-02-24T00:25:59.165000,7463839330,474.41,180.13,83.95,106.55,532.3,912.32,831.35,819.31
7834,2023-02-24T00:25:59.170000,7463839331,476.72,182.76,85.52,108.14,533.5,914.71,833.98,820.62
7835,2023-02-24T00:25:59.175000,7463839332,472.12,178.07,80.62,102.63,527.22,907.37,826.04,817.05
7836,2023-02-24T00:25:59.180000,7463839333,472.06,176.82,80.78,102.57,527.13,906.87,825.42,817.11
7837,2023-02-24T00:25:59.185000,7463839334,475.32,180.17,83.48,104.78,530.4,911.99,830.22,819.71
7838,2023-02-24T00:25:59.190000,7463839335,475.84,181.9,84.02,105.81,530.85,914.02,831.55,820.46
7839,2023-02-24T00:25:59.195000,7463839336,471.79,178.76,81.41,103.64,527.39,908.28,826.41,818.45
7840,2023-02-24T00:25:59.200000,7463839337,471.77,178.49,80.9,103.77,529.16,908.8,826.55,818.38
7841,2023-02-24T00:25:59.205000,7463839338,472.99,180.39,81.88,104.38,531.21,910.4,828.98,818.07
7842,2023-02-24T00:25:59.210000,7463839339,472.23,181.25,81.4,103.76,530.39,910.27,828.89,817.46
7843,2023-02-24T00:25:59.215000,7463839340,471.19,179.9,82.46,104.32,529.24,910.11,826.31,817.06
7844,2023-02-24T00:25:59.220000,7463839341,472.91,180.54,83.12,105.24,530.51,911.36,827.69,817.46
7845,2023-02-24T00:25:59.225000,7463839342,471.85,179.48,82.54,103.62,529.17,910.9,827.17,816.45
7846,2023-02-24T00:25:59.230000,7463839343,471.56,178.99,81.29,103.12,527.65,910.21,826.98,816.28
7847,2023-02-24T00:25:59.235000,7463839344,472.57,179.95,83.17,104.83,530.09,911.06,827.23,817.52
7848,2023-02-24T00:25:59.240000,7463839345,473.17,180.56,83.74,105.42,530.32,910.49,828.75,818.07
7849,2023-02-24T00:25:59.245000,7463839346,472.2,179.32,82.27,103.14,528.92,908.12,827.04,816.56
7850,2023-02-24T00:25:59.250000,7463839347,471.67,178.68,81.34,102.87,529.23,906.69,825.98,815.99
7851,2023-02-24T00:25:59.255000,7463839348,474.22,180.79,83.62,104.58,529.9,909.3,827.69,817.3
7852,2023-02-24T00:25:59.260000,7463839349,473.1,180.63,83.53,105.21,529.73,910.23,827.82,817.35
7853,2023-02-24T00:25:59.265000,7463839350,470.31,178.39,81.4,102.62,527.72,908.72,825.34,816.15
7854,2023-02-24T00:25:59.270000,7463839351,470.82,178.09,81.05,101.89,525.25,908.28,824.6,816.52
7855,2023-02-24T00:25:59.275000,7463839352,473.48,180.51,83.61,105.62,529.03,911.33,827.9,818.12
7856,2023-02-24T00:25:59.280000,7463839353,473.22,180.64,83.42,105.05,530.15,910.68,827.69,817.94
7857,2023-02-24T00:25:59.285000,7463839354,471.31,178.21,81.21,102.34,528.58,907.73,825.99,815.09
7858,2023-02-24T00:25:59.290000,7463839355,471.31,178.7,81.48,102.77,528.95,907.57,825.1,815.17
7859,2023-02-24T00:25:59.295000,7463839356,473.13,180.75,83.72,105.3,532.48,909.94,827.05,817.95
7860,2023-02-24T00:25:59.300000,7463839357,473.05,179.85,83.1,105.14,531.52,910.68,827.24,817.21
7861,2023-02-24T00:25:59.305000,7463839358,471.41,178.31,81.56,102.38,527.9,908.63,824.21,815.2
7862,2023-02-24T00:25:59.310000,7463839359,471.38,178.6,80.69,102.53,527.89,909.14,824.28,816.22
7863,2023-02-24T00:25:59.315000,7463839360,473.76,180.79,83.34,105.14,530.47,912.84,827.92,817.71
7864,2023-02-24T00:25:59.320000,7463839361,473.25,180.96,83.54,104.89,529.97,911.76,827.32,817.44
7865,2023-02-24T00:25:59.325000,7463839362,470.53,178.68,81.2,102.16,528.96,908.17,824.13,816
7866,2023-02-24T00:25:59.330000,7463839363,470.67,178.75,81.64,102.65,529.95,907.73,824.74,815.66
7867,2023-02-24T00:25:59.335000,7463839364,473.35,181.15,83.69,105.24,532.51,910.02,827.85,817.47
7868,2023-02-24T00:25:59.340000,7463839365,472.91,180.11,83.24,104.35,530.63,909.01,826.59,816.21
7869,2023-02-24T00:25:59.345000,7463839366,471.19,178.68,81.36,101.99,529.06,908.11,824.25,814.76
7870,2023-02-24T00:25:59.350000,7463839367,471.83,179.35,81.9,103.32,528.21,909.31,825.12,815.67
7871,2023-02-24T00:25:59.355000,7463839368,473.37,180.58,83.01,104.61,529.18,910.79,826.82,817.67
7872,2023-02-24T00:25:59.360000,7463839369,473.07,180.29,83.29,104.93,528.53,909.73,826.47,816.84
7873,2023-02-24T00:25:59.365000,7463839370,471.48,179.14,81.37,103.52,526.99,907.84,824.75,815.53
7874,2023-02-24T00:25:59.370000,7463839371,471.3,178.82,81.27,102.85,527.59,906.45,824.74,815.46
7875,2023-02-24T00:25:59.375000,7463839372,473.02,180.28,83.56,104.52,529.48,908.27,827.3,817.34
7876,2023-02-24T00:25:59.380000,7463839373,473.05,180.68,82.5,104.32,529.8,908.48,826.28,817.13
7877,2023-02-24T00:25:59.385000,7463839374,472.5,178.96,81.77,102.95,527.51,907.93,825.29,816.84
7878,2023-02-24T00:25:59.390000,7463839375,472.33,179.05,81.86,102.81,527.43,909.17,825.75,816.1
7879,2023-02-24T00:25:59.395000,7463839376,473.57,179.81,83.64,104.18,528.82,910.51,827.29,817.38
7880,2023-02-24T00:25:59.400000,7463839377,473.17,180.22,82.46,104.12,527.58,910.36,825.95,817.38
7881,2023-02-24T00:25:59.405000,7463839378,472.28,178.45,82.13,103.96,528.36,907.88,825.33,816.06
7882,2023-02-24T00:25:59.410000,7463839379,472.54,179.39,82.76,103.67,529.17,908.18,826.22,816
7883,2023-02-24T00:25:59.415000,7463839380,472.68,180.28,83.13,104.03,530.7,909.14,826.87,816.57
7884,2023-02-24T00:25:59.420000,7463839381,472.92,180.39,81.63,103.91,530.24,908.95,826.1,816.93
7885,2023-02-24T00:25:59.425000,7463839382,472.44,180.25,82.37,103.31,529.95,908.83,825.7,817.56
7886,2023-02-24T00:25:59.430000,7463839383,473.28,179.88,82.88,104.41,529.55,910.55,826.87,817.22
7887,2023-02-24T00:25:59.435000,7463839384,472.39,179.78,82.46,104.36,529.28,910.02,827.42,817.33
7888,2023-02-24T00:25:59.440000,7463839385,472.25,179.3,82.25,103.99,529.28,909.5,826.26,816.83
7889,2023-02-24T00:25:59.445000,7463839386,472.77,179.36,82.32,103.92,529.2,910.02,826.43,816.75
7890,2023-02-24T00:25:59.450000,7463839387,474.3,180.41,83.16,104.12,531.35,910.23,827.66,817.1
7891,2023-02-24T00:25:59.455000,7463839388,472.58,179.06,82.42,104.18,530.56,908.58,826.23,816.38
7892,2023-02-24T00:25:59.460000,7463839389,472.68,178.79,81.7,103.2,529.47,907.04,824.72,815.32
7893,2023-02-24T00:25:59.465000,7463839390,472.82,179.33,82.43,103.64,529.89,908.5,824.65,816.15
7894,2023-02-24T00:25:59.470000,7463839391,474.51,180.97,83.37,105.11,531.13,912.11,827.12,816.61
7895,2023-02-24T00:25:59.475000,7463839392,472.45,179.65,82.35,103.75,528.43,908.76,824.45,813.67
7896,2023-02-24T00:25:59.480000,7463839393,471.32,178.43,81.17,102.77,526.68,908.19,821.7,812.97
7897,2023-02-24T00:25:59.485000,7463839394,473.25,180.77,82.06,104.45,529.23,909.6,822.14,813.29
7898,2023-02-24T00:25:59.490000,7463839395,474.49,182.91,84.47,106.4,532.52,911.31,825.25,814.87
7899,2023-02-24T00:25:59.495000,7463839396,471.76,180.2,82.4,104.21,530.16,906.32,822.03,813.04
7900,2023-02-24T00:25:59.500000,7463839397,470.47,179.33,81.33,103.45,530.09,905.95,821.67,813.25
7901,2023-02-24T00:25:59.505000,7463839398,472.62,180.69,83.03,103.95,530.8,909.08,824.11,814.9
7902,2023-02-24T00:25:59.510000,7463839399,473.96,181.85,83.79,105.36,531.06,913.2,826.98,816.45
7903,2023-02-24T00:25:59.515000,7463839400,471.76,179.55,82.55,103.42,527.79,910.27,824.62,815.37
7904,2023-02-24T00:25:59.520000,7463839401,470.86,179.42,81.95,102.91,527.29,908.52,823.32,813.55
7905,2023-02-24T00:25:59.525000,7463839402,472.76,181.16,82.73,104.29,529,910.32,824.38,814.89
7906,2023-02-24T00:25:59.530000,7463839403,473.39,182.21,83.7,105.84,531.88,911.36,826.83,815.99
7907,2023-02-24T00:25:59.535000,7463839404,472.53,179.88,82.36,103.7,530.12,908.22,823.87,814.33
7908,2023-02-24T00:25:59.540000,7463839405,472.41,179.34,82.2,103.23,529.84,907.63,823.23,813.83
7909,2023-02-24T00:25:59.545000,7463839406,473.62,179.09,82.27,103.81,530.49,909.11,825.13,814.37
7910,2023-02-24T00:25:59.550000,7463839407,474.43,180.07,83.01,104.87,530.66,911.08,826.71,815.42
7911,2023-02-24T00:25:59.555000,7463839408,473.09,179.37,82.1,103.84,529.52,910.24,824.56,815.21
7912,2023-02-24T00:25:59.560000,7463839409,472.62,179.34,82.33,103.71,529.36,909.59,824.24,814.9
7913,2023-02-24T00:25:59.565000,7463839410,471.88,179.4,81.34,103.08,529.28,909.67,823.88,815.13
7914,2023-02-24T00:25:59.570000,7463839411,471.12,178.72,81.36,102.43,528.69,908.21,823.84,814.68
7915,2023-02-24T00:25:59.575000,7463839412,472.78,181.02,82.92,104.32,530.3,909.12,825.24,815.9
7916,2023-02-24T00:25:59.580000,7463839413,473.31,180.46,83.39,104.88,530.73,909.73,825.85,815.85
7917,2023-02-24T00:25:59.585000,7463839414,472.7,178.85,81.43,103.6,528.2,907.96,824.38,814.25
7918,2023-02-24T00:25:59.590000,7463839415,471.22,177.96,79.96,101.41,526.28,906.86,822.71,812.62
7919,2023-02-24T00:25:59.595000,7463839416,474.11,180.94,83.78,105.73,529.66,911.21,826.88,816.6
7920,2023-02-24T00:25:59.600000,7463839417,473.95,181.02,83.49,105.75,529.71,911.76,826.49,816.51
7921,2023-02-24T00:25:59.605000,7463839418,472.04,177.95,81.2,102.88,526.54,907.17,823.69,814.29
7922,2023-02-24T00:25:59.610000,7463839419,469.68,175.9,78.76,100.01,525.2,904.05,820.38,812.68
7923,2023-02-24T00:25:59.615000,7463839420,474.28,181.53,83.5,105.39,531.82,909.55,826.41,816.62
7924,2023-02-24T00:25:59.620000,7463839421,473.66,181.87,83.91,105.24,531.94,909.76,826.06,816.91
7925,2023-02-24T00:25:59.625000,7463839422,471.68,178.53,80.77,102.32,527.79,905.87,821.74,813.78
7926,2023-02-24T00:25:59.630000,7463839423,469.18,176.1,78.68,99.9,525.18,904.27,820.14,811.64
7927,2023-02-24T00:25:59.635000,7463839424,474.6,181.59,84.12,105.43,530.14,911.21,827.82,816.34
7928,2023-02-24T00:25:59.640000,7463839425,474.61,180.96,85,105.5,530.58,912.4,827.66,816.73
7929,2023-02-24T00:25:59.645000,7463839426,470.43,177.42,80.43,102.83,527.69,908.18,822.39,813.45
7930,2023-02-24T00:25:59.650000,7463839427,469.26,175.62,79.17,100.68,525.29,905.11,820.44,812.63
7931,2023-02-24T00:25:59.655000,7463839428,474.26,181.04,84.61,104.89,531.01,911.09,827.08,816.24
7932,2023-02-24T00:25:59.660000,7463839429,474.11,181.71,84.4,105.21,530.74,910.77,827.15,816.45
7933,2023-02-24T00:25:59.665000,7463839430,471.09,177.73,80.63,101.74,527.51,905.88,822.06,815.26
7934,2023-02-24T00:25:59.670000,7463839431,470.33,175.79,79.97,100.22,526.14,904.16,821.53,814.09
7935,2023-02-24T00:25:59.675000,7463839432,474.35,180.7,83.79,105.15,530.68,911.91,828.34,817.47
7936,2023-02-24T00:25:59.680000,7463839433,473.51,180.43,83.28,105.09,529.78,911.01,828.03,817.37
7937,2023-02-24T00:25:59.685000,7463839434,470.76,177.24,81.18,102.66,526.42,906.18,822.82,815.11
7938,2023-02-24T00:25:59.690000,7463839435,470.47,177.33,80.95,102.06,526.82,905.69,822.1,815.52
7939,2023-02-24T00:25:59.695000,7463839436,475.06,180.75,83.98,105.33,531.18,910.24,827.67,816.68
7940,2023-02-24T00:25:59.700000,7463839437,474.29,180.2,83.26,103.84,530.67,908.82,826.92,815.48
7941,2023-02-24T00:25:59.705000,7463839438,472.09,178.7,81.91,102.72,528.5,906.81,823.49,815.23
7942,2023-02-24T00:25:59.710000,7463839439,473.16,177.99,82.24,103.46,527.03,907.38,824.06,815.14
7943,2023-02-24T00:25:59.715000,7463839440,473.74,179.59,83.05,103.55,527.84,910.66,827.03,816.46
7944,2023-02-24T00:25:59.720000,7463839441,472.62,179.11,82.36,104.1,527.38,909.39,826.19,816.37
7945,2023-02-24T00:25:59.725000,7463839442,472.12,178.92,82.38,104.19,527.45,908.3,824.12,816.23
7946,2023-02-24T00:25:59.730000,7463839443,472.48,178.82,82.83,103.92,528.42,907.31,825.24,816.6
7947,2023-02-24T00:25:59.735000,7463839444,472.9,178.52,82.29,103.28,529.87,906.49,825.52,815.52
7948,2023-02-24T00:25:59.740000,7463839445,473.13,178.65,81.56,103.26,529.1,905.96,825.33,816.24
7949,2023-02-24T00:25:59.745000,7463839446,473.18,179.91,82.66,103.83,529.19,908.24,825.26,817.27
7950,2023-02-24T00:25:59.750000,7463839447,473.64,179.76,83.38,104.48,528.51,909.84,826.08,816.69
7951,2023-02-24T00:25:59.755000,7463839448,472.22,178.16,81.65,102.95,526.71,909.89,825.95,815.01
7952,2023-02-24T00:25:59.760000,7463839449,472.92,179.01,81.78,102.93,526.07,909.61,826.51,816.05
7953,2023-02-24T00:25:59.765000,7463839450,473.97,179.58,83.72,104.66,528.99,910.75,826.49,817.71
7954,2023-02-24T00:25:59.770000,7463839451,475.25,179.5,84.08,105.12,531.16,909.52,827.85,817.89
7955,2023-02-24T00:25:59.775000,7463839452,472.96,177.8,81.32,102.54,529.56,906.39,824.47,815.79
7956,2023-02-24T00:25:59.780000,7463839453,472.82,178.47,81.76,102.45,529.31,906.63,824.96,815.86
7957,2023-02-24T00:25:59.785000,7463839454,474.75,179.84,83.74,105.11,531.12,909.23,827.48,818.19
7958,2023-02-24T00:25:59.790000,7463839455,474.45,180.15,84.08,105.35,530.17,911.46,828.68,818.56
7959,2023-02-24T00:25:59.795000,7463839456,471.91,177.81,81.29,102.53,526.05,908.77,825.99,815.53
7960,2023-02-24T00:25:59.800000,7463839457,472.42,178.85,82.91,103.78,526.73,909.35,826.57,817.83
7961,2023-02-24T00:25:59.805000,7463839458,474.69,180.75,84.26,106.23,529.46,910.95,829.38,818.92
7962,2023-02-24T00:25:59.810000,7463839459,474.7,180.07,84.29,104.98,529.93,909.21,828.92,818.41
7963,2023-02-24T00:25:59.815000,7463839460,471.77,176.93,81.1,101.89,528.17,904.99,824.29,816.36
7964,2023-02-24T00:25:59.820000,7463839461,473.1,178.43,82.44,102.56,528.58,906.36,825.44,817.46
7965,2023-02-24T00:25:59.825000,7463839462,474.84,180.3,84.37,104.89,529.98,909.79,828.35,818.03
7966,2023-02-24T00:25:59.830000,7463839463,474.03,179.73,84.28,105.26,528.35,910.35,827.86,817.13
7967,2023-02-24T00:25:59.835000,7463839464,471.67,176.85,81.46,102.12,525.16,907.62,824.26,814.92
7968,2023-02-24T00:25:59.840000,7463839465,472.86,177.98,82.63,102.83,527.91,908.2,826.59,816.6
7969,2023-02-24T00:25:59.845000,7463839466,475.61,180.16,83.96,105.62,530.34,909.47,828.32,818.23
7970,2023-02-24T00:25:59.850000,7463839467,474.25,179.55,83.59,104.94,529.41,908.43,827.05,817.47
7971,2023-02-24T00:25:59.855000,7463839468,471.75,177.29,80.98,102.44,527.72,906.15,824.06,815.72
7972,2023-02-24T00:25:59.860000,7463839469,473.34,178.21,83.09,103.21,528.52,908.57,826.02,816.86
7973,2023-02-24T00:25:59.865000,7463839470,473.95,180.24,84.21,105.38,529.35,911.64,828.91,817.99
7974,2023-02-24T00:25:59.870000,7463839471,473,180.4,82.52,104.27,528.3,911.24,828.34,816.94
7975,2023-02-24T00:25:59.875000,7463839472,471.35,177.59,81.02,102.46,526.64,907.7,824.81,816.54
7976,2023-02-24T00:25:59.880000,7463839473,473.26,178.45,82.35,103.48,528.99,907.72,825.64,817.33
7977,2023-02-24T00:25:59.885000,7463839474,474.34,180.19,83.8,105.62,531.55,910.72,828.12,818.29
7978,2023-02-24T00:25:59.890000,7463839475,474.37,179.78,83.35,104.5,530.62,909.65,827.02,817.36
7979,2023-02-24T00:25:59.895000,7463839476,472.33,178.24,81.65,102.64,528.27,907.01,824.01,815.68
7980,2023-02-24T00:25:59.900000,7463839477,472.49,178.28,82.16,103.59,528.33,909.08,824.84,815.87
7981,2023-02-24T00:25:59.905000,7463839478,473.9,180.13,83.31,104.48,530.53,911.6,827.45,816.48
7982,2023-02-24T00:25:59.910000,7463839479,474.2,179.78,82.41,104.04,529.83,910.74,826.2,816.28
7983,2023-02-24T00:25:59.915000,7463839480,473.18,178.65,81.74,103.01,528.25,908.31,824.81,815.43
7984,2023-02-24T00:25:59.920000,7463839481,473.12,178.23,82.06,103.26,529.13,908.24,824.89,815.9
7985,2023-02-24T00:25:59.925000,7463839482,474.34,180.22,83.52,105.14,529.63,909.83,827.41,817.86
7986,2023-02-24T00:25:59.930000,7463839483,473.3,179.46,82.81,103.88,529.85,909.15,827.34,817.28
7987,2023-02-24T00:25:59.935000,7463839484,471.73,178.87,82.29,103.29,528.23,908.45,825.43,817.2
7988,2023-02-24T00:25:59.940000,7463839485,472.87,178.98,81.85,104.07,528.2,908.46,826.49,816.82
7989,2023-02-24T00:25:59.945000,7463839486,474.1,179.35,83.03,104.59,528.26,909.16,828.08,817.61
7990,2023-02-24T00:25:59.950000,7463839487,473.36,179.36,82.51,103.53,527.42,908.71,826.92,816.53
7991,2023-02-24T00:25:59.955000,7463839488,473.41,178.6,82.36,102.39,527.17,908.31,825.67,816.71
7992,2023-02-24T00:25:59.960000,7463839489,473.12,178.45,82.75,104.07,528,907.85,825.9,817.13
7993,2023-02-24T00:25:59.965000,7463839490,473.38,178.32,82.64,103.38,528.05,907.33,825.62,817.15
7994,2023-02-24T00:25:59.970000,7463839491,472.2,177.72,81.49,102.74,526.84,906.58,824.56,815.81
7995,2023-02-24T00:25:59.975000,7463839492,472.89,180.24,82.71,103.65,528.44,908.74,826,815.88
7996,2023-02-24T00:25:59.980000,7463839493,473.32,179.58,82.72,104.61,529.15,909.45,826.52,816.17
7997,2023-02-24T00:25:59.985000,7463839494,473.06,178.72,82.29,104.06,528.79,908.51,825.29,815.7
7998,2023-02-24T00:25:59.990000,7463839495,471.55,177.88,81.25,102.21,526.28,905.72,823.01,814.94
7999,2023-02-24T00:25:59.995000,7463839496,473.8,179.58,82.9,103.97,528.43,909.15,825.91,815.67
8000,2023-02-24T00:26:00,7463839497,474.18,179.13,83.22,104.34,529.78,909.85,827.04,816.71
8001,2023-02-24T00:26:00.005000,7463839498,472.62,177.27,81.92,102.24,528.18,907.36,823.88,815.8
8002,2023-02-24T00:26:00.010000,7463839499,470.89,175.6,80.13,101.53,525.85,904.78,821.16,814.27
8003,2023-02-24T00:26:00.015000,7463839500,472.84,179.61,82.01,104.51,529.61,909.22,825.17,814.98
8004,2023-02-24T00:26:00.020000,7463839501,474.44,180.33,82.99,104.65,530.36,909.98,826.5,815.47
8005,2023-02-24T00:26:00.025000,7463839502,472.91,178.67,81.98,102.55,528.46,906.79,823.66,814.61
8006,2023-02-24T00:26:00.030000,7463839503,470.57,176.82,80.41,101.36,526.43,904.03,820.82,813.46
8007,2023-02-24T00:26:00.035000,7463839504,473.5,179.67,82.57,103.49,529.31,908.43,824.89,815.76
8008,2023-02-24T00:26:00.040000,7463839505,474.44,179.47,83.49,104.36,529.94,909.51,826.22,816.53
8009,2023-02-24T00:26:00.045000,7463839506,472.32,178.21,82.64,102.74,527.72,907.7,823.94,814.71
8010,2023-02-24T00:26:00.050000,7463839507,470.82,177.12,81.32,102.05,525.38,905.84,821.14,813.66
8011,2023-02-24T00:26:00.055000,7463839508,472.63,178.91,82.27,103.81,528.6,908.78,824.77,815.12
8012,2023-02-24T00:26:00.060000,7463839509,474.83,179.18,83.47,103.87,529.01,909.82,825.62,815.39
8013,2023-02-24T00:26:00.065000,7463839510,472.61,178.39,82.84,102.78,527.75,906.93,822.94,814.97
8014,2023-02-24T00:26:00.070000,7463839511,472.4,178.05,82.56,103.09,528.41,905.61,822.21,814.34
8015,2023-02-24T00:26:00.075000,7463839512,472.06,178.88,82.7,103.6,529.13,907.17,824.42,815.09
8016,2023-02-24T00:26:00.080000,7463839513,473.41,179.43,83.32,103.57,529.57,908.26,824.93,815.02
8017,2023-02-24T00:26:00.085000,7463839514,472.89,179.26,82.61,104.34,529.05,907.46,824.85,815.56
8018,2023-02-24T00:26:00.090000,7463839515,473.4,179.61,83.72,104.01,528.01,908.35,824.53,815.82
8019,2023-02-24T00:26:00.095000,7463839516,471.42,178.16,81.16,102.74,526.35,907.33,823.49,813.74
8020,2023-02-24T00:26:00.100000,7463839517,472.33,178.21,81.63,102.78,526.92,907.48,824.3,814.11
8021,2023-02-24T00:26:00.105000,7463839518,474.9,180.14,83.56,103.54,529.13,909.05,825.67,816.56
8022,2023-02-24T00:26:00.110000,7463839519,476.2,181.73,86.13,106.35,531.99,910.57,827.91,818.28
8023,2023-02-24T00:26:00.115000,7463839520,471.53,177,80.86,102.29,526.72,904.29,821.99,814.19
8024,2023-02-24T00:26:00.120000,7463839521,473.02,177.51,81.52,102.84,527.68,905.6,823.79,814.32
8025,2023-02-24T00:26:00.125000,7463839522,474.91,180.44,84.82,105.15,530.65,911.16,827.06,816.37
8026,2023-02-24T00:26:00.130000,7463839523,476.98,182.27,86.62,107.74,533.31,913.87,830.06,818.71
8027,2023-02-24T00:26:00.135000,7463839524,470.73,175.93,80.3,101.04,525.42,904.39,821.9,812.95
8028,2023-02-24T00:26:00.140000,7463839525,472.09,177.11,81.15,101.32,527.01,905.3,822.85,814.77
8029,2023-02-24T00:26:00.145000,7463839526,477.15,180.7,84.68,105.73,531.32,911.08,828.55,818.09
8030,2023-02-24T00:26:00.150000,7463839527,478,182.76,86.43,107.94,533.24,912.44,830.37,819.94
8031,2023-02-24T00:26:00.155000,7463839528,470.99,175.98,80.03,100.58,524.89,904.28,821.53,814.58
8032,2023-02-24T00:26:00.160000,7463839529,471.16,176.65,81.01,102.06,526.42,905.78,822.27,814.14
8033,2023-02-24T00:26:00.165000,7463839530,474.99,181.12,84.65,106.02,530.33,912.1,828.18,817.5
8034,2023-02-24T00:26:00.170000,7463839531,477.19,182.58,86.24,107.74,533.05,913.19,830.22,817.78
8035,2023-02-24T00:26:00.175000,7463839532,470.83,176.89,80.63,102.03,525.52,904.52,821.28,812.92
8036,2023-02-24T00:26:00.180000,7463839533,472.38,177.18,81.54,101.97,527.15,905.3,822.06,813.82
8037,2023-02-24T00:26:00.185000,7463839534,476.38,181.27,84.73,105.59,531.39,911.53,828.02,816.91
8038,2023-02-24T00:26:00.190000,7463839535,476.77,181.43,85.16,106.28,532.12,911.9,828.83,817.18
8039,2023-02-24T00:26:00.195000,7463839536,470.41,176.33,80.7,101.62,526.17,904.86,821.19,814.43
8040,2023-02-24T00:26:00.200000,7463839537,471.94,178.22,82.26,103.08,527.82,905.67,822.73,815.15
8041,2023-02-24T00:26:00.205000,7463839538,474.71,180.58,84.53,105.22,530.22,910.05,827.79,817.21
8042,2023-02-24T00:26:00.210000,7463839539,475.14,180.34,84.68,105.27,530.43,911,827.62,817.77
8043,2023-02-24T00:26:00.215000,7463839540,472.82,177.81,81.79,102.31,526.7,906.1,822.6,815.42
8044,2023-02-24T00:26:00.220000,7463839541,473.52,178.41,82.18,103.09,527.1,907.31,824.11,815.54
8045,2023-02-24T00:26:00.225000,7463839542,474.83,179.74,82.94,104.58,528.83,909.78,827.24,816.49
8046,2023-02-24T00:26:00.230000,7463839543,473.73,179.72,82.52,103.8,528.25,908.37,825.26,815.28
8047,2023-02-24T00:26:00.235000,7463839544,473.36,177.8,82.48,103.79,527.29,906.98,823.68,814.92
8048,2023-02-24T00:26:00.240000,7463839545,473.65,178.56,83.06,103.5,528.29,907.48,824.16,813.7
8049,2023-02-24T00:26:00.245000,7463839546,473.38,178.89,83.02,103.64,529.11,908.1,823.78,813.96
8050,2023-02-24T00:26:00.250000,7463839547,473.31,178.94,81.95,102.35,528.71,907.14,822.22,813.42
8051,2023-02-24T00:26:00.255000,7463839548,473.6,179.18,83.25,103.59,529.46,907.72,822.77,813.64
8052,2023-02-24T00:26:00.260000,7463839549,473.6,179.1,82.76,104.02,529.27,907.75,823.61,814.21
8053,2023-02-24T00:26:00.265000,7463839550,472.56,178.54,81.62,102.7,528.5,907.52,822.7,813.72
8054,2023-02-24T00:26:00.270000,7463839551,471.88,178.46,81.75,102.44,527.77,906.62,823.17,813.9
8055,2023-02-24T00:26:00.275000,7463839552,473.73,179.93,83.51,105.08,529.33,909.12,825.33,816.78
8056,2023-02-24T00:26:00.280000,7463839553,473.62,179.27,82.8,104.96,528.48,908.2,825.18,815.51
8057,2023-02-24T00:26:00.285000,7463839554,471.71,179.04,81.44,102.19,526.77,906.39,823.94,813.83
8058,2023-02-24T00:26:00.290000,7463839555,472.33,178.74,81.45,103.06,527.39,906.27,822.47,814.23
8059,2023-02-24T00:26:00.295000,7463839556,474.97,181.06,83.83,105.62,530.88,908.93,826.21,816.95
8060,2023-02-24T00:26:00.300000,7463839557,473.7,178.96,83.28,104.59,528.78,908.4,824.84,815.43
8061,2023-02-24T00:26:00.305000,7463839558,471.76,176.87,81.07,101.38,526.59,906.05,822.37,813.54
8062,2023-02-24T00:26:00.310000,7463839559,472.03,177.75,81.49,101.99,526.94,906.16,822.71,814.21
8063,2023-02-24T00:26:00.315000,7463839560,476.31,180.27,84.62,105.64,530.15,909.82,825.75,816.51
8064,2023-02-24T00:26:00.320000,7463839561,475.19,178.56,83.27,103.59,528.63,907.64,823.97,815.22
8065,2023-02-24T00:26:00.325000,7463839562,472.59,176.59,80.37,100.77,526.93,904.74,821.59,812.51
8066,2023-02-24T00:26:00.330000,7463839563,473.42,178.32,81.78,102.29,526.85,906.6,822.96,814.01
8067,2023-02-24T00:26:00.335000,7463839564,475.38,179.81,84.59,105.25,530.06,909.43,825.86,816.88
8068,2023-02-24T00:26:00.340000,7463839565,473.55,178.67,83.07,103.39,528.21,907.19,823.64,815.29
8069,2023-02-24T00:26:00.345000,7463839566,471.84,177.31,80.96,102.05,527.56,905.39,821.69,814.35
8070,2023-02-24T00:26:00.350000,7463839567,472.31,178.92,81.9,102.88,527.95,907.5,823.31,814.67
8071,2023-02-24T00:26:00.355000,7463839568,474.4,180.71,84.04,104.84,529.62,910.27,825.37,816.1
8072,2023-02-24T00:26:00.360000,7463839569,473.63,179.2,82.73,103.48,528.7,908.07,823.46,814.65
8073,2023-02-24T00:26:00.365000,7463839570,471.36,177.67,81.64,102.68,526.1,905.97,821.33,813.28
8074,2023-02-24T00:26:00.370000,7463839571,472.12,177.86,82.22,102.47,527.48,906.82,822.42,813.58
8075,2023-02-24T00:26:00.375000,7463839572,474.41,179.84,83.92,104.07,530.05,908.65,824.92,815.52
8076,2023-02-24T00:26:00.380000,7463839573,473.42,179.01,82.96,103.65,529.26,906.94,823.76,813.48
8077,2023-02-24T00:26:00.385000,7463839574,471.36,177.76,81.09,101.42,527.3,903.91,820.68,812.36
8078,2023-02-24T00:26:00.390000,7463839575,472.17,178.69,82.35,102.79,528.8,906.31,821.4,813.09
8079,2023-02-24T00:26:00.395000,7463839576,474.2,180.7,83.79,104.64,528.86,908.73,824.2,814.87
8080,2023-02-24T00:26:00.400000,7463839577,473.21,179.96,83.71,103.06,526.98,907.67,823.06,814.35
8081,2023-02-24T00:26:00.405000,7463839578,472.51,178.14,81.82,101.87,525.41,906.55,821.81,812.95
8082,2023-02-24T00:26:00.410000,7463839579,472.48,178.25,82.41,103.02,527.44,906.56,822.82,814.02
8083,2023-02-24T00:26:00.415000,7463839580,473.54,179.35,83.28,104.49,529.16,908.05,824.3,814.88
8084,2023-02-24T00:26:00.420000,7463839581,473.61,179.24,83.21,103.99,529.36,906.91,823.94,814.75
8085,2023-02-24T00:26:00.425000,7463839582,473.31,177.72,82.23,102.55,527.39,904.21,822.29,813.68
8086,2023-02-24T00:26:00.430000,7463839583,472.96,177.9,82.98,102.87,527.94,905.75,823.11,814.26
8087,2023-02-24T00:26:00.435000,7463839584,474.29,179,82.99,102.93,528.9,906.7,824.93,815.09
8088,2023-02-24T00:26:00.440000,7463839585,474.43,178.48,82.96,103.14,527.37,906.69,825.36,814.99
8089,2023-02-24T00:26:00.445000,7463839586,473.05,177.53,82.3,102.81,526.04,906.26,822.7,814.72
8090,2023-02-24T00:26:00.450000,7463839587,473.46,177.49,82.71,103.08,527.04,906.99,824.14,815.47
8091,2023-02-24T00:26:00.455000,7463839588,473.86,179.13,82.7,103.85,528.56,907.83,824.92,815.29
8092,2023-02-24T00:26:00.460000,7463839589,474.25,179.59,83.35,103.74,528.03,907.42,824.59,815.08
8093,2023-02-24T00:26:00.465000,7463839590,473.15,178.62,81.53,103.03,528.11,906.53,823.54,814.19
8094,2023-02-24T00:26:00.470000,7463839591,474.1,179.05,83.21,104.07,529.75,907.79,824.92,815.06
8095,2023-02-24T00:26:00.475000,7463839592,473.77,178.24,83.79,104.17,528.91,907.22,822.98,815.84
8096,2023-02-24T00:26:00.480000,7463839593,473.76,177.89,83.29,103.43,528.05,907.43,823.58,815.03
8097,2023-02-24T00:26:00.485000,7463839594,473.93,177.69,82.55,103.57,528.13,907.71,824.57,814.65
8098,2023-02-24T00:26:00.490000,7463839595,474.53,179.58,83.25,104.73,529.41,909.39,825.77,816.26
8099,2023-02-24T00:26:00.495000,7463839596,473.12,178.31,82.26,103.03,527.62,907.24,824.6,815.09
8100,2023-02-24T00:26:00.500000,7463839597,473.41,178.87,81.64,103.22,527.82,906.07,824.17,815.42
8101,2023-02-24T00:26:00.505000,7463839598,473.75,179.26,82.59,104.34,528.82,906.83,824.74,815.42
8102,2023-02-24T00:26:00.510000,7463839599,475.31,180.57,84.76,104.84,530.34,908.09,826.67,816.62
8103,2023-02-24T00:26:00.515000,7463839600,473.59,177.31,82.58,102.58,527.22,905.77,824.16,815.66
8104,2023-02-24T00:26:00.520000,7463839601,473.23,177.43,82.44,102.62,526.45,905.94,824.1,815.59
8105,2023-02-24T00:26:00.525000,7463839602,474.03,177.81,83.09,104.14,527.36,908.01,826.48,816.05
8106,2023-02-24T00:26:00.530000,7463839603,475.37,180.02,85.54,105.76,529.16,910.18,829.06,817.29
8107,2023-02-24T00:26:00.535000,7463839604,473.69,178.1,83.07,103.25,526.63,907.12,825.19,815.91
8108,2023-02-24T00:26:00.540000,7463839605,473.94,177.31,82.46,102.97,527.09,906.25,823.85,815.71
8109,2023-02-24T00:26:00.545000,7463839606,475.29,179.2,84.06,104.6,528.99,908.18,825.6,817.5
8110,2023-02-24T00:26:00.550000,7463839607,476.87,180.29,85.45,105.82,531.53,909.82,828.37,817.86
8111,2023-02-24T00:26:00.555000,7463839608,473.5,177.4,82.6,103.27,527.8,906.2,824.05,815.97
8112,2023-02-24T00:26:00.560000,7463839609,472.87,176.33,81.82,102.41,527.34,906.09,823.23,815.37
8113,2023-02-24T00:26:00.565000,7463839610,474.57,178.49,83.31,104.54,528.3,909.38,826.74,815.81
8114,2023-02-24T00:26:00.570000,7463839611,475.83,179.97,83.99,105.15,529.77,910.81,828.29,816.73
8115,2023-02-24T00:26:00.575000,7463839612,473.52,178.01,82.83,103.07,527,907.33,823.36,816.4
8116,2023-02-24T00:26:00.580000,7463839613,473.3,177.42,82.37,102.89,527.36,905.96,822.32,814.96
8117,2023-02-24T00:26:00.585000,7463839614,475.35,179.02,83.53,103.99,529.5,906.72,824.92,815.72
8118,2023-02-24T00:26:00.590000,7463839615,474.78,179.17,83.55,104.02,529.83,908.15,826.3,815.49
8119,2023-02-24T00:26:00.595000,7463839616,474.06,178.96,82.8,104.18,528.57,906.93,824.17,815.03
8120,2023-02-24T00:26:00.600000,7463839617,473.71,177.96,82.71,103.73,527.55,907.53,823.91,815.05
8121,2023-02-24T00:26:00.605000,7463839618,473.23,177.74,82.76,103.2,526.72,908.34,824.05,814.89
8122,2023-02-24T00:26:00.610000,7463839619,473.18,178.32,81.82,102.53,526.54,907.65,824.64,814.21
8123,2023-02-24T00:26:00.615000,7463839620,475.06,179.77,83.88,104.73,529.13,908.49,825.15,816.08
8124,2023-02-24T00:26:00.620000,7463839621,474.9,178.59,83.54,104.4,528.14,906.99,824.04,815.68
8125,2023-02-24T00:26:00.625000,7463839622,473.17,177.15,81.64,102.19,526.76,905.17,823.22,813.86
8126,2023-02-24T00:26:00.630000,7463839623,472.96,176.24,80.35,101.63,526.7,904.24,822.95,813.85
8127,2023-02-24T00:26:00.635000,7463839624,476.55,180.03,84.8,105.6,530.68,909.03,826.75,816.74
8128,2023-02-24T00:26:00.640000,7463839625,475.15,179.1,84.34,105.42,528.78,909.41,825.96,816.32
8129,2023-02-24T00:26:00.645000,7463839626,471.31,175.97,79.97,101.61,524.09,904.4,820.63,813.35
8130,2023-02-24T00:26:00.650000,7463839627,470.91,174.48,79.18,99.92,523.42,903.52,819.48,812.37
8131,2023-02-24T00:26:00.655000,7463839628,477.76,181.73,86.49,106.97,531.68,912.61,829.5,818.01
8132,2023-02-24T00:26:00.660000,7463839629,476.7,180.61,84.57,104.9,530.09,909.47,826.32,816.01
8133,2023-02-24T00:26:00.665000,7463839630,471.09,175.68,79.79,100.17,525.05,902.32,819.78,813.2
8134,2023-02-24T00:26:00.670000,7463839631,470.03,174.86,79.23,99.81,524.7,902.17,819.46,812.68
8135,2023-02-24T00:26:00.675000,7463839632,477.98,181.66,86.29,107.64,532.89,912.66,830.2,818.23
8136,2023-02-24T00:26:00.680000,7463839633,476.35,180.1,84.32,105.9,529.34,910.3,827.54,816.57
8137,2023-02-24T00:26:00.685000,7463839634,470.47,174.58,80.17,100.47,523.62,903.02,820.13,812.94
8138,2023-02-24T00:26:00.690000,7463839635,469.92,175.05,79.14,99.85,523.57,902.32,819.48,813.05
8139,2023-02-24T00:26:00.695000,7463839636,478.75,181.69,86.33,107.08,531.53,913.21,830.43,818.54
8140,2023-02-24T00:26:00.700000,7463839637,476.14,179.79,84.93,104.4,528.9,909.43,827.13,816.6
8141,2023-02-24T00:26:00.705000,7463839638,470.28,174.34,79.27,100.26,523.87,901.43,818.98,813.12
8142,2023-02-24T00:26:00.710000,7463839639,471.57,175.34,80.28,100.92,524.19,902.27,820.64,813.06
8143,2023-02-24T00:26:00.715000,7463839640,477.42,180.5,85.33,106.28,530.65,911.26,829.28,816.66
8144,2023-02-24T00:26:00.720000,7463839641,476.05,178.64,83.92,104.81,528.91,909.08,826.45,815.45
8145,2023-02-24T00:26:00.725000,7463839642,471.78,175.57,80.53,101.08,524.52,902.89,820.1,812.88
8146,2023-02-24T00:26:00.730000,7463839643,472.24,176.32,81.09,101.38,525.79,903.9,820.73,813.68
8147,2023-02-24T00:26:00.735000,7463839644,476.84,179.79,83.86,104.35,529.32,909.22,826.44,816.97
8148,2023-02-24T00:26:00.740000,7463839645,474.87,178.21,83.27,103.53,527.42,907.4,824.3,815.09
8149,2023-02-24T00:26:00.745000,7463839646,472.9,176.09,81.73,102.44,525.29,905.61,821,813.86
8150,2023-02-24T00:26:00.750000,7463839647,473.82,178.31,83.05,103.8,527.48,907.06,822.65,814.42
8151,2023-02-24T00:26:00.755000,7463839648,474.42,178.42,82.31,103.1,528.1,907.72,824.7,814.25
8152,2023-02-24T00:26:00.760000,7463839649,474.06,178.54,81.78,102.94,527.11,906.53,823.07,813.89
8153,2023-02-24T00:26:00.765000,7463839650,473.75,178.69,82.78,103.22,528.26,906.18,822.33,814.32
8154,2023-02-24T00:26:00.770000,7463839651,474.08,179.64,83.73,104.07,529.11,907.6,823.77,814.53
8155,2023-02-24T00:26:00.775000,7463839652,472.94,177.33,81.35,101.91,527.18,906.01,821.77,813.3
8156,2023-02-24T00:26:00.780000,7463839653,473.04,178.42,81.76,103.39,527.25,905.81,821.55,814.07
8157,2023-02-24T00:26:00.785000,7463839654,473.49,179.25,83.61,104.36,529.41,908.26,822.93,814.72
8158,2023-02-24T00:26:00.790000,7463839655,474.97,179.28,83.19,104.55,529.08,909.16,824.06,815.02
8159,2023-02-24T00:26:00.795000,7463839656,471.59,176.5,80.8,100.85,526.69,905.4,821.15,812.35
8160,2023-02-24T00:26:00.800000,7463839657,473.54,178.6,83.09,102.9,527.85,907.02,822.41,813.97
8161,2023-02-24T00:26:00.805000,7463839658,474.96,180.03,85.27,105.15,529.82,908.33,824.52,815.7
8162,2023-02-24T00:26:00.810000,7463839659,474.5,178.84,83.67,104.12,528.76,907.61,824.46,815.31
8163,2023-02-24T00:26:00.815000,7463839660,472.67,175.97,79.94,101.59,525.75,904.1,820.65,812.73
8164,2023-02-24T00:26:00.820000,7463839661,473.59,178.01,82.26,102.72,526.8,905.98,822.79,814.25
8165,2023-02-24T00:26:00.825000,7463839662,475.99,180.31,84.42,105.1,529.34,908.87,825.58,815.77
8166,2023-02-24T00:26:00.830000,7463839663,475.08,179.1,83.76,103.59,527.43,907.97,824.39,815.44
8167,2023-02-24T00:26:00.835000,7463839664,472.37,176.13,80.24,100.95,524.29,903.76,820.3,812.62
8168,2023-02-24T00:26:00.840000,7463839665,474.15,177.69,82.92,102.32,527.12,906.57,823.41,815.08
8169,2023-02-24T00:26:00.845000,7463839666,475.98,179.8,84.5,105.82,529.29,909.01,825.85,816.46
8170,2023-02-24T00:26:00.850000,7463839667,474.25,178.48,83.35,103.39,527.88,907.47,824.64,814.83
8171,2023-02-24T00:26:00.855000,7463839668,472.79,176.38,80.62,100.85,526.12,904.38,821.33,812.28
8172,2023-02-24T00:26:00.860000,7463839669,473.94,178.31,82.65,103.58,527.52,906.63,823.05,813.55
8173,2023-02-24T00:26:00.865000,7463839670,475.21,180.08,84.58,105.3,529.28,908.87,825.4,815.85
8174,2023-02-24T00:26:00.870000,7463839671,474.65,178.64,83.65,103.62,527.26,907.66,824.35,815
8175,2023-02-24T00:26:00.875000,7463839672,472.3,176.01,81.41,102.23,525.62,904.27,821.43,813.14
8176,2023-02-24T00:26:00.880000,7463839673,473.44,178.2,82.98,103.2,527.02,906.56,823.68,814.11
8177,2023-02-24T00:26:00.885000,7463839674,475.46,180,84.44,104.76,529.5,909.49,826,816.17
8178,2023-02-24T00:26:00.890000,7463839675,475.45,179.08,83.29,103.77,528.25,907.35,824.25,815.56
8179,2023-02-24T00:26:00.895000,7463839676,473.1,177.16,81.25,101.85,527.01,905,822.26,814.14
8180,2023-02-24T00:26:00.900000,7463839677,472.97,177.53,82.16,102.94,527.27,906.23,823.98,815.01
8181,2023-02-24T00:26:00.905000,7463839678,475.32,179.21,83.97,104.83,529.29,908.65,826.02,816.41
8182,2023-02-24T00:26:00.910000,7463839679,474.89,177.98,83.48,103.49,528.01,906.89,824.67,814.99
8183,2023-02-24T00:26:00.915000,7463839680,473.62,176.85,81.85,102.78,526.32,905.84,822.77,814.53
8184,2023-02-24T00:26:00.920000,7463839681,473.99,176.9,82.71,103.63,527.28,906.29,823.86,814.76
8185,2023-02-24T00:26:00.925000,7463839682,475.67,178.96,83.95,104.33,528.6,907.8,825.89,816.4
8186,2023-02-24T00:26:00.930000,7463839683,475.58,177.68,82.7,102.67,527.66,906.36,824.82,815.39
8187,2023-02-24T00:26:00.935000,7463839684,474.03,177.1,83,102.82,527.46,905.74,823.96,815.07
8188,2023-02-24T00:26:00.940000,7463839685,474.48,176.87,82.8,103.08,527.64,906.04,823.73,815.25
8189,2023-02-24T00:26:00.945000,7463839686,475.42,178.99,84.42,104.71,528.78,908.75,825.99,816.53
8190,2023-02-24T00:26:00.950000,7463839687,474.43,177.8,82.82,103.42,527.46,907.6,824.06,815.25
8191,2023-02-24T00:26:00.955000,7463839688,473.97,177.58,81.78,102.89,526.9,906.73,823.13,814.67
8192,2023-02-24T00:26:00.960000,7463839689,474.14,177.68,82.33,103.22,527.41,906.27,823.53,814.26
8193,2023-02-24T00:26:00.965000,7463839690,474.97,178.83,83.7,104.35,529.17,907.13,824.46,815.12
8194,2023-02-24T00:26:00.970000,7463839691,474.1,177.58,82.8,103.06,527.75,905.82,823.19,814.9
8195,2023-02-24T00:26:00.975000,7463839692,473.85,177.66,82.7,102.86,527.51,906.51,822.83,813.71
8196,2023-02-24T00:26:00.980000,7463839693,473.79,178.09,83.18,103.08,528.33,906.95,823.12,813.98
8197,2023-02-24T00:26:00.985000,7463839694,474.47,178.3,83.03,103.8,528.24,907.1,823.25,814.19
8198,2023-02-24T00:26:00.990000,7463839695,473.87,176.8,82.28,102.51,526.25,906.15,821.86,813.04
8199,2023-02-24T00:26:00.995000,7463839696,475.27,178.35,83.06,103.17,527.01,906.37,822.19,813.98
8200,2023-02-24T00:26:01,7463839697,474.34,178.07,83.58,103.32,527.73,906.67,822.58,813.36
8201,2023-02-24T00:26:01.005000,7463839698,473.74,177.32,82.56,102.68,527.66,905.88,821.54,812.86
8202,2023-02-24T00:26:01.010000,7463839699,472.3,177.42,81.7,102.39,527.38,903.32,819.95,811.92
8203,2023-02-24T00:26:01.015000,7463839700,474.47,178.59,83.07,102.7,529.12,905.83,821.91,813.33
8204,2023-02-24T00:26:01.020000,7463839701,474.52,178.93,83.56,104.27,528.66,906.78,822.15,813.18
8205,2023-02-24T00:26:01.025000,7463839702,474.39,177.08,82.25,102.74,525.8,905.85,821.64,812.81
8206,2023-02-24T00:26:01.030000,7463839703,473.05,175.67,81.18,101.99,523.9,904.29,819.22,812.42
8207,2023-02-24T00:26:01.035000,7463839704,475.02,178.94,83.06,103.59,525.97,907.91,823.32,814.28
8208,2023-02-24T00:26:01.040000,7463839705,474.35,179.02,83.85,103.63,527.43,907.51,823.58,814.84
8209,2023-02-24T00:26:01.045000,7463839706,472.81,177.78,81.43,102.36,526.83,904.46,821.35,813.22
8210,2023-02-24T00:26:01.050000,7463839707,471.53,175.95,80.5,101.21,525.67,902.42,819.34,812.01
8211,2023-02-24T00:26:01.055000,7463839708,474.46,178.61,82.92,103.44,528.97,906.36,822.88,812.75
8212,2023-02-24T00:26:01.060000,7463839709,474.23,179.09,83.9,103.96,529.41,906.61,822.48,813.06
8213,2023-02-24T00:26:01.065000,7463839710,473.14,176.92,82.25,102.32,526.65,904.35,819.8,811.94
8214,2023-02-24T00:26:01.070000,7463839711,472.35,175.85,81.45,101.88,525.04,904.07,818.84,812.29
8215,2023-02-24T00:26:01.075000,7463839712,473.68,177.84,82.58,103.19,526.28,907.8,822.5,813.2
8216,2023-02-24T00:26:01.080000,7463839713,474.59,178.39,83.38,103.69,527.44,908.28,823.79,813.34
8217,2023-02-24T00:26:01.085000,7463839714,473.52,177.35,82.51,102.88,526.31,905.3,822.17,813.67
8218,2023-02-24T00:26:01.090000,7463839715,473.89,176.62,82.83,102.5,526.73,903.36,820.97,813.75
8219,2023-02-24T00:26:01.095000,7463839716,474.21,177.54,82.45,102.78,527.98,904.84,822.64,813.31
8220,2023-02-24T00:26:01.100000,7463839717,475.18,178.56,82.6,103.46,528.34,905.22,823.02,812.8
8221,2023-02-24T00:26:01.105000,7463839718,474.54,177.78,82.56,103.67,527.52,905.85,821.92,813.15
8222,2023-02-24T00:26:01.110000,7463839719,474.95,178.1,83.74,104.12,527.62,907.01,821.52,813.55
8223,2023-02-24T00:26:01.115000,7463839720,473.16,176.55,81.5,101.35,524.39,905.36,820.05,811.33
8224,2023-02-24T00:26:01.120000,7463839721,473.79,177.64,82.59,102.78,526.26,907.09,821.08,812.23
8225,2023-02-24T00:26:01.125000,7463839722,474.76,179.51,83.7,104.21,528.25,907.85,822.95,813.59
8226,2023-02-24T00:26:01.130000,7463839723,476.18,180.15,85.11,104.68,530.96,907.35,823.3,814.91
8227,2023-02-24T00:26:01.135000,7463839724,471.63,176.66,80.45,100.49,527.14,901.13,818.48,810.72
8228,2023-02-24T00:26:01.140000,7463839725,473.43,177.51,81.74,102.14,527.91,904.38,820.2,811.74
8229,2023-02-24T00:26:01.145000,7463839726,476.59,180.2,84.25,105.07,530.25,908.52,823.75,813.32
8230,2023-02-24T00:26:01.150000,7463839727,476.04,180.61,85.85,106.31,529.86,910.75,825.5,814.93
8231,2023-02-24T00:26:01.155000,7463839728,470.52,175.87,80.25,100.44,522.9,903.77,817.58,811.38
8232,2023-02-24T00:26:01.160000,7463839729,472.46,177.65,81.88,102.17,525.15,905.45,819.67,811.57
8233,2023-02-24T00:26:01.165000,7463839730,476.6,180.98,84.78,106.31,530.85,910.06,824.54,814.65
8234,2023-02-24T00:26:01.170000,7463839731,477.14,181.63,85.35,107.15,532.26,909.62,825.85,815.5
8235,2023-02-24T00:26:01.175000,7463839732,471.44,174.85,80.37,100.06,525.42,901.47,817.24,810.79
8236,2023-02-24T00:26:01.180000,7463839733,473.18,177.48,81.63,101.43,526.52,903.26,819.68,811.77
8237,2023-02-24T00:26:01.185000,7463839734,477.46,181.36,85.21,105.67,530.93,910.22,826.29,815.8
8238,2023-02-24T00:26:01.190000,7463839735,476.24,180.47,85.04,105.76,530.36,909.88,825.58,816.43
8239,2023-02-24T00:26:01.195000,7463839736,470.92,174.27,80.42,99.89,522.77,901.65,816.96,812.12
8240,2023-02-24T00:26:01.200000,7463839737,473.23,177.37,81.79,102.85,525.6,905.26,821.27,813.21
8241,2023-02-24T00:26:01.205000,7463839738,476.64,180.39,84.96,105.42,530.95,909.11,826.65,815.23
8242,2023-02-24T00:26:01.210000,7463839739,475.92,179.66,84.67,104.87,530.15,908.04,825.41,814.73
8243,2023-02-24T00:26:01.215000,7463839740,472.1,176.18,81.25,100.75,525.15,901.66,819.29,812.86
8244,2023-02-24T00:26:01.220000,7463839741,474.09,176.82,82.69,102.99,527.26,904.16,821.67,813.27
8245,2023-02-24T00:26:01.225000,7463839742,476.23,179.93,84.09,104.73,529.07,909.25,825.67,814.83
8246,2023-02-24T00:26:01.230000,7463839743,475.55,178.75,84.26,104.71,527.5,908.7,824.83,814.45
8247,2023-02-24T00:26:01.235000,7463839744,473.03,176.31,82.72,103.18,524.74,904.57,820.01,813.14
8248,2023-02-24T00:26:01.240000,7463839745,472.33,177.75,82.55,103.27,525.58,905.68,821.27,813.74
8249,2023-02-24T00:26:01.245000,7463839746,474.67,179.68,84.08,104.08,528.16,908.37,824.43,814.06
8250,2023-02-24T00:26:01.250000,7463839747,474.15,178.83,83.93,103.66,528.08,905.62,823.23,814.25
8251,2023-02-24T00:26:01.255000,7463839748,474.26,177.88,82.86,102.59,527.9,903.58,821.69,813.91
8252,2023-02-24T00:26:01.260000,7463839749,474.26,177.89,82.77,102.44,528.15,904.14,821.28,813.36
8253,2023-02-24T00:26:01.265000,7463839750,474.41,178.57,82.88,102.45,528.29,905.61,822.67,812.78
8254,2023-02-24T00:26:01.270000,7463839751,474.23,177.77,82.69,102.18,526.04,905.59,821.47,812.42
8255,2023-02-24T00:26:01.275000,7463839752,475.07,178.86,84.35,104.75,527.17,907.65,822.55,814.05
8256,2023-02-24T00:26:01.280000,7463839753,474.84,178.05,83.05,103.02,526.23,907.44,822.24,813.73
8257,2023-02-24T00:26:01.285000,7463839754,474.68,176.43,82.09,102.11,525.68,905.22,821.92,813.2
8258,2023-02-24T00:26:01.290000,7463839755,474.35,176.66,82.06,101.7,526.14,903.61,821.11,812.83
8259,2023-02-24T00:26:01.295000,7463839756,476.27,179.18,84.37,104.44,529.21,905.77,823.56,815.63
8260,2023-02-24T00:26:01.300000,7463839757,474.06,177.56,82.93,103.43,528.28,904.38,822.57,814.78
8261,2023-02-24T00:26:01.305000,7463839758,473.36,176.85,81.58,101.28,526.64,903.96,821.81,812.96
8262,2023-02-24T00:26:01.310000,7463839759,472.99,176.87,82.18,102.59,525.17,905.32,821.21,812.58
8263,2023-02-24T00:26:01.315000,7463839760,476.05,179.46,85.08,105.33,527.76,908.5,823.5,814.93
8264,2023-02-24T00:26:01.320000,7463839761,474.35,177.56,83.49,103.76,526.39,905.84,821.68,813.79
8265,2023-02-24T00:26:01.325000,7463839762,473.69,175.77,81.29,101.06,524.47,903.7,820.3,811.81
8266,2023-02-24T00:26:01.330000,7463839763,475.45,176.9,82.04,102.22,526.59,904.12,820.65,812.02
8267,2023-02-24T00:26:01.335000,7463839764,476.64,178.8,84.68,104.54,529.95,907.25,823.36,814.84
8268,2023-02-24T00:26:01.340000,7463839765,474.99,178.37,83.73,103.28,528.88,904.9,821.67,813
8269,2023-02-24T00:26:01.345000,7463839766,472.08,176.4,81.4,101.26,526.01,902.75,819.19,810.94
8270,2023-02-24T00:26:01.350000,7463839767,473.4,177.68,82.43,102.89,526.82,905.12,821.61,812.25
8271,2023-02-24T00:26:01.355000,7463839768,475.93,179.99,84.69,105.51,528.47,908.35,823.51,813.98
8272,2023-02-24T00:26:01.360000,7463839769,474.36,177.6,82.47,103,526.78,906.11,821.46,813.05
8273,2023-02-24T00:26:01.365000,7463839770,472.99,175.51,81.39,100.9,525.05,903.2,819.61,812.17
8274,2023-02-24T00:26:01.370000,7463839771,474.02,178.08,82.94,103.55,526.94,904.82,822.04,813.56
8275,2023-02-24T00:26:01.375000,7463839772,477.34,180.03,85.28,105.03,529.27,908.25,824.62,815.09
8276,2023-02-24T00:26:01.380000,7463839773,473.67,177.27,83.63,102.82,526.67,904.77,821.22,813.93
8277,2023-02-24T00:26:01.385000,7463839774,472.46,175.09,81.21,100.53,524.81,902.97,819.98,811.58
8278,2023-02-24T00:26:01.390000,7463839775,474.41,177.07,83.37,103.41,527.19,906.12,821.96,812.61
8279,2023-02-24T00:26:01.395000,7463839776,476.12,178.89,84.54,105.09,528.1,906.5,823.27,814.21
8280,2023-02-24T00:26:01.400000,7463839777,474.97,177.1,83.52,102.82,527.09,905.37,821.18,813.2
8281,2023-02-24T00:26:01.405000,7463839778,474.37,175.49,82.02,100.68,525.16,902.99,819.29,812.19
8282,2023-02-24T00:26:01.410000,7463839779,475.83,176.42,82.96,102.47,527.55,905.02,822.32,813.45
8283,2023-02-24T00:26:01.415000,7463839780,475.86,177.68,84.02,103.58,529.01,906.7,823.75,814.03
8284,2023-02-24T00:26:01.420000,7463839781,475.16,177.29,82.8,103.35,527.53,906.14,823.43,813.34
8285,2023-02-24T00:26:01.425000,7463839782,472.93,175.41,81.2,102.14,525.53,902.99,820.1,812.59
8286,2023-02-24T00:26:01.430000,7463839783,474.64,177.55,82.51,104.2,527.45,905.98,822.04,813.68
8287,2023-02-24T00:26:01.435000,7463839784,475.49,178.86,84.01,103.75,528.19,907.21,823.71,815.06
8288,2023-02-24T00:26:01.440000,7463839785,474.99,178.54,82.75,103.85,527.67,906.37,822.72,813.81
8289,2023-02-24T00:26:01.445000,7463839786,473.27,176.35,81.3,102.02,525.39,903.82,820.76,812.67
8290,2023-02-24T00:26:01.450000,7463839787,473.94,177.37,82.74,103.29,526.9,906.24,822.38,813.38
8291,2023-02-24T00:26:01.455000,7463839788,475.01,178.26,83.55,103.46,527.94,907.73,823.15,813.97
8292,2023-02-24T00:26:01.460000,7463839789,474.75,178.36,82.9,103.43,528.48,906.34,823.29,813.04
8293,2023-02-24T00:26:01.465000,7463839790,472.68,176.66,81.35,101.82,527.45,904.21,820.81,812.53
8294,2023-02-24T00:26:01.470000,7463839791,474.05,177.37,83.41,103.41,528.99,904.76,822.09,813.58
8295,2023-02-24T00:26:01.475000,7463839792,474.75,178.35,83.08,102.47,527.07,904.73,821.89,813.55
8296,2023-02-24T00:26:01.480000,7463839793,474.86,177.91,83.28,103.31,526.47,905.61,822.73,813.68
8297,2023-02-24T00:26:01.485000,7463839794,473.94,176.86,82.57,102.41,525.38,904.87,822.14,813.49
8298,2023-02-24T00:26:01.490000,7463839795,475.14,177.25,82.69,103.3,526.52,906.39,822.91,813.97
8299,2023-02-24T00:26:01.495000,7463839796,474.11,177.32,82.99,102.7,526.22,905.78,822.17,813.38
8300,2023-02-24T00:26:01.500000,7463839797,474.39,177.03,82.93,102.49,527.2,904.97,822.86,813.56
8301,2023-02-24T00:26:01.505000,7463839798,474.49,177.46,82.86,102.5,527.25,904.46,821.54,813.65
8302,2023-02-24T00:26:01.510000,7463839799,475.1,178.85,83.86,103.92,528,904.95,822.29,814.15
8303,2023-02-24T00:26:01.515000,7463839800,474.16,177.05,82.96,102.96,526.61,903.64,821.07,813.67
8304,2023-02-24T00:26:01.520000,7463839801,474.12,176.35,82.79,102.52,525.32,904.98,821.38,813.99
8305,2023-02-24T00:26:01.525000,7463839802,474.72,177.17,83.12,102.66,525.57,905.99,822.92,813.81
8306,2023-02-24T00:26:01.530000,7463839803,474.98,178.12,83.91,103.33,527.11,908.03,824.57,813.82
8307,2023-02-24T00:26:01.535000,7463839804,472.94,176.81,82.81,103.03,526.34,905.24,821.59,812.95
8308,2023-02-24T00:26:01.540000,7463839805,473.36,176.8,82.04,101.76,526.4,903.93,820.91,812.58
8309,2023-02-24T00:26:01.545000,7463839806,475.23,178.47,83.66,103.97,528.05,905.65,821.94,813.15
8310,2023-02-24T00:26:01.550000,7463839807,475.77,179.03,84.21,104.27,529.05,906.14,823.8,813.32
8311,2023-02-24T00:26:01.555000,7463839808,473.84,176.95,82.63,101.97,526.32,903.27,819.99,813.38
8312,2023-02-24T00:26:01.560000,7463839809,473.21,177.15,81.61,101.58,526.02,903.9,820.5,813.21
8313,2023-02-24T00:26:01.565000,7463839810,474.81,178.16,83.95,103.08,527.7,907.41,822.93,814.26
8314,2023-02-24T00:26:01.570000,7463839811,475.19,177.91,84.1,103.76,528.3,907.41,824.19,814.07
8315,2023-02-24T00:26:01.575000,7463839812,473.8,177.3,83,102.6,526.9,904.7,821.94,813.35
8316,2023-02-24T00:26:01.580000,7463839813,473.59,176.44,82.55,103.03,526.03,903.1,820.89,812.58
8317,2023-02-24T00:26:01.585000,7463839814,475.85,178.29,83.79,103.38,527.71,906.26,822.96,814.19
8318,2023-02-24T00:26:01.590000,7463839815,475.81,178.15,83.88,103.59,527.95,906.21,823.39,814.38
8319,2023-02-24T00:26:01.595000,7463839816,474.55,177.57,82.88,103.14,526.28,906.67,822.45,813.85
8320,2023-02-24T00:26:01.600000,7463839817,474.25,176.77,82.47,102.94,525.87,904.77,821.83,813.3
8321,2023-02-24T00:26:01.605000,7463839818,474.65,177.65,83.03,103.54,527.44,906.01,823.46,814.14
8322,2023-02-24T00:26:01.610000,7463839819,474.65,178.4,83.08,102.96,527.53,905.63,823.57,813.61
8323,2023-02-24T00:26:01.615000,7463839820,475.03,178.46,83.57,103.41,527.74,905.38,822.74,813.78
8324,2023-02-24T00:26:01.620000,7463839821,474.57,177,83.1,102.84,527,904.7,822.28,813.4
8325,2023-02-24T00:26:01.625000,7463839822,473.8,176.81,83.06,102.16,526.07,903.82,821.85,813.57
8326,2023-02-24T00:26:01.630000,7463839823,473.55,176.82,82.31,101.92,525.15,904.08,821.58,814.08
8327,2023-02-24T00:26:01.635000,7463839824,476.59,179.39,85.41,105.02,528.77,908.08,824.41,815.75
8328,2023-02-24T00:26:01.640000,7463839825,474.15,177.61,84.29,104.27,526.88,906.79,823.41,815.14
8329,2023-02-24T00:26:01.645000,7463839826,472.54,175.86,81.06,101.81,525.01,903.11,821.52,812.32
8330,2023-02-24T00:26:01.650000,7463839827,472.62,175.35,81.74,100.67,524.8,903.04,821.04,812.43
8331,2023-02-24T00:26:01.655000,7463839828,477.17,179.99,85.82,105.29,529.55,908.11,826.29,815.72
8332,2023-02-24T00:26:01.660000,7463839829,476.23,178.02,83.89,103.39,527.16,905.38,823.17,815.19
8333,2023-02-24T00:26:01.665000,7463839830,472.62,174.3,80.89,100.56,523.5,901.26,819.42,812.2
8334,2023-02-24T00:26:01.670000,7463839831,472.31,174.48,80.87,100.15,522.99,902.54,820.16,812.22
8335,2023-02-24T00:26:01.675000,7463839832,477.4,179.55,86.13,105.09,529.23,909.19,826.39,816.35
8336,2023-02-24T00:26:01.680000,7463839833,475.56,177.43,84.1,104.08,526.57,906.1,824.17,815.92
8337,2023-02-24T00:26:01.685000,7463839834,471.45,173.94,80.61,100.17,522.87,900.94,818.92,811.64
8338,2023-02-24T00:26:01.690000,7463839835,472.35,174.4,81.1,99.73,523.75,901.21,819.95,811.43
8339,2023-02-24T00:26:01.695000,7463839836,478.35,180.81,86.61,106,530.43,909.05,828.54,817.26
8340,2023-02-24T00:26:01.700000,7463839837,477.32,177.89,84.66,103.7,527.64,905.65,824.03,815.77
8341,2023-02-24T00:26:01.705000,7463839838,471.42,173.61,80.33,99.69,522.9,900.14,818.09,811.91
8342,2023-02-24T00:26:01.710000,7463839839,472.8,175.23,81.04,101.02,524.09,903.08,820.26,812.73
8343,2023-02-24T00:26:01.715000,7463839840,477.9,179.9,85.48,105.27,529.3,909.41,827.09,816.23
8344,2023-02-24T00:26:01.720000,7463839841,475.85,177.48,83.28,103.06,527.75,905.82,823.39,813.9
8345,2023-02-24T00:26:01.725000,7463839842,472.03,175.32,80.39,100.4,524.44,901.05,818.98,811.87
8346,2023-02-24T00:26:01.730000,7463839843,473.64,176.32,82.31,101.44,526.59,902.58,820.69,813.01
8347,2023-02-24T00:26:01.735000,7463839844,476.61,179.92,84.1,104.29,529.52,907.3,825.45,815.09
8348,2023-02-24T00:26:01.740000,7463839845,475.69,178.47,83.32,103.08,527.68,905.25,822.73,813.67
8349,2023-02-24T00:26:01.745000,7463839846,472.71,175.86,81.56,101.25,524.83,902.15,818.69,812.85
8350,2023-02-24T00:26:01.750000,7463839847,474.05,177.01,83.02,102.62,526.48,904.77,820.38,812.35
8351,2023-02-24T00:26:01.755000,7463839848,475.34,179.28,83.4,103.31,527.99,906.52,823.6,813.54
8352,2023-02-24T00:26:01.760000,7463839849,475.21,177.33,83.47,103.23,527.82,905.13,822.18,813.84
8353,2023-02-24T00:26:01.765000,7463839850,473.47,175.6,82.64,101.4,525.55,902.11,819.91,813.41
8354,2023-02-24T00:26:01.770000,7463839851,475.04,177.51,82.78,103.33,526.6,904.37,821.93,814.01
8355,2023-02-24T00:26:01.775000,7463839852,474.22,177.79,82.61,102.19,526.06,904.96,822.42,813.65
8356,2023-02-24T00:26:01.780000,7463839853,475.3,177.36,81.93,102.57,526.32,905.35,821.4,812.83
8357,2023-02-24T00:26:01.785000,7463839854,474.47,176.87,82.8,103.09,525.94,904.82,821.01,813.19
8358,2023-02-24T00:26:01.790000,7463839855,474.24,177.01,83.69,103.41,526.16,905.85,822.56,813.16
8359,2023-02-24T00:26:01.795000,7463839856,473.29,175.79,81.86,101.09,525.19,903.08,820.73,811.92
8360,2023-02-24T00:26:01.800000,7463839857,474.79,177.31,82.67,102.9,526.58,903.29,820.77,812.25
8361,2023-02-24T00:26:01.805000,7463839858,476.41,177.68,83.79,103.69,527.55,904.4,821.18,812
8362,2023-02-24T00:26:01.810000,7463839859,475.36,178.34,84.07,103.15,527.76,905.36,820.87,811.59
8363,2023-02-24T00:26:01.815000,7463839860,473.11,175.54,80.58,99.83,524.47,901.81,817.07,808.97
8364,2023-02-24T00:26:01.820000,7463839861,473.85,177.11,82.86,101.97,526.43,904.36,818.92,809.94
8365,2023-02-24T00:26:01.825000,7463839862,475,177.82,84.58,104.19,527.78,906.22,820.34,812.22
8366,2023-02-24T00:26:01.830000,7463839863,474.41,177.31,83.3,103.19,527.17,905.4,819.93,810.9
8367,2023-02-24T00:26:01.835000,7463839864,472.54,176.24,80.69,100.35,524.95,902.59,817.86,809
8368,2023-02-24T00:26:01.840000,7463839865,474.41,178.54,82.5,103,526.77,904.2,819.37,811.4
8369,2023-02-24T00:26:01.845000,7463839866,475.47,180.26,84.28,104.39,528.31,906.43,821.02,812.52
8370,2023-02-24T00:26:01.850000,7463839867,473.97,178.63,83.67,103.5,527.37,906.07,820.65,811.83
8371,2023-02-24T00:26:01.855000,7463839868,472.25,176.9,81.17,101.1,525.25,903.52,817.84,810.27
8372,2023-02-24T00:26:01.860000,7463839869,473.61,178.23,82.62,103.14,527.27,904.64,820.12,811.62
8373,2023-02-24T00:26:01.865000,7463839870,475.71,179.28,84.08,104.72,529.03,905.56,821.16,812.17
8374,2023-02-24T00:26:01.870000,7463839871,475.62,177.77,82.85,102.21,527.28,904.03,819.49,811.52
8375,2023-02-24T00:26:01.875000,7463839872,472.89,175.38,81.4,101.08,525.42,902.88,816.86,809.99
8376,2023-02-24T00:26:01.880000,7463839873,475.35,176.89,82.78,102.18,526.24,904.91,818.49,810.43
8377,2023-02-24T00:26:01.885000,7463839874,476.44,178.44,84.49,104.09,528.23,906.69,821.82,811.64
8378,2023-02-24T00:26:01.890000,7463839875,474.61,176.51,82.94,101.89,526.2,904.54,819.32,810.62
8379,2023-02-24T00:26:01.895000,7463839876,473.14,176.12,82.28,101.11,524.53,903.25,818.59,810.26
8380,2023-02-24T00:26:01.900000,7463839877,474.58,177.54,82.31,102.84,527.17,903.95,820.44,811.74
8381,2023-02-24T00:26:01.905000,7463839878,475.47,178.56,84.01,103.5,528.69,905.59,822.06,812.6
8382,2023-02-24T00:26:01.910000,7463839879,474.37,177.37,82.57,102.12,527.06,904.21,820.09,811.93
8383,2023-02-24T00:26:01.915000,7463839880,473.53,177.25,81.87,101.89,525.85,903.45,819.44,811.55
8384,2023-02-24T00:26:01.920000,7463839881,474.37,176.78,82.11,102.21,525.84,904.91,820.2,812.16
8385,2023-02-24T00:26:01.925000,7463839882,475.52,178.61,84.43,104.44,526.63,907.4,822.65,812.19
8386,2023-02-24T00:26:01.930000,7463839883,473.88,177.77,83.03,102.08,525.33,904.92,820.3,811.69
8387,2023-02-24T00:26:01.935000,7463839884,473.97,176.98,82.53,101.83,526.14,904.02,818.9,811.88
8388,2023-02-24T00:26:01.940000,7463839885,474.59,177.43,82.87,102.54,527.42,903.11,819.86,811.37
8389,2023-02-24T00:26:01.945000,7463839886,476.2,178.57,84.59,104.16,529.73,904.63,822.3,813.03
8390,2023-02-24T00:26:01.950000,7463839887,474.48,177.53,82.82,102.03,527.35,902.71,820.29,811.63
8391,2023-02-24T00:26:01.955000,7463839888,474.1,177.76,82.36,102.48,526.95,903.97,820.28,812.08
8392,2023-02-24T00:26:01.960000,7463839889,474.17,176.8,83.01,102.2,525.69,905.49,820.54,812.5
8393,2023-02-24T00:26:01.965000,7463839890,475.11,177.61,84.15,104.01,526.21,906.92,822.75,813.9
8394,2023-02-24T00:26:01.970000,7463839891,474.4,177.53,82.29,102.18,525.22,906.18,821.29,812.63
8395,2023-02-24T00:26:01.975000,7463839892,475.1,176.4,82.57,102.67,525.48,905.75,820.51,813.03
8396,2023-02-24T00:26:01.980000,7463839893,475.03,176.35,83.51,102.27,527.02,903.27,821.33,812.62
8397,2023-02-24T00:26:01.985000,7463839894,476.8,176.93,83.86,103.52,527.86,903.57,822.22,813.78
8398,2023-02-24T00:26:01.990000,7463839895,474.81,176.25,82,101.62,526.82,901.92,820.46,813.09
8399,2023-02-24T00:26:01.995000,7463839896,475.49,176.57,83.38,102.03,526.89,902.97,821.77,813.29
8400,2023-02-24T00:26:02,7463839897,475.87,175.87,82.66,102.29,525.56,903.73,821.62,813.23
8401,2023-02-24T00:26:02.005000,7463839898,475.1,176.64,82.96,103.25,525.53,906.05,822.54,813.3
8402,2023-02-24T00:26:02.010000,7463839899,474.51,175.82,82.63,102.29,525.08,904.99,821.3,812.44
8403,2023-02-24T00:26:02.015000,7463839900,475.52,177.03,83.3,103.52,526.55,905.81,822.4,814.08
8404,2023-02-24T00:26:02.020000,7463839901,474.94,176.28,83.58,102.71,526.63,903.96,821.39,813.77
8405,2023-02-24T00:26:02.025000,7463839902,475.76,176.38,83.36,103.1,526.79,902.73,821.41,813.6
8406,2023-02-24T00:26:02.030000,7463839903,473.31,176.12,82.28,102.22,526.85,901.69,820.31,812.86
8407,2023-02-24T00:26:02.035000,7463839904,475.83,177.22,83.88,103.1,528.35,904.8,822.33,813.15
8408,2023-02-24T00:26:02.040000,7463839905,475.7,176.96,83.69,103.9,527.04,905.72,821.21,812.3
8409,2023-02-24T00:26:02.045000,7463839906,475,176.19,82.98,103.07,525.78,904.39,818.94,811.63
8410,2023-02-24T00:26:02.050000,7463839907,474.09,175.78,82.72,102.18,524.85,903.51,818.59,811.08
8411,2023-02-24T00:26:02.055000,7463839908,476.37,176.68,83.65,102.81,526.57,904.17,820.13,811.84
8412,2023-02-24T00:26:02.060000,7463839909,475.54,177.36,83.72,103.06,527.45,903.23,820.63,812.37
8413,2023-02-24T00:26:02.065000,7463839910,474.94,175.87,82.72,100.55,525.77,900.91,817.79,811.33
8414,2023-02-24T00:26:02.070000,7463839911,473.45,175.66,82.17,100.76,525.72,900.76,818.02,811.25
8415,2023-02-24T00:26:02.075000,7463839912,475.22,177.27,83.68,103.26,527.35,905.09,821.62,811.49
8416,2023-02-24T00:26:02.080000,7463839913,474.82,177.42,83.68,103.54,525.57,905.63,821.62,811.08
8417,2023-02-24T00:26:02.085000,7463839914,473.41,175.89,82.49,101.52,524.36,903.29,818.37,810.77
8418,2023-02-24T00:26:02.090000,7463839915,473.58,175.6,82.35,101.31,523.5,902.73,817.68,811.49
8419,2023-02-24T00:26:02.095000,7463839916,475.46,177.25,83.58,102.69,525.95,904.49,820.49,812.04
8420,2023-02-24T00:26:02.100000,7463839917,475.69,177.39,84.3,103,527.72,903.93,820.63,811.71
8421,2023-02-24T00:26:02.105000,7463839918,473.75,176.12,82.55,101.91,526.64,901.39,817.96,811.35
8422,2023-02-24T00:26:02.110000,7463839919,473.07,176.39,82.8,102.18,526.29,901.3,818.48,811.14
8423,2023-02-24T00:26:02.115000,7463839920,473.72,177.24,83.28,102.79,526.56,903.95,820.23,811.2
8424,2023-02-24T00:26:02.120000,7463839921,475.34,176.92,83.17,102.63,526.36,905.34,821.32,811.39
8425,2023-02-24T00:26:02.125000,7463839922,475.06,176.58,82.96,102.34,524.98,904.21,819.49,811.01
8426,2023-02-24T00:26:02.130000,7463839923,475.38,177.54,83.35,102.78,525.38,904.73,819.18,812.01
8427,2023-02-24T00:26:02.135000,7463839924,473.79,175.8,82.36,101.67,525.33,902.86,818.2,811
8428,2023-02-24T00:26:02.140000,7463839925,475.47,176.84,83.45,102.46,527.32,903.56,820.38,811.8
8429,2023-02-24T00:26:02.145000,7463839926,476.02,177.86,84.63,103.29,527.4,904.97,821.52,812.41
8430,2023-02-24T00:26:02.150000,7463839927,475.92,177.31,84.18,103.94,527.83,904.7,821.1,813.08
8431,2023-02-24T00:26:02.155000,7463839928,472.89,173.99,80.69,99.92,523.82,900.96,817.71,809.96
8432,2023-02-24T00:26:02.160000,7463839929,474.43,176.82,82.74,102.12,525.63,904.23,820.43,812.53
8433,2023-02-24T00:26:02.165000,7463839930,477.78,179.01,86.1,104.84,528.39,907.7,823.33,814.13
8434,2023-02-24T00:26:02.170000,7463839931,477.51,178.46,84.85,104.22,527.38,906.25,821.62,812.33
8435,2023-02-24T00:26:02.175000,7463839932,472.72,173.26,79.99,98.98,522.87,899.73,816.34,809.24
8436,2023-02-24T00:26:02.180000,7463839933,475.25,175.89,82.11,101.81,525.78,903.34,819.98,811.33
8437,2023-02-24T00:26:02.185000,7463839934,477.3,179.41,85.21,105.81,529.99,908.33,823.84,814.15
8438,2023-02-24T00:26:02.190000,7463839935,476.98,177.91,84.13,103.71,528.58,906.48,822.22,812.67
8439,2023-02-24T00:26:02.195000,7463839936,472.55,173.15,79.59,99.48,523.54,899.57,816.3,809.15
8440,2023-02-24T00:26:02.200000,7463839937,474.69,176.82,82.18,101.81,525.49,903.23,819.11,812.2
8441,2023-02-24T00:26:02.205000,7463839938,478.16,180.85,85.85,106.29,529.93,908.58,825.21,814.7
8442,2023-02-24T00:26:02.210000,7463839939,476.14,178.8,84.41,104,528.03,907.18,821.97,813.59
8443,2023-02-24T00:26:02.215000,7463839940,472.39,174.15,80.02,99.88,522.59,900.68,815.21,809.61
8444,2023-02-24T00:26:02.220000,7463839941,474.74,176.75,81.87,102.06,526.08,904.48,818.64,811.57
8445,2023-02-24T00:26:02.225000,7463839942,478.34,180.7,86.07,105.92,530.5,909.54,824.72,813.26
8446,2023-02-24T00:26:02.230000,7463839943,476.47,178.89,84.98,104.74,528.27,906.64,822.55,812.02
8447,2023-02-24T00:26:02.235000,7463839944,472.42,174.28,81.31,100.98,523.61,900.34,816.13,808.88
8448,2023-02-24T00:26:02.240000,7463839945,474.73,176.18,82.73,102.12,526.2,902.08,819.5,811.21
8449,2023-02-24T00:26:02.245000,7463839946,477.95,179.85,84.78,104.97,529.45,906.98,824.05,813.73
8450,2023-02-24T00:26:02.250000,7463839947,476.14,177.3,82.72,102.94,526.48,903.77,821.35,812.79
8451,2023-02-24T00:26:02.255000,7463839948,473.26,175.48,81.42,100.8,523.75,900.76,817.26,811.62
8452,2023-02-24T00:26:02.260000,7463839949,474.13,175.85,82.7,101.74,524.3,903.34,820.65,812.19
8453,2023-02-24T00:26:02.265000,7463839950,476.33,178.14,83.04,103.36,526.3,906.13,823.64,812.82
8454,2023-02-24T00:26:02.270000,7463839951,473.99,176.65,82.24,102.43,524.84,903.57,820.47,812.11
8455,2023-02-24T00:26:02.275000,7463839952,475.14,176.29,83.33,102.39,524.92,903.07,819.48,812.68
8456,2023-02-24T00:26:02.280000,7463839953,475.8,176.73,83.03,102.57,526.04,902.92,820.15,812.39
8457,2023-02-24T00:26:02.285000,7463839954,476.44,177.06,83.03,102.07,526.79,903.73,820.69,811.71
8458,2023-02-24T00:26:02.290000,7463839955,475.13,175.94,82.05,101.78,525.89,902.3,819.36,811.39
8459,2023-02-24T00:26:02.295000,7463839956,476.1,177.34,83.35,103.32,526.15,903.74,819.85,812.2
8460,2023-02-24T00:26:02.300000,7463839957,474.29,177.2,83.04,102.45,525.68,904.37,819.56,810.86
8461,2023-02-24T00:26:02.305000,7463839958,473.01,177.33,82.31,101.18,525.5,903.97,819.17,810.82
8462,2023-02-24T00:26:02.310000,7463839959,473.79,176.48,82.7,102.29,525.17,903.31,818.92,811.18
8463,2023-02-24T00:26:02.315000,7463839960,475.92,178.58,84.38,104.53,527.97,904.57,820.7,812.8
8464,2023-02-24T00:26:02.320000,7463839961,474.85,177,82.75,102.44,526.84,902.56,818.91,811.68
8465,2023-02-24T00:26:02.325000,7463839962,473.24,176.12,81.08,100.74,524.88,901.5,818.03,810.44
8466,2023-02-24T00:26:02.330000,7463839963,474.09,176.4,82.16,102.16,525.66,902.56,818.94,811.08
8467,2023-02-24T00:26:02.335000,7463839964,476.52,179,85.31,104.17,527.58,906.14,821.89,812.97
8468,2023-02-24T00:26:02.340000,7463839965,473.79,176.88,83.17,103.13,525.43,904.79,820.2,811.26
8469,2023-02-24T00:26:02.345000,7463839966,472.84,175.49,81.51,101.22,524.43,902.34,818.51,810.48
8470,2023-02-24T00:26:02.350000,7463839967,474.47,176.64,82.97,102.34,525.56,903.09,819.28,811.65
8471,2023-02-24T00:26:02.355000,7463839968,476.19,177.85,84.99,104.24,527.53,904.95,822.57,813.76
8472,2023-02-24T00:26:02.360000,7463839969,473.95,176.23,83.26,102.34,526.21,902.57,820.14,812.76
8473,2023-02-24T00:26:02.365000,7463839970,473.54,175.07,81.08,100.4,523.16,900.24,818.65,811.08
8474,2023-02-24T00:26:02.370000,7463839971,475.63,176.67,83.91,101.85,524.89,903.34,820.67,812.26
8475,2023-02-24T00:26:02.375000,7463839972,476.29,177.57,84.34,103.97,527.13,905.35,823.36,814.23
8476,2023-02-24T00:26:02.380000,7463839973,474.31,175.95,83.19,102.44,525.28,903.57,821.99,812.82
8477,2023-02-24T00:26:02.385000,7463839974,473.44,175.42,81.9,100.88,524.24,901.94,819.98,811.13
8478,2023-02-24T00:26:02.390000,7463839975,474.68,176.54,83.67,103.04,525.53,903.61,822,812.8
8479,2023-02-24T00:26:02.395000,7463839976,477.12,177.64,84.79,103.69,526.81,904.79,823.04,814.19
8480,2023-02-24T00:26:02.400000,7463839977,475.6,176.52,83.85,102.61,526.27,903.32,821.96,813.1
8481,2023-02-24T00:26:02.405000,7463839978,474.22,174.65,82.1,100.3,524.47,901.48,819.1,812.02
8482,2023-02-24T00:26:02.410000,7463839979,475.09,176.49,83.19,102.35,525.9,904.66,821.59,813.48
8483,2023-02-24T00:26:02.415000,7463839980,476.02,177.24,84.48,103.94,526.63,906.21,823.24,813.98
8484,2023-02-24T00:26:02.420000,7463839981,475.35,176.41,83.56,102.88,525.71,904.79,821.62,813.28
8485,2023-02-24T00:26:02.425000,7463839982,473.6,174.96,81.78,101.27,524.8,901.86,819.56,811.84
8486,2023-02-24T00:26:02.430000,7463839983,476.46,176.7,84.74,103.01,526.95,903.67,821.99,813.62
8487,2023-02-24T00:26:02.435000,7463839984,476.76,176.74,84.74,103.66,527.49,904.34,823.26,814.29
8488,2023-02-24T00:26:02.440000,7463839985,476.16,176.02,83.91,102.51,526.56,903.87,821.6,812.92
8489,2023-02-24T00:26:02.445000,7463839986,473.8,174.37,82.26,101.11,524.29,901.51,819.14,811.65
8490,2023-02-24T00:26:02.450000,7463839987,475.62,176.32,83.65,103.1,526.22,904.39,822.14,813.54
8491,2023-02-24T00:26:02.455000,7463839988,475.42,176.54,83.99,102.43,525.8,905.03,822.97,813.88
8492,2023-02-24T00:26:02.460000,7463839989,475.71,176.61,83.97,103.21,525.82,904.67,821.76,812.72
8493,2023-02-24T00:26:02.465000,7463839990,474.04,175.13,82.76,102.22,524.3,902.32,820.92,811.99
8494,2023-02-24T00:26:02.470000,7463839991,476.13,176.45,84.27,103.18,526.26,903.33,821.82,812.89
8495,2023-02-24T00:26:02.475000,7463839992,475.87,176.63,83.49,102.89,526.69,902.2,821.39,814.05
8496,2023-02-24T00:26:02.480000,7463839993,476.52,176.83,83.94,102.91,525.51,903.1,821.41,814.48
8497,2023-02-24T00:26:02.485000,7463839994,474.6,175.13,82.51,101.61,524.51,902.18,819.77,812.47
8498,2023-02-24T00:26:02.490000,7463839995,475.67,177.34,84.24,103.49,525.94,904.07,822.23,813.31
8499,2023-02-24T00:26:02.495000,7463839996,475.54,176.95,83.1,102.73,525.83,903.42,821.75,812.82
8500,2023-02-24T00:26:02.500000,7463839997,475.81,176.7,83.13,102.72,525.88,903.73,821.32,813.36
8501,2023-02-24T00:26:02.505000,7463839998,475.63,176.05,83.11,102.36,524.49,902.52,820.68,812.07
8502,2023-02-24T00:26:02.510000,7463839999,476.25,177.17,84.19,103.2,526.35,903.36,821.99,813.63
8503,2023-02-24T00:26:02.515000,7463840000,476.1,176.6,83.28,102.07,525.42,902.38,820.72,813.28
8504,2023-02-24T00:26:02.520000,7463840001,475.43,176.61,82.89,102.5,526.35,902.79,820.51,813.38
8505,2023-02-24T00:26:02.525000,7463840002,475.36,176.68,83.5,102.79,526.51,903.86,821.24,813.82
8506,2023-02-24T00:26:02.530000,7463840003,476.02,177.08,84.45,103.19,527.1,904.82,821.96,813.73
8507,2023-02-24T00:26:02.535000,7463840004,474.96,175.55,82.86,101.27,525.57,903.09,820.81,812.88
8508,2023-02-24T00:26:02.540000,7463840005,475.7,176.37,83.12,102.84,524.94,903.17,821.4,813.47
8509,2023-02-24T00:26:02.545000,7463840006,477.18,176.65,83.71,103.02,526.3,903.84,822.2,814.6
8510,2023-02-24T00:26:02.550000,7463840007,476.44,176.99,84.47,103.29,526.86,904.13,823.48,814.81
8511,2023-02-24T00:26:02.555000,7463840008,475.22,175.06,82.57,101.37,524.93,902.17,821.34,813.28
8512,2023-02-24T00:26:02.560000,7463840009,475.6,175.47,82.28,102.29,525.15,902.77,821.35,814.07
8513,2023-02-24T00:26:02.565000,7463840010,476.83,177.29,84.09,103.71,526.05,905.16,823.25,814.53
8514,2023-02-24T00:26:02.570000,7463840011,476.32,177.41,84.28,103.79,526.14,905.06,822.43,813.63
8515,2023-02-24T00:26:02.575000,7463840012,474.85,175.2,82.72,102.03,524.23,902.27,819.43,812.02
8516,2023-02-24T00:26:02.580000,7463840013,475.18,174.87,82.33,101.96,524.73,901.66,819.05,812.82
8517,2023-02-24T00:26:02.585000,7463840014,477.52,177.11,84.56,103.47,527.38,904.76,821.63,813.41
8518,2023-02-24T00:26:02.590000,7463840015,476.9,177.14,83.74,102.81,526.56,903.24,821.4,812.4
8519,2023-02-24T00:26:02.595000,7463840016,475.22,175.48,82.26,102.2,524.21,901.57,817.98,810.89
8520,2023-02-24T00:26:02.600000,7463840017,474.13,176.83,82.69,102.18,524.76,903.48,817.43,809.77
8521,2023-02-24T00:26:02.605000,7463840018,476.04,178.96,83.69,103.26,526.43,904.87,819.92,811
8522,2023-02-24T00:26:02.610000,7463840019,475.37,177.49,83.77,102.68,525.84,904.04,818.77,810.28
8523,2023-02-24T00:26:02.615000,7463840020,474.64,176.32,82.76,102.1,525.08,902.31,817.74,810.29
8524,2023-02-24T00:26:02.620000,7463840021,474.92,176.26,83.28,101.54,524.95,901.4,817.4,810.18
8525,2023-02-24T00:26:02.625000,7463840022,475.76,177.25,83.99,101.9,526.01,903.5,818.98,811.37
8526,2023-02-24T00:26:02.630000,7463840023,474.52,176.52,84.2,102.29,525.12,903.36,818.5,810.54
8527,2023-02-24T00:26:02.635000,7463840024,475.07,177.17,83.44,103.18,525.93,904.11,818.74,811.39
8528,2023-02-24T00:26:02.640000,7463840025,474.09,176.91,83.11,103.02,524.81,903.87,818.04,810.44
8529,2023-02-24T00:26:02.645000,7463840026,473.45,176.53,81.96,101.58,524.3,903.48,818.68,810.24
8530,2023-02-24T00:26:02.650000,7463840027,474.29,176.39,82.2,101.68,524.86,902.9,819.14,809.94
8531,2023-02-24T00:26:02.655000,7463840028,476.96,177.91,84.52,103.31,527.89,903.71,820.16,811.66
8532,2023-02-24T00:26:02.660000,7463840029,475.43,175.98,83.43,103.36,526.79,902.92,819.01,811
8533,2023-02-24T00:26:02.665000,7463840030,473.22,173.12,80.94,99.63,524.26,900.2,815.83,809.07
8534,2023-02-24T00:26:02.670000,7463840031,473.67,174.44,81.72,100.37,523.96,901.17,816.56,809.67
8535,2023-02-24T00:26:02.675000,7463840032,477.58,178.29,85.89,104.68,528.3,907.58,821.39,811.77
8536,2023-02-24T00:26:02.680000,7463840033,475.64,176.48,83.73,102.51,525.68,904.01,818.51,810.03
8537,2023-02-24T00:26:02.685000,7463840034,472.08,173.56,80.13,98.88,522.31,900.57,814.99,808.22
8538,2023-02-24T00:26:02.690000,7463840035,474.08,175.71,81.58,100.79,524.1,900.68,816.49,809.48
8539,2023-02-24T00:26:02.695000,7463840036,478.88,179.81,85.96,105.28,529.83,906.12,823.46,814.09
8540,2023-02-24T00:26:02.700000,7463840037,475.85,176.8,83.64,102.58,526.21,902.66,820.79,811.41
8541,2023-02-24T00:26:02.705000,7463840038,471.59,172.54,79.45,98.6,521.86,897.13,813.76,808.33
8542,2023-02-24T00:26:02.710000,7463840039,472.92,174.53,81.74,100.83,523.44,900.81,816.64,811
8543,2023-02-24T00:26:02.715000,7463840040,478.53,180.19,86.04,105.96,528.37,908.57,824.19,814.23
8544,2023-02-24T00:26:02.720000,7463840041,475.6,177.83,83.71,103.16,525.29,904.72,820.05,811.53
8545,2023-02-24T00:26:02.725000,7463840042,472.44,173.74,80.24,99.16,521.11,898.53,813.4,808.31
8546,2023-02-24T00:26:02.730000,7463840043,475.11,175.53,81.85,101.25,524.11,900.61,816.65,810.63
8547,2023-02-24T00:26:02.735000,7463840044,478.59,179.45,85.2,105.12,529.68,905.58,822.94,814.1
8548,2023-02-24T00:26:02.740000,7463840045,475.52,176.4,84.05,102.68,527.43,902.29,820.02,812.15
8549,2023-02-24T00:26:02.745000,7463840046,471.92,173.73,80.98,100.13,523,898.41,815,809.54
8550,2023-02-24T00:26:02.750000,7463840047,475.11,175.3,82.29,101.84,524.64,902.36,818.65,811.26
8551,2023-02-24T00:26:02.755000,7463840048,477.21,178.1,84.13,104.29,526.17,906.48,822.79,812.95
8552,2023-02-24T00:26:02.760000,7463840049,476.41,177.5,83.83,102.61,524.89,904.06,820.14,812.17
8553,2023-02-24T00:26:02.765000,7463840050,473.1,174.37,81.49,100.8,522.6,899.44,816.35,810.49
8554,2023-02-24T00:26:02.770000,7463840051,476.1,176.08,83,101.9,525.47,901.62,818.91,811.85
8555,2023-02-24T00:26:02.775000,7463840052,476.6,177.24,83.86,102.57,526.55,902.52,821.17,813.33
8556,2023-02-24T00:26:02.780000,7463840053,475.79,176.35,83.98,102.4,525.17,902.18,820.38,812.18
8557,2023-02-24T00:26:02.785000,7463840054,474.65,174.95,83.45,102.25,524.12,901.24,818.2,811.52
8558,2023-02-24T00:26:02.790000,7463840055,475.42,176.22,84.15,102.77,525.49,903.6,820.54,812.92
8559,2023-02-24T00:26:02.795000,7463840056,475.99,175.91,82.87,102.33,524.26,903.18,820.64,812.4
8560,2023-02-24T00:26:02.800000,7463840057,476.19,175.51,83.21,102.44,523.89,903.27,820.6,812.62
8561,2023-02-24T00:26:02.805000,7463840058,475.81,175.87,83.81,102.08,523.67,901.72,819.95,813.11
8562,2023-02-24T00:26:02.810000,7463840059,476.62,176.02,84.29,102.44,525.44,902.57,821.85,813.19
8563,2023-02-24T00:26:02.815000,7463840060,475.43,174.84,83.08,101.14,524.09,901.39,820.56,812.45
8564,2023-02-24T00:26:02.820000,7463840061,475.89,175.19,83.4,102.26,526.29,901.69,820.64,813.21
8565,2023-02-24T00:26:02.825000,7463840062,475.62,176.42,83.72,103.1,525.72,902.64,821.54,813.48
8566,2023-02-24T00:26:02.830000,7463840063,476.25,176,84.81,103.19,525.24,904.26,821.99,813.4
8567,2023-02-24T00:26:02.835000,7463840064,474.76,174.3,82.35,100.76,522.78,902,819.56,811.95
8568,2023-02-24T00:26:02.840000,7463840065,476.4,175.88,83.06,102.68,524.63,902,819.79,813.32
8569,2023-02-24T00:26:02.845000,7463840066,477.82,176.54,85.14,103.75,525.62,902.88,820.44,813.81
8570,2023-02-24T00:26:02.850000,7463840067,476.98,175.68,84.68,102.46,526.76,902.28,820.99,812.1
8571,2023-02-24T00:26:02.855000,7463840068,474.88,173.3,82.21,100.34,524.46,899.63,817.25,809.75
8572,2023-02-24T00:26:02.860000,7463840069,475.96,175.43,83.4,102.23,526.3,901.24,818.81,812.33
8573,2023-02-24T00:26:02.865000,7463840070,477.4,176.7,85.97,104.39,526.72,904.1,820.92,812.48
8574,2023-02-24T00:26:02.870000,7463840071,476.04,175.66,83.75,102.51,525.25,903.29,819.62,810.73
8575,2023-02-24T00:26:02.875000,7463840072,473.8,174.76,81.51,100.45,522.31,901.24,815.76,808.34
8576,2023-02-24T00:26:02.880000,7463840073,476.72,176.34,82.96,101.86,525.51,902.39,817.87,810.21
8577,2023-02-24T00:26:02.885000,7463840074,478.27,177.24,84.5,103.61,528.11,903.6,819.39,811.14
8578,2023-02-24T00:26:02.890000,7463840075,475.92,175.96,83.14,102,526.68,901.54,817.22,809.62
8579,2023-02-24T00:26:02.895000,7463840076,473.16,175.15,81.8,100.07,525.21,899.35,815.15,807.9
8580,2023-02-24T00:26:02.900000,7463840077,475.61,176.87,83.96,103.26,526.55,902.46,818.97,810.23
8581,2023-02-24T00:26:02.905000,7463840078,476.81,177.69,85.28,104.18,527.1,905.3,820.81,812.82
8582,2023-02-24T00:26:02.910000,7463840079,474.35,176.79,83.48,102.49,524.21,903.17,818.25,810.92
8583,2023-02-24T00:26:02.915000,7463840080,474.27,175.38,81.85,101.26,522.9,902.28,816.05,810.02
8584,2023-02-24T00:26:02.920000,7463840081,475.75,177.32,83,102.89,525.68,902.98,818.05,811.07
8585,2023-02-24T00:26:02.925000,7463840082,477.37,179.79,85.17,104.92,528.32,904.5,820.84,812.54
8586,2023-02-24T00:26:02.930000,7463840083,474.77,175.93,82.98,101.21,525.25,900.82,817.83,810.39
8587,2023-02-24T00:26:02.935000,7463840084,474.51,174.78,82.05,100.46,524.68,899.35,816.64,809.33
8588,2023-02-24T00:26:02.940000,7463840085,475.1,175.66,83.11,102.28,525.55,901.3,818.65,810.38
8589,2023-02-24T00:26:02.945000,7463840086,478.21,177.23,85.14,103.96,526.76,905.29,821.21,812.47
8590,2023-02-24T00:26:02.950000,7463840087,476.24,175.53,82.3,101.59,524.13,901.96,818.31,810.09
8591,2023-02-24T00:26:02.955000,7463840088,475.18,175.62,82.42,101.63,524,902.44,818.63,810.75
8592,2023-02-24T00:26:02.960000,7463840089,475.72,176.15,83.82,101.85,524.43,902.27,819.58,811.49
8593,2023-02-24T00:26:02.965000,7463840090,476.86,176.7,84.31,103.13,526.2,903.32,821.52,812.79
8594,2023-02-24T00:26:02.970000,7463840091,474.94,175.34,82.76,101.9,524.83,901.21,818.94,811.92
8595,2023-02-24T00:26:02.975000,7463840092,475.3,174.78,82.06,101.37,526.06,900.57,818.87,811.28
8596,2023-02-24T00:26:02.980000,7463840093,475.46,175.35,83.1,102.19,526.03,901.02,819.96,811.45
8597,2023-02-24T00:26:02.985000,7463840094,476.59,177.77,84.82,103.98,526.1,903.52,821.36,812.37
8598,2023-02-24T00:26:02.990000,7463840095,474.82,175.67,83,101.73,523.65,901.9,818.28,811.17
8599,2023-02-24T00:26:02.995000,7463840096,475.18,175.68,83.13,102.28,523.72,903.55,818.43,810.81
8600,2023-02-24T00:26:03,7463840097,476.02,176.28,82.92,102.34,524.8,902.95,818.3,809.98
8601,2023-02-24T00:26:03.005000,7463840098,476.73,176.89,83.94,103.11,526.35,903.59,819.18,811.03
8602,2023-02-24T00:26:03.010000,7463840099,474.07,175.35,82.6,101.28,526.45,900.68,816.89,810.24
8603,2023-02-24T00:26:03.015000,7463840100,475.23,175.95,83.65,102.05,527.97,901.75,818.54,809.75
8604,2023-02-24T00:26:03.020000,7463840101,475.36,176.24,83.83,102.38,527.03,902.36,818.78,809.48
8605,2023-02-24T00:26:03.025000,7463840102,475.49,176.39,83.08,101.82,525.88,902.72,817.44,810.17
8606,2023-02-24T00:26:03.030000,7463840103,475.12,176.03,82.03,101.23,523.83,902.36,816.39,809.58
8607,2023-02-24T00:26:03.035000,7463840104,476.17,176.84,83.72,102.45,524.87,903.79,818.49,810.44
8608,2023-02-24T00:26:03.040000,7463840105,475.1,176.6,83.26,102.86,524.99,903.44,817.87,810.8
8609,2023-02-24T00:26:03.045000,7463840106,474.47,175.73,82.95,102.21,524.34,901.76,817.26,809.76
8610,2023-02-24T00:26:03.050000,7463840107,474.72,175.88,82.12,101.71,525.69,900.06,817.4,809.6
8611,2023-02-24T00:26:03.055000,7463840108,474.83,177.16,83.45,102.96,526.6,902.06,819.43,811.06
8612,2023-02-24T00:26:03.060000,7463840109,475.13,175.72,83.69,102.55,525.72,902.03,818.55,810.24
8613,2023-02-24T00:26:03.065000,7463840110,473.76,174.39,82.01,99.96,522.34,900.13,816.9,808.86
8614,2023-02-24T00:26:03.070000,7463840111,474.57,174.97,82.41,100.77,521.93,901.08,816.87,809.9
8615,2023-02-24T00:26:03.075000,7463840112,476.02,176.82,83.86,102.18,523.34,903.64,819.2,811.62
8616,2023-02-24T00:26:03.080000,7463840113,476.07,175.68,83.66,102.41,524.61,902.09,819.06,811.2
8617,2023-02-24T00:26:03.085000,7463840114,474.25,174.04,82.07,100.81,523.34,899.24,816.76,809.34
8618,2023-02-24T00:26:03.090000,7463840115,474.89,175.57,82.33,101.59,525.16,900.38,817.29,809.22
8619,2023-02-24T00:26:03.095000,7463840116,475.72,177.33,83.83,102.76,526.71,901.46,819.51,810.81
8620,2023-02-24T00:26:03.100000,7463840117,475.88,176.25,84.24,103,525.88,902.49,819.29,811.07
8621,2023-02-24T00:26:03.105000,7463840118,473.84,174.95,82.7,100.66,523.03,899.76,816.43,809.53
8622,2023-02-24T00:26:03.110000,7463840119,474.74,175.47,83.16,101.5,523.22,901.04,817.74,810.81
8623,2023-02-24T00:26:03.115000,7463840120,476.02,176.46,83.18,102.49,524.15,903.68,819.23,811.41
8624,2023-02-24T00:26:03.120000,7463840121,476.43,176.52,83.51,102.25,525.46,903.45,819.54,811.38
8625,2023-02-24T00:26:03.125000,7463840122,474.9,175.21,82.83,101.42,523.84,900.6,817.51,809.72
8626,2023-02-24T00:26:03.130000,7463840123,475.2,175.91,82.93,102.44,525.45,900.41,818.26,810.64
8627,2023-02-24T00:26:03.135000,7463840124,475.62,175.96,82.9,101.41,525.96,900.61,818.35,810.65
8628,2023-02-24T00:26:03.140000,7463840125,476.59,176.48,83.81,101.7,525.5,902.12,819.2,810.97
8629,2023-02-24T00:26:03.145000,7463840126,476.25,176.77,83.65,101.72,525.5,902.09,818.75,811.92
8630,2023-02-24T00:26:03.150000,7463840127,475.72,176.11,83.7,101.81,524.52,902.69,818.94,811.81
8631,2023-02-24T00:26:03.155000,7463840128,475.38,175.15,82.53,100.71,522.72,901.08,817.62,810.25
8632,2023-02-24T00:26:03.160000,7463840129,475.7,176.22,83.73,101.58,524.57,902.43,819.34,811.14
8633,2023-02-24T00:26:03.165000,7463840130,476.2,177.62,84.89,103.34,526.5,903.54,820.49,812.07
8634,2023-02-24T00:26:03.170000,7463840131,476.4,176.06,84.79,103.61,526.36,901.91,819.55,811.7
8635,2023-02-24T00:26:03.175000,7463840132,475.19,174.56,82.41,100.36,524.46,898.96,817.41,810.11
8636,2023-02-24T00:26:03.180000,7463840133,476.61,175.96,83.86,101.71,525.23,901.07,818.89,811.77
8637,2023-02-24T00:26:03.185000,7463840134,478.95,177.68,85.58,104.02,527.18,905.28,821.88,813.37
8638,2023-02-24T00:26:03.190000,7463840135,477.57,176.64,84.81,102.48,524.87,904.08,820.79,811.97
8639,2023-02-24T00:26:03.195000,7463840136,473.28,173.84,81.15,99.99,522.4,899.93,816.41,809.61
8640,2023-02-24T00:26:03.200000,7463840137,475.59,175.47,83.47,101.6,523.96,902.75,819.69,811.17
8641,2023-02-24T00:26:03.205000,7463840138,479.02,177.91,86.75,104.86,527.89,906.44,822.87,813.58
8642,2023-02-24T00:26:03.210000,7463840139,476.79,176.46,84.7,102.79,527.04,902.63,820.83,812.04
8643,2023-02-24T00:26:03.215000,7463840140,473.86,172.41,81.16,99.46,523.53,897.14,815.83,809.21
8644,2023-02-24T00:26:03.220000,7463840141,475.77,174.47,83.01,101.08,524.27,900.7,819.27,811.81
8645,2023-02-24T00:26:03.225000,7463840142,480.17,179.81,86.74,106.14,528.43,907.41,825.81,815.01
8646,2023-02-24T00:26:03.230000,7463840143,477.19,176.84,84.6,103.1,525.27,904.64,821.54,812.91
8647,2023-02-24T00:26:03.235000,7463840144,473.01,172.54,80.85,99.45,521.17,899.72,815.82,809.99
8648,2023-02-24T00:26:03.240000,7463840145,475.82,174.77,83.07,102.18,524.26,902.26,819.64,812.16
8649,2023-02-24T00:26:03.245000,7463840146,479.16,179.18,86.58,105.23,528.26,905.67,824.44,814.21
8650,2023-02-24T00:26:03.250000,7463840147,476.8,176.02,83.86,102.54,526.53,901.44,820.7,812.27
8651,2023-02-24T00:26:03.255000,7463840148,473.61,172.69,81.32,99.77,523.2,897.05,815.83,809.83
8652,2023-02-24T00:26:03.260000,7463840149,475.97,174.91,83.31,100.73,524.46,900.31,818.87,811.79
8653,2023-02-24T00:26:03.265000,7463840150,478.33,178.18,85.78,103.96,526.68,905.94,823.05,813.63
8654,2023-02-24T00:26:03.270000,7463840151,475.91,176.63,83.87,102.88,523.9,903.14,819.37,812.09
8655,2023-02-24T00:26:03.275000,7463840152,473.48,174.7,82.29,101.31,522.04,900.89,817.14,810.35
8656,2023-02-24T00:26:03.280000,7463840153,475.62,175.95,82.9,101.85,523.72,901.47,818.41,810.02
8657,2023-02-24T00:26:03.285000,7463840154,478.11,177.72,84.46,103.37,527.29,903.85,821.76,811.8
8658,2023-02-24T00:26:03.290000,7463840155,476.35,176.6,83.97,101.95,526.56,900.7,818.9,811.04
8659,2023-02-24T00:26:03.295000,7463840156,475.1,175.74,83.33,101.95,525.49,899.55,816.83,811
8660,2023-02-24T00:26:03.300000,7463840157,474.74,175.66,83.19,101.68,525.35,901.63,817.83,811.14
8661,2023-02-24T00:26:03.305000,7463840158,476.27,176.91,83.92,102.63,525.73,904.18,820.27,810.94
8662,2023-02-24T00:26:03.310000,7463840159,475.32,176.09,82.9,101.68,523.48,902.7,817.76,809.88
8663,2023-02-24T00:26:03.315000,7463840160,475.67,176.52,83.62,102.2,524.38,902.97,817.53,810.94
8664,2023-02-24T00:26:03.320000,7463840161,475.34,175.62,83.16,101.74,524.69,901.57,817.69,809.35
8665,2023-02-24T00:26:03.325000,7463840162,475.56,175.93,82.45,101.25,524.58,900.6,817.15,808.97
8666,2023-02-24T00:26:03.330000,7463840163,475.35,176.48,82.26,101.21,524.97,899.5,816.3,808.8
8667,2023-02-24T00:26:03.335000,7463840164,476.82,177.51,84.86,102.77,526.33,901.09,816.96,809.72
8668,2023-02-24T00:26:03.340000,7463840165,475,176.09,83.28,102.24,524.73,901.07,816.1,808.67
8669,2023-02-24T00:26:03.345000,7463840166,474.08,175.96,82.72,100.67,523.26,900.92,816.5,807.07
8670,2023-02-24T00:26:03.350000,7463840167,475.05,175.62,82.72,101.45,523.17,902.27,816.74,808.53
8671,2023-02-24T00:26:03.355000,7463840168,476.83,177.17,84.64,103.43,524.96,903.67,818.59,810.86
8672,2023-02-24T00:26:03.360000,7463840169,475.18,176.53,83.14,102.31,523.55,901.46,817.42,809.17
8673,2023-02-24T00:26:03.365000,7463840170,474.77,175.87,81.91,101.12,524.01,899.73,816.78,808.47
8674,2023-02-24T00:26:03.370000,7463840171,476.29,176.51,83.05,102.05,525.26,900.09,816.63,809.19
8675,2023-02-24T00:26:03.375000,7463840172,476.4,176.84,84.1,103.51,527.2,901.57,818.66,810.47
8676,2023-02-24T00:26:03.380000,7463840173,474.31,175.82,82.9,101.33,523.95,901.05,816.41,808.17
8677,2023-02-24T00:26:03.385000,7463840174,473.8,175.28,82.12,100.63,522.67,901.07,815.71,808.12
8678,2023-02-24T00:26:03.390000,7463840175,475.87,175.41,83.08,102.04,523.43,901.93,816.78,809.62
8679,2023-02-24T00:26:03.395000,7463840176,477.53,176.8,84.18,103.29,525.48,903.49,818.7,810.27
8680,2023-02-24T00:26:03.400000,7463840177,475.53,175.76,83.2,101.28,525.03,901.19,816.66,808.94
8681,2023-02-24T00:26:03.405000,7463840178,474.39,174.99,82.35,100.32,523.66,899.58,815.5,807.96
8682,2023-02-24T00:26:03.410000,7463840179,475.62,176.47,83.41,101.58,525.11,900.88,816.85,809.56
8683,2023-02-24T00:26:03.415000,7463840180,476.92,177.23,84.22,102.32,525.92,902.39,817.85,809.61
8684,2023-02-24T00:26:03.420000,7463840181,475.31,176.22,82.71,101.52,524.01,900.91,817.09,809.49
8685,2023-02-24T00:26:03.425000,7463840182,474.4,174.97,82.56,100.86,523.18,900.71,815.24,808.65
8686,2023-02-24T00:26:03.430000,7463840183,476.53,176.25,83.38,102.45,524.34,903.31,817.78,809.87
8687,2023-02-24T00:26:03.435000,7463840184,476.82,177.21,84.02,102.79,525.32,903.23,818.29,810.42
8688,2023-02-24T00:26:03.440000,7463840185,475.86,175.91,83.23,101.29,524.58,900.33,816.87,809.61
8689,2023-02-24T00:26:03.445000,7463840186,474.41,174.7,82.53,100.74,523.51,900.01,815.65,808.14
8690,2023-02-24T00:26:03.450000,7463840187,475.83,176.56,83.75,102.16,525.95,901.23,817.12,808.61
8691,2023-02-24T00:26:03.455000,7463840188,476.21,176.89,83.46,101.93,526.04,902.52,817.91,809.5
8692,2023-02-24T00:26:03.460000,7463840189,475.85,176.48,83.35,101.94,524.69,901.57,817.38,809.62
8693,2023-02-24T00:26:03.465000,7463840190,474.6,174.52,81.92,101.13,522.76,899.41,815.2,808.35
8694,2023-02-24T00:26:03.470000,7463840191,475.89,176.4,83.73,102.91,524.7,902.28,817.49,810
8695,2023-02-24T00:26:03.475000,7463840192,476.34,176.67,83.1,101.87,524.35,902.34,817.49,809.93
8696,2023-02-24T00:26:03.480000,7463840193,476.25,176.63,83.18,102.57,525.36,901.95,816.88,809.41
8697,2023-02-24T00:26:03.485000,7463840194,474.53,174.82,81.47,101.32,523.58,899.29,814.73,809.03
8698,2023-02-24T00:26:03.490000,7463840195,476.25,175.68,83.8,102.31,525.48,900.82,817.67,809.33
8699,2023-02-24T00:26:03.495000,7463840196,475.89,175.45,83.64,102.5,525.04,901.58,817.21,809.65
8700,2023-02-24T00:26:03.500000,7463840197,476.27,175.33,83.74,102.17,524.82,901.06,817.92,810.54
8701,2023-02-24T00:26:03.505000,7463840198,474.31,174.06,82.2,100.97,523.8,899.78,816.72,809.25
8702,2023-02-24T00:26:03.510000,7463840199,475.59,176.03,84.06,102.49,524.57,902.98,818.56,810.5
8703,2023-02-24T00:26:03.515000,7463840200,475.94,175.8,83.12,102.04,523.98,900.81,817.67,810.06
8704,2023-02-24T00:26:03.520000,7463840201,476.36,175.2,83.58,101.72,524.01,901.36,817.16,810.52
8705,2023-02-24T00:26:03.525000,7463840202,475.02,174.74,82.69,100.89,523.49,899.79,816.21,809
8706,2023-02-24T00:26:03.530000,7463840203,474.8,176.03,84.01,102.02,524.99,901.28,817.67,809.99
8707,2023-02-24T00:26:03.535000,7463840204,475.61,175.48,83.33,101.53,523.99,900.84,817.13,809.75
8708,2023-02-24T00:26:03.540000,7463840205,475.8,175.99,83.53,101.91,524.04,901.11,817.47,809.77
8709,2023-02-24T00:26:03.545000,7463840206,475.23,175.23,83.11,101.35,523.88,900.44,816.49,809.7
8710,2023-02-24T00:26:03.550000,7463840207,475.9,175.69,84,102.6,524.43,901.09,818.25,810.58
8711,2023-02-24T00:26:03.555000,7463840208,475.91,175.82,83.03,102.09,524.63,900.84,817.32,809.77
8712,2023-02-24T00:26:03.560000,7463840209,475.82,175.43,83.01,101.71,524.48,901.06,817.59,809.48
8713,2023-02-24T00:26:03.565000,7463840210,476.73,176.23,84.37,102.71,525.49,901.17,817.55,810.19
8714,2023-02-24T00:26:03.570000,7463840211,477,175.68,84.59,102.59,524.95,901.54,818.24,810.14
8715,2023-02-24T00:26:03.575000,7463840212,476.12,174.59,83.68,101.53,523.27,900.89,816.59,809.6
8716,2023-02-24T00:26:03.580000,7463840213,476.77,175.51,83.41,101.67,523.77,901.54,817.05,810.15
8717,2023-02-24T00:26:03.585000,7463840214,478.5,176.78,84.64,103.2,525.53,901.87,819.54,811.45
8718,2023-02-24T00:26:03.590000,7463840215,477.97,175.59,84.75,102.51,525.92,900.8,818.74,810.69
8719,2023-02-24T00:26:03.595000,7463840216,475.32,174.27,83,101.05,523.46,898.58,816.8,810.47
8720,2023-02-24T00:26:03.600000,7463840217,476.9,175.21,83.95,102.1,524.01,900.44,818.52,810.58
8721,2023-02-24T00:26:03.605000,7463840218,478.53,177.3,85.74,103.72,526.51,902.96,820.74,811.88
8722,2023-02-24T00:26:03.610000,7463840219,477.09,176.26,84.51,102.51,524.59,902.27,819.89,810.85
8723,2023-02-24T00:26:03.615000,7463840220,475.89,173.8,83.45,101.63,522.74,899.84,816.64,810.67
8724,2023-02-24T00:26:03.620000,7463840221,476.44,174.81,83.9,102.04,523.59,901.19,818.9,811.41
8725,2023-02-24T00:26:03.625000,7463840222,478.6,176.82,85.89,103.13,526.47,903.81,821.92,812.74
8726,2023-02-24T00:26:03.630000,7463840223,477.27,175.51,84.19,102.94,525.65,901.62,820.45,812.39
8727,2023-02-24T00:26:03.635000,7463840224,475.03,173.6,82.61,101.96,523.79,899.73,817.57,811.43
8728,2023-02-24T00:26:03.640000,7463840225,476.34,174.27,83.58,102.27,523.95,900.68,819.39,811.52
8729,2023-02-24T00:26:03.645000,7463840226,478.89,176.96,85.31,104.08,526.7,904.35,822.75,813.15
8730,2023-02-24T00:26:03.650000,7463840227,478.24,175.28,84.13,102.56,524.3,902.08,821.03,812.53
8731,2023-02-24T00:26:03.655000,7463840228,476.49,173.37,83.31,101.66,523.05,900.45,818.26,811.95
8732,2023-02-24T00:26:03.660000,7463840229,477.27,173.71,83.4,101.6,522.97,900.65,819.11,812.39
8733,2023-02-24T00:26:03.665000,7463840230,478.57,175.07,84.7,102.81,525.47,902.52,822.61,813.38
8734,2023-02-24T00:26:03.670000,7463840231,477.18,175.06,83.54,102.41,524.49,900.72,821.16,812.38
8735,2023-02-24T00:26:03.675000,7463840232,476.83,173.93,83.92,102.44,524.2,899.65,818.73,812.37
8736,2023-02-24T00:26:03.680000,7463840233,476.67,173.88,84.19,102.1,523.48,900.29,818.61,811.85
8737,2023-02-24T00:26:03.685000,7463840234,478.18,174.76,83.86,101.69,523.55,900.65,819.32,810.82
8738,2023-02-24T00:26:03.690000,7463840235,476.96,174.05,83.58,101.86,523.22,900.94,818.29,810.51
8739,2023-02-24T00:26:03.695000,7463840236,478.39,175.39,84.98,102.93,525.52,901.49,818.89,811.85
8740,2023-02-24T00:26:03.700000,7463840237,476.07,174.96,83.14,101.3,524.44,900.38,818.4,810.38
8741,2023-02-24T00:26:03.705000,7463840238,474.68,174.14,82.53,100.48,523.67,898.79,816.7,809.45
8742,2023-02-24T00:26:03.710000,7463840239,475.53,174.96,83.54,101.77,524.22,900.01,816.99,809.19
8743,2023-02-24T00:26:03.715000,7463840240,477.95,177.09,86.17,104.41,526.61,904.15,820.03,811.55
8744,2023-02-24T00:26:03.720000,7463840241,476.05,175.33,84.31,102.73,524.24,901.2,817.43,809.9
8745,2023-02-24T00:26:03.725000,7463840242,474.01,174.11,81.25,99.95,521.42,898.83,814.31,807.05
8746,2023-02-24T00:26:03.730000,7463840243,475.76,175.63,82.63,101.38,523.18,900.66,816.41,808.84
8747,2023-02-24T00:26:03.735000,7463840244,479.33,180.1,86.55,105.61,528.21,905.13,820.8,812
8748,2023-02-24T00:26:03.740000,7463840245,475.89,176.44,84.05,102.14,524.84,901.22,816.81,810.05
8749,2023-02-24T00:26:03.745000,7463840246,471.99,172.83,80.62,98.83,521.01,896.73,812.57,806.53
8750,2023-02-24T00:26:03.750000,7463840247,474.65,174.8,82.52,101.75,524.03,899.68,816.13,808.86
8751,2023-02-24T00:26:03.755000,7463840248,479.65,179.11,87.17,105.75,528.21,905.53,822.63,812.1
8752,2023-02-24T00:26:03.760000,7463840249,476.61,176.22,84.15,102.18,523.72,900.98,817.31,809.81
8753,2023-02-24T00:26:03.765000,7463840250,472.73,171.2,80.23,97.87,519.08,895.04,811.41,806.45
8754,2023-02-24T00:26:03.770000,7463840251,476.8,174.71,83.07,101.5,522.96,899.64,815.48,809.12
8755,2023-02-24T00:26:03.775000,7463840252,481.12,178.32,86.89,105.42,528.47,906.26,822.72,812.77
8756,2023-02-24T00:26:03.780000,7463840253,477.02,174.42,84.1,102.28,524,900.77,818.47,810.62
8757,2023-02-24T00:26:03.785000,7463840254,472.54,171.32,80.57,98.9,519.87,895.64,812.96,808.04
8758,2023-02-24T00:26:03.790000,7463840255,476.13,174.63,83.5,102.07,523.81,899.98,817.74,809.77
8759,2023-02-24T00:26:03.795000,7463840256,479.18,178.83,86.98,104.6,527.08,904.46,822.38,812.39
8760,2023-02-24T00:26:03.800000,7463840257,476.55,176.2,83.8,102.44,523.85,900.42,817.33,810.7
8761,2023-02-24T00:26:03.805000,7463840258,473.18,172.79,81.22,99.22,520.95,896.72,813.16,807.61
8762,2023-02-24T00:26:03.810000,7463840259,476.98,175.8,83.38,101.31,523.95,900.97,816.51,809.37
8763,2023-02-24T00:26:03.815000,7463840260,477.74,176.93,84.46,103.1,526.11,903.67,819.75,811.21
8764,2023-02-24T00:26:03.820000,7463840261,476.3,175.45,83.33,101.27,524.41,900.16,817.71,809.2
8765,2023-02-24T00:26:03.825000,7463840262,474.06,174,82.52,100.72,523.43,898.93,815.07,808.81
8766,2023-02-24T00:26:03.830000,7463840263,474.36,175.92,84.13,102.08,525.48,900.8,817.26,809.02
8767,2023-02-24T00:26:03.835000,7463840264,475.69,176,82.78,101.87,524.89,900.5,817.18,808.82
8768,2023-02-24T00:26:03.840000,7463840265,475.84,176.57,83.46,102.21,524.28,901.01,816.64,809.54
8769,2023-02-24T00:26:03.845000,7463840266,475.82,175.48,83.37,101.88,523.99,900.64,815.6,809.78
8770,2023-02-24T00:26:03.850000,7463840267,476.15,175.94,83.88,101.61,523.94,901.97,816.89,809.91
8771,2023-02-24T00:26:03.855000,7463840268,475.8,175.42,82.42,100.16,523.47,900.2,815.5,808.78
8772,2023-02-24T00:26:03.860000,7463840269,476.43,175.31,83.81,101.23,523.54,901,816.81,809.77
8773,2023-02-24T00:26:03.865000,7463840270,475.86,175.68,84.74,102.98,525.32,900.97,817.91,809.92
8774,2023-02-24T00:26:03.870000,7463840271,476.19,176,83.68,102.24,525.17,900.37,817.12,809.49
8775,2023-02-24T00:26:03.875000,7463840272,474.6,174.05,81.87,99.99,523.23,898.12,815.23,808
8776,2023-02-24T00:26:03.880000,7463840273,477.01,175.37,83.84,101.56,524.27,900.11,817.03,809.93
8777,2023-02-24T00:26:03.885000,7463840274,477.74,176.68,85.09,102.98,525.52,901.75,818.03,811.29
8778,2023-02-24T00:26:03.890000,7463840275,476.17,175,83.71,101.19,522.76,901.16,817.61,809.49
8779,2023-02-24T00:26:03.895000,7463840276,474.69,173.78,82.27,99.79,521.62,899.91,815.82,808.22
8780,2023-02-24T00:26:03.900000,7463840277,475.95,175.98,83.74,102.02,523.98,901.39,817.5,809.39
8781,2023-02-24T00:26:03.905000,7463840278,476.66,177.14,85.29,103.54,525.44,902.21,818.25,810.29
8782,2023-02-24T00:26:03.910000,7463840279,474.81,175.6,83.58,101.72,524.78,900.28,817.03,809.35
8783,2023-02-24T00:26:03.915000,7463840280,474.44,174.62,82.68,100.38,523.8,898.66,815.73,808.71
8784,2023-02-24T00:26:03.920000,7463840281,475.77,175.56,82.73,101.85,524.93,900.29,817.14,810.32
8785,2023-02-24T00:26:03.925000,7463840282,476.73,176.12,85.19,102.71,525.94,902.14,818.5,811.8
8786,2023-02-24T00:26:03.930000,7463840283,476.1,175.17,83.58,100.99,523.93,901.58,816.61,810.31
8787,2023-02-24T00:26:03.935000,7463840284,475.08,174.71,82.66,100.95,523.07,900.95,817.08,808.94
8788,2023-02-24T00:26:03.940000,7463840285,476.8,176.13,84.05,102.07,524.45,901.99,817.99,810.05
8789,2023-02-24T00:26:03.945000,7463840286,476.54,176.36,84.71,103.21,524.55,901.92,819.01,810.6
8790,2023-02-24T00:26:03.950000,7463840287,475.97,174.46,83.54,100.98,523.37,899.89,816.88,809.73
8791,2023-02-24T00:26:03.955000,7463840288,475.19,174.46,82.98,101.77,523.26,899.16,816.26,809.53
8792,2023-02-24T00:26:03.960000,7463840289,477.09,175.6,84.35,102.05,524.16,900.3,818.24,810.32
8793,2023-02-24T00:26:03.965000,7463840290,477.94,176.05,84.73,102.32,524.54,900.72,818.84,811.07
8794,2023-02-24T00:26:03.970000,7463840291,476.02,174.42,82.93,100.8,523.06,899.93,816.86,809.84
8795,2023-02-24T00:26:03.975000,7463840292,476.02,173.84,83.37,100.62,522.89,899.05,816.62,809.8
8796,2023-02-24T00:26:03.980000,7463840293,477.22,175.44,84.21,102.18,524.04,900.35,818.13,810.15
8797,2023-02-24T00:26:03.985000,7463840294,477.9,176.69,85.3,103.33,524.76,901.71,819.23,810.75
8798,2023-02-24T00:26:03.990000,7463840295,475.74,175.19,83.52,100.77,523.45,899.02,817.21,809.18
8799,2023-02-24T00:26:03.995000,7463840296,475.21,174.4,83.07,101.56,523.55,898.54,816.29,809.73
8800,2023-02-24T00:26:04,7463840297,475.8,174.87,83.44,100.94,523.54,899.71,817.88,810.63
8801,2023-02-24T00:26:04.005000,7463840298,476.62,176.87,85.08,102.99,524.54,901.67,818.88,810.55
8802,2023-02-24T00:26:04.010000,7463840299,475.48,175.54,83.18,101.21,522.97,899.73,816.37,809.41
8803,2023-02-24T00:26:04.015000,7463840300,475.39,175.29,83.85,101.8,523.68,900.54,817.2,809.31
8804,2023-02-24T00:26:04.020000,7463840301,475.67,175.85,84.04,101.69,524.07,900.2,817.22,809.61
8805,2023-02-24T00:26:04.025000,7463840302,476.82,176.78,84.69,102.92,525.51,900.97,818.56,810.74
8806,2023-02-24T00:26:04.030000,7463840303,476.04,175.18,83.33,101.26,523.69,899.61,817.12,809.77
8807,2023-02-24T00:26:04.035000,7463840304,476.83,175.24,83.26,101.58,524.05,899.59,817.26,810.32
8808,2023-02-24T00:26:04.040000,7463840305,475.96,174.81,84.08,100.94,523.43,900.18,817.16,810.22
8809,2023-02-24T00:26:04.045000,7463840306,477.74,176.54,84.28,101.94,524.75,902.11,818.98,811.6
8810,2023-02-24T00:26:04.050000,7463840307,475.97,174.79,82.97,101.69,523.29,900.39,817.15,809.73
8811,2023-02-24T00:26:04.055000,7463840308,476.41,174.83,83.74,101.88,523.79,900.24,818.42,809.97
8812,2023-02-24T00:26:04.060000,7463840309,476.31,174.47,83.87,101.03,523.66,899.18,817.25,810.08
8813,2023-02-24T00:26:04.065000,7463840310,477.16,175.11,84.55,102.32,524.05,900.65,818.38,811.24
8814,2023-02-24T00:26:04.070000,7463840311,476.24,174.62,83.23,101.13,523.17,898.57,817.34,811.03
8815,2023-02-24T00:26:04.075000,7463840312,477.2,174.79,83.74,101,523.32,899.93,817.91,810.43
8816,2023-02-24T00:26:04.080000,7463840313,475.93,174.48,83.55,100.91,522.79,900.06,817.81,810.35
8817,2023-02-24T00:26:04.085000,7463840314,476.24,174.52,83.28,101.93,522.47,899.98,817.46,809.94
8818,2023-02-24T00:26:04.090000,7463840315,475.59,175.15,83.26,101.26,523,899.44,816.98,809.67
8819,2023-02-24T00:26:04.095000,7463840316,476.83,175.34,83.68,101.74,524.28,899.9,818.44,810.21
8820,2023-02-24T00:26:04.100000,7463840317,476.74,174.72,83.71,100.96,524.08,899.59,817.17,809.74
8821,2023-02-24T00:26:04.105000,7463840318,475.24,174.53,82.67,100.76,522.31,898.8,815.18,809.54
8822,2023-02-24T00:26:04.110000,7463840319,475.39,174.02,83.4,100.94,522.82,899.69,815.38,809
8823,2023-02-24T00:26:04.115000,7463840320,477.03,175.53,84.72,102.16,524.29,901.82,817.23,810.3
8824,2023-02-24T00:26:04.120000,7463840321,475.38,174.65,84.15,101.57,523.08,900.56,815.95,808.45
8825,2023-02-24T00:26:04.125000,7463840322,474.45,173.59,81.64,100.46,521.13,897.56,813.65,806.48
8826,2023-02-24T00:26:04.130000,7463840323,475.58,175.8,83.36,100.99,523.48,899.19,815.33,807.75
8827,2023-02-24T00:26:04.135000,7463840324,477.89,176.29,84.22,103.03,525.6,900.57,816.28,808.45
8828,2023-02-24T00:26:04.140000,7463840325,476.52,175.41,83.37,101.58,524.36,899.07,814.34,807.91
8829,2023-02-24T00:26:04.145000,7463840326,475.19,173.35,82.01,99.6,522.63,896.72,811.97,806.84
8830,2023-02-24T00:26:04.150000,7463840327,476,174.13,83.29,100.59,523.28,899.21,814.37,808.16
8831,2023-02-24T00:26:04.155000,7463840328,477.37,175.57,84.75,101.91,523.74,901.51,817.37,809.19
8832,2023-02-24T00:26:04.160000,7463840329,476.75,175.28,83.83,101.59,522.77,901.08,816.18,808.63
8833,2023-02-24T00:26:04.165000,7463840330,473.39,172.87,81.88,99.83,520.29,897.58,812.85,807.53
8834,2023-02-24T00:26:04.170000,7463840331,475.32,175.04,83.51,101.48,522.73,899.4,815.83,809.05
8835,2023-02-24T00:26:04.175000,7463840332,476.95,175.93,83.73,101.88,524.66,899.54,817.06,809.32
8836,2023-02-24T00:26:04.180000,7463840333,476.88,175.45,82.91,101.61,524.43,898.98,816.9,809.04
8837,2023-02-24T00:26:04.185000,7463840334,474.6,173.32,81.94,100.1,521.85,896.19,813.67,807.94
8838,2023-02-24T00:26:04.190000,7463840335,475.61,175.44,83.33,101.95,523.3,898.58,815.5,809.3
8839,2023-02-24T00:26:04.195000,7463840336,475.7,175.45,83.78,102.33,523.54,900.35,816.16,809.56
8840,2023-02-24T00:26:04.200000,7463840337,476.63,175.23,83.66,101.96,523.44,901.13,816.37,808.95
8841,2023-02-24T00:26:04.205000,7463840338,475.59,174.5,83.35,100.78,523.63,899.45,814.52,807.89
8842,2023-02-24T00:26:04.210000,7463840339,476.73,174.96,83.78,101.14,523.85,899.37,815.05,807.71
8843,2023-02-24T00:26:04.215000,7463840340,475.51,174.87,82.27,100.21,522.37,898.53,814.13,807.34
8844,2023-02-24T00:26:04.220000,7463840341,476.31,175.47,83.84,101.82,524.25,899.22,816.01,808.39
8845,2023-02-24T00:26:04.225000,7463840342,477.19,176.96,84.95,102.72,524.84,900.76,816.96,809.74
8846,2023-02-24T00:26:04.230000,7463840343,475.85,175.45,83.81,101.72,523.49,900.14,816.41,809.08
8847,2023-02-24T00:26:04.235000,7463840344,474.18,174.93,82.55,100.63,521.94,898.93,815.74,808.21
8848,2023-02-24T00:26:04.240000,7463840345,476.62,175.8,83.61,101.18,523,900.06,816.38,809.11
8849,2023-02-24T00:26:04.245000,7463840346,477.7,177.36,85.41,103.54,524.87,902.21,817.83,810.51
8850,2023-02-24T00:26:04.250000,7463840347,476.73,175.45,84.03,101.75,524.01,899.72,815.7,808.97
8851,2023-02-24T00:26:04.255000,7463840348,475.14,173.44,82.16,100.18,522.37,896.54,814.93,806.82
8852,2023-02-24T00:26:04.260000,7463840349,476.4,175.32,84.38,101.96,524.39,899.47,816.63,808.97
8853,2023-02-24T00:26:04.265000,7463840350,479.57,178.3,86.92,104.8,526.38,903.64,820.16,811.62
8854,2023-02-24T00:26:04.270000,7463840351,476.48,175.32,84.25,101.8,523.53,900.58,816.58,808.89
8855,2023-02-24T00:26:04.275000,7463840352,474.53,173.75,82.07,99.75,521.14,898.56,813.82,807.97
8856,2023-02-24T00:26:04.280000,7463840353,476.03,175.48,83.46,101.27,523.42,900.39,816.41,808.62
8857,2023-02-24T00:26:04.285000,7463840354,479.96,179.4,86.8,105.12,527.14,904.76,820.99,811.5
8858,2023-02-24T00:26:04.290000,7463840355,476.21,175.22,83.87,102.16,523.58,899.72,816,809.13
8859,2023-02-24T00:26:04.295000,7463840356,474.24,173,81.4,99.05,522.21,896.56,812.87,807.67
8860,2023-02-24T00:26:04.300000,7463840357,477.15,175.39,83.81,101.88,524.25,899.96,816.25,809.62
8861,2023-02-24T00:26:04.305000,7463840358,479.62,178.41,87.72,105.42,527.66,904.87,821.26,811.36
8862,2023-02-24T00:26:04.310000,7463840359,476.49,175.26,84.19,102.41,523.46,900.25,816.34,809.44
8863,2023-02-24T00:26:04.315000,7463840360,475.39,172.85,82.65,99.56,520.51,897.33,813.84,808.74
8864,2023-02-24T00:26:04.320000,7463840361,476.84,174.48,84.2,101.57,523.45,900.24,817.29,809.24
8865,2023-02-24T00:26:04.325000,7463840362,480.24,177.97,86.31,104.31,527.36,903.6,821.57,812.34
8866,2023-02-24T00:26:04.330000,7463840363,476.35,174.51,83.47,101.72,523.79,899.02,816.73,810.89
8867,2023-02-24T00:26:04.335000,7463840364,474.97,172.37,82.12,100.03,521.52,896.31,814.69,809.59
8868,2023-02-24T00:26:04.340000,7463840365,476.6,174.41,83.14,102.08,522.73,898.98,817.65,810.42
8869,2023-02-24T00:26:04.345000,7463840366,479.08,176.81,85.91,103.78,524.82,903.36,821.35,811.83
8870,2023-02-24T00:26:04.350000,7463840367,476.25,173.97,83.21,101.35,522.32,899.68,817.43,809.32
8871,2023-02-24T00:26:04.355000,7463840368,475.62,172.94,83.24,100.64,521.19,897.81,816.11,809.6
8872,2023-02-24T00:26:04.360000,7463840369,477.29,174.87,83.87,102.05,523.52,898.46,817.67,811.13
8873,2023-02-24T00:26:04.365000,7463840370,479.24,176.01,84.96,103.38,525.32,901.34,820,811.43
8874,2023-02-24T00:26:04.370000,7463840371,476.88,174.1,83.82,101.13,522.72,898.82,816.04,809.74
8875,2023-02-24T00:26:04.375000,7463840372,476.07,173.74,83.73,101.31,521.93,898.23,814.76,809.52
8876,2023-02-24T00:26:04.380000,7463840373,477.12,174.15,84.06,101.84,522.34,899.03,815.88,808.85
8877,2023-02-24T00:26:04.385000,7463840374,477.22,174.66,83.72,101.86,523.37,899.69,816.14,808.1
8878,2023-02-24T00:26:04.390000,7463840375,477.42,174.14,84.01,102.06,523.73,899.35,814.78,808.08
8879,2023-02-24T00:26:04.395000,7463840376,478.21,174.81,84.13,101.7,524.45,898.32,815.14,807.84
8880,2023-02-24T00:26:04.400000,7463840377,476.82,174.22,83.68,101.08,524.55,897.59,815.11,807.86
8881,2023-02-24T00:26:04.405000,7463840378,476.21,174.14,83.16,100.64,523.47,897.89,814.98,807.44
8882,2023-02-24T00:26:04.410000,7463840379,476.9,174.46,83.52,101.6,523.04,898.89,815.19,808.4
8883,2023-02-24T00:26:04.415000,7463840380,476.64,174.99,84.85,102.72,523.77,901.06,816.99,809.7
8884,2023-02-24T00:26:04.420000,7463840381,475.52,174.73,82.93,101.36,521.65,900.5,816.67,808.73
8885,2023-02-24T00:26:04.425000,7463840382,475.01,174.49,81.84,100.43,522.05,898.38,815.34,808.27
8886,2023-02-24T00:26:04.430000,7463840383,477.13,175.2,84.07,101.73,524.21,898.4,816.12,809.78
8887,2023-02-24T00:26:04.435000,7463840384,478.21,176,85.91,102.54,525.7,900.4,817.77,809.95
8888,2023-02-24T00:26:04.440000,7463840385,476.39,174.1,83.38,101.03,523.58,898.81,815.49,807.64
8889,2023-02-24T00:26:04.445000,7463840386,474.67,173.79,82.36,99.93,522.09,897.55,813.93,806.98
8890,2023-02-24T00:26:04.450000,7463840387,476.65,173.9,83.71,101.87,524.06,898.79,815.61,808.42
8891,2023-02-24T00:26:04.455000,7463840388,477.57,175.17,85.09,102.45,524.66,900.44,817.28,809
8892,2023-02-24T00:26:04.460000,7463840389,476.31,174.28,83.21,101.19,522.56,898.88,815.03,807.94
8893,2023-02-24T00:26:04.465000,7463840390,475.48,173.09,82.2,99.48,522.38,897.59,813.42,806.45
8894,2023-02-24T00:26:04.470000,7463840391,478.14,174.93,84.58,101.4,523.58,900.4,815.81,809.27
8895,2023-02-24T00:26:04.475000,7463840392,477.96,175.06,85.31,102.02,524,900.95,817.5,810
8896,2023-02-24T00:26:04.480000,7463840393,475.96,173.29,83.06,100.2,521.98,899.2,815.19,808.53
8897,2023-02-24T00:26:04.485000,7463840394,475.58,172.52,82.1,99.82,521.22,897.36,814.55,807.51
8898,2023-02-24T00:26:04.490000,7463840395,477.75,174.82,84.86,102.66,523.21,900,817.35,809.73
8899,2023-02-24T00:26:04.495000,7463840396,477.37,175.55,84.42,102.43,524.16,900.59,817.71,809.58
8900,2023-02-24T00:26:04.500000,7463840397,476.47,174.14,82.79,101.69,522.32,897.92,814.68,808.23
8901,2023-02-24T00:26:04.505000,7463840398,475.7,173.39,82.3,100.51,521.88,897.16,813.64,807.41
8902,2023-02-24T00:26:04.510000,7463840399,477.58,175.53,84.36,102.05,524.17,900.28,815.89,808.66
8903,2023-02-24T00:26:04.515000,7463840400,477.55,175.15,84.41,102.13,523.9,899.96,815.5,807.99
8904,2023-02-24T00:26:04.520000,7463840401,476.78,173.94,83.68,101.16,522.82,898.03,814.22,807.92
8905,2023-02-24T00:26:04.525000,7463840402,474.96,173.38,82.27,100.26,521.83,897.16,813.28,806.44
8906,2023-02-24T00:26:04.530000,7463840403,476.99,175.7,84.08,102.05,524.6,900.51,815.83,808.55
8907,2023-02-24T00:26:04.535000,7463840404,477.6,175.34,83.83,102.1,524.13,900.2,815.83,808.51
8908,2023-02-24T00:26:04.540000,7463840405,476.57,174.78,83.56,100.87,523.98,898.7,814.88,808.01
8909,2023-02-24T00:26:04.545000,7463840406,475.55,174.41,81.71,99.37,522.36,898,813.24,807.49
8910,2023-02-24T00:26:04.550000,7463840407,477.22,175.41,83.72,101.81,524,899.88,816.36,808.9
8911,2023-02-24T00:26:04.555000,7463840408,477.61,174.93,84.3,101.48,523.36,899.81,815.65,808.51
8912,2023-02-24T00:26:04.560000,7463840409,476.31,174.6,83.88,100.69,522.3,899.83,815.92,807.96
8913,2023-02-24T00:26:04.565000,7463840410,475.77,173.89,82.74,100.55,522.49,898.15,815.05,807.52
8914,2023-02-24T00:26:04.570000,7463840411,476.73,175.24,84.55,102.38,524.43,899.6,816.85,808.85
8915,2023-02-24T00:26:04.575000,7463840412,476.53,175.14,83.17,101.21,523.37,898.96,815.46,808.89
8916,2023-02-24T00:26:04.580000,7463840413,476.8,174.99,83.67,101.52,523.68,898.43,815.21,808.8
8917,2023-02-24T00:26:04.585000,7463840414,476.13,174.75,82.85,99.84,522.32,898.55,814.31,807.96
8918,2023-02-24T00:26:04.590000,7463840415,477.27,174.65,83.82,101.78,523.43,900.02,816.66,808.73
8919,2023-02-24T00:26:04.595000,7463840416,476.89,174.83,83.5,101.05,522.66,899.56,815.15,808.12
8920,2023-02-24T00:26:04.600000,7463840417,475.2,174.33,83.39,100.93,522.41,899.51,814.48,807.82
8921,2023-02-24T00:26:04.605000,7463840418,475.59,174.17,83.83,101.44,522.59,898.32,814.35,808.27
8922,2023-02-24T00:26:04.610000,7463840419,477.02,174.59,84.63,101.94,523.7,898.87,815.7,808.69
8923,2023-02-24T00:26:04.615000,7463840420,476.61,174.96,83.1,101.22,523.29,897.18,814.84,808.12
8924,2023-02-24T00:26:04.620000,7463840421,476.32,174.58,82.92,100.91,523.54,898.27,815.39,808.3
8925,2023-02-24T00:26:04.625000,7463840422,477.81,175.4,84.22,100.98,523.48,899.78,815.98,809.22
8926,2023-02-24T00:26:04.630000,7463840423,476.7,174.26,83.51,101.5,522.53,899.92,815.77,808.43
8927,2023-02-24T00:26:04.635000,7463840424,475.18,174.06,82.85,101.04,521.68,898.19,814.86,807.71
8928,2023-02-24T00:26:04.640000,7463840425,475.96,175.2,82.82,101.5,521.91,898.75,815.36,808.18
8929,2023-02-24T00:26:04.645000,7463840426,477.31,176.7,84.62,102.78,524.93,899.98,817.31,809.69
8930,2023-02-24T00:26:04.650000,7463840427,476.25,175.81,84.18,101.41,523.91,898.65,815.92,808.4
8931,2023-02-24T00:26:04.655000,7463840428,476.48,173.73,82.56,100.27,521.85,897.67,813.73,807.82
8932,2023-02-24T00:26:04.660000,7463840429,477.3,174.97,84.2,100.92,522.43,899.97,814.74,808.5
8933,2023-02-24T00:26:04.665000,7463840430,478.56,176.37,85.97,103.46,523.84,902.24,817.78,809.57
8934,2023-02-24T00:26:04.670000,7463840431,476.78,175.55,84.12,100.67,522.38,900.74,815.59,807.56
8935,2023-02-24T00:26:04.675000,7463840432,475.01,174.15,82.71,100.18,521.8,897.84,813.85,806.27
8936,2023-02-24T00:26:04.680000,7463840433,476.52,175.05,83.68,101.49,523.18,898.34,814.72,807.58
8937,2023-02-24T00:26:04.685000,7463840434,478.82,176.93,85.73,103.51,526.46,901.27,817.49,809.67
8938,2023-02-24T00:26:04.690000,7463840435,477.2,175.21,84.6,101.41,524.92,897.66,814.76,808
8939,2023-02-24T00:26:04.695000,7463840436,475.94,173.64,83.82,101.22,523.13,896.96,813.43,807.89
8940,2023-02-24T00:26:04.700000,7463840437,476.06,175.12,84.39,101.46,523.02,898.83,814.16,807.77
8941,2023-02-24T00:26:04.705000,7463840438,478.35,176.91,85.1,103.07,524.16,902.88,817.55,809.31
8942,2023-02-24T00:26:04.710000,7463840439,476.82,174.78,82.89,101.55,522.73,899.84,815.21,807.99
8943,2023-02-24T00:26:04.715000,7463840440,474.68,174.25,83.19,100.56,522.18,898.64,814.36,807.26
8944,2023-02-24T00:26:04.720000,7463840441,476.04,175.2,84.11,100.61,523.59,898.11,814.53,807.92
8945,2023-02-24T00:26:04.725000,7463840442,477.98,176.36,85.32,102.03,524.84,899.47,817.44,808.73
8946,2023-02-24T00:26:04.730000,7463840443,476.23,174.75,83.6,100.99,524.4,897.46,815.26,807.59
8947,2023-02-24T00:26:04.735000,7463840444,476.7,174.25,83.7,101.17,523.15,897.46,814.84,806.96
8948,2023-02-24T00:26:04.740000,7463840445,475.56,174.78,84.16,101.39,523.07,898.71,814.74,807.69
8949,2023-02-24T00:26:04.745000,7463840446,476.17,175.22,83.42,101.65,522.42,899.28,815.29,807.52
8950,2023-02-24T00:26:04.750000,7463840447,476.07,175.06,83.87,101.56,522.07,899.93,815.02,807.25
8951,2023-02-24T00:26:04.755000,7463840448,476.53,175.21,84.27,101.6,522.89,899.71,814.75,807.99
8952,2023-02-24T00:26:04.760000,7463840449,476.47,175.27,83.42,101.24,523.11,898.69,814.41,807.89
8953,2023-02-24T00:26:04.765000,7463840450,475.49,174.07,82.78,100.04,522.49,896.83,814.28,807.06
8954,2023-02-24T00:26:04.770000,7463840451,476.68,174.65,83.61,100.96,523.15,897.53,815.17,808.23
8955,2023-02-24T00:26:04.775000,7463840452,478.02,175.18,85.03,102.31,524.22,898.48,815.81,808.85
8956,2023-02-24T00:26:04.780000,7463840453,477.14,174.41,83.78,100.77,522.32,898.07,814.54,807.34
8957,2023-02-24T00:26:04.785000,7463840454,475.28,172.64,81.77,99.04,520.49,897.15,813.42,806.03
8958,2023-02-24T00:26:04.790000,7463840455,476.71,174.37,83.5,100.83,522.59,899.99,815.36,807.87
8959,2023-02-24T00:26:04.795000,7463840456,477.6,175.29,84.62,102.51,523.25,900.71,815.98,808.63
8960,2023-02-24T00:26:04.800000,7463840457,475.89,174.31,83.84,101.38,522.51,898.03,814.31,807.69
8961,2023-02-24T00:26:04.805000,7463840458,474.73,172.33,81.95,99.2,521.58,894.77,811.96,806.31
8962,2023-02-24T00:26:04.810000,7463840459,477.22,174.15,83.79,100.94,524.51,897.61,814.93,808.12
8963,2023-02-24T00:26:04.815000,7463840460,477.99,175.78,84.01,102.19,525.41,899.19,816.42,809.55
8964,2023-02-24T00:26:04.820000,7463840461,476.17,173.84,82.96,100.8,522.9,898.25,814.83,807.72
8965,2023-02-24T00:26:04.825000,7463840462,473.74,172.15,81.22,98.41,519.67,896.26,811.88,806.3
8966,2023-02-24T00:26:04.830000,7463840463,476.64,174.63,83.41,101.05,521.62,900.08,815.33,808.13
8967,2023-02-24T00:26:04.835000,7463840464,477.85,175.68,85.02,102.49,523.29,900.86,816.92,809.61
8968,2023-02-24T00:26:04.840000,7463840465,476.34,173.85,83.33,100.65,521.88,897.88,814.08,807.79
8969,2023-02-24T00:26:04.845000,7463840466,475.09,171.9,81.07,98.53,520.24,893.95,811.39,806.14
8970,2023-02-24T00:26:04.850000,7463840467,476.72,173.97,84.18,101.5,523.82,898.05,815.16,807.51
8971,2023-02-24T00:26:04.855000,7463840468,478.19,174.57,85.01,102.44,524.1,899.84,817.09,808.63
8972,2023-02-24T00:26:04.860000,7463840469,476.78,173.78,83.58,100.55,521.16,898.05,813.65,806.7
8973,2023-02-24T00:26:04.865000,7463840470,474.25,171.58,81.35,98.89,518.73,895.98,810.61,806.25
8974,2023-02-24T00:26:04.870000,7463840471,476.96,174.52,83.05,101.58,521.55,899.74,814.77,807.57
8975,2023-02-24T00:26:04.875000,7463840472,478.18,175.49,84.27,102.36,522.86,899.9,815.58,807.69
8976,2023-02-24T00:26:04.880000,7463840473,476.75,174.35,83.15,100.81,522.86,897.32,813.61,806.89
8977,2023-02-24T00:26:04.885000,7463840474,475.22,172.31,82.02,99.43,521.49,893.81,810.26,805.56
8978,2023-02-24T00:26:04.890000,7463840475,477.27,174.28,83.85,101.23,523.33,897.01,814.3,807.51
8979,2023-02-24T00:26:04.895000,7463840476,477.8,174.6,84.37,102.05,522.97,899.26,815,807.57
8980,2023-02-24T00:26:04.900000,7463840477,476.28,174.27,83.7,101.67,520.65,899.41,813.66,806.6
8981,2023-02-24T00:26:04.905000,7463840478,475.4,173.29,82.43,100.21,519.04,898.53,811.71,805.12
8982,2023-02-24T00:26:04.910000,7463840479,476.9,174.86,83.78,101.37,521.74,900.13,813.17,806.91
8983,2023-02-24T00:26:04.915000,7463840480,476.97,174.98,84.11,101.48,523.04,898.7,813.81,806.89
8984,2023-02-24T00:26:04.920000,7463840481,476.6,174.65,84.26,100.99,523.24,897.13,812.88,806.73
8985,2023-02-24T00:26:04.925000,7463840482,476.88,173.77,83.36,101.16,523.64,896.01,811.94,807.71
8986,2023-02-24T00:26:04.930000,7463840483,476.58,174.22,83.2,100.65,524.24,896.42,814.05,806.33
8987,2023-02-24T00:26:04.935000,7463840484,476.89,174.42,83.54,101.57,522.58,897.98,813.81,807.39
8988,2023-02-24T00:26:04.940000,7463840485,476.72,174.42,83.75,101.39,521.24,899.06,813.34,806.79
8989,2023-02-24T00:26:04.945000,7463840486,477.57,174.13,83.89,101.46,521.27,900.39,813.56,806.71
8990,2023-02-24T00:26:04.950000,7463840487,477.26,174.66,84.04,101.31,521.25,900.47,813.76,806.13
8991,2023-02-24T00:26:04.955000,7463840488,476.89,173.37,83.71,100.91,521.8,898.24,812.83,806.36
8992,2023-02-24T00:26:04.960000,7463840489,477.19,174.75,83.58,101.32,523.38,897.66,813.4,806.82
8993,2023-02-24T00:26:04.965000,7463840490,476.73,174.52,84.94,101.67,524.14,897.2,813.5,806.73
8994,2023-02-24T00:26:04.970000,7463840491,476.42,173.74,82.45,100.38,523.24,897.22,812.83,805.57
8995,2023-02-24T00:26:04.975000,7463840492,476.69,173.14,83.28,99.84,522.01,897.4,812.27,805.51
8996,2023-02-24T00:26:04.980000,7463840493,477.28,174.79,83.97,101.2,522.37,899.87,814.01,807.01
8997,2023-02-24T00:26:04.985000,7463840494,477.34,174.68,85.09,102.04,521.91,900.26,813.93,808.14
8998,2023-02-24T00:26:04.990000,7463840495,476.83,174.17,82.97,99.73,520.39,898.46,812.21,806.23
8999,2023-02-24T00:26:04.995000,7463840496,476.12,173.29,83.13,100.27,521.8,897.03,812.59,806.94
9000,2023-02-24T00:26:05,7463840497,477.17,175.99,84.04,101.82,523.46,898.15,814.41,807.73
9001,2023-02-24T00:26:05.005000,7463840498,477.19,175.8,84.75,102.78,524.88,898.15,814.98,808.36
9002,2023-02-24T00:26:05.010000,7463840499,475.24,173.88,82.61,100.63,522.04,897.02,813.84,806.49
9003,2023-02-24T00:26:05.015000,7463840500,476.28,173.93,82.66,100.16,521.48,898.08,812.77,805.92
9004,2023-02-24T00:26:05.020000,7463840501,477.18,175.74,84.17,101.68,521.79,900.87,815.53,807.73
9005,2023-02-24T00:26:05.025000,7463840502,477.76,175.37,84.15,101.58,522.04,901.87,815.18,807.75
9006,2023-02-24T00:26:05.030000,7463840503,476.11,173.42,83.03,100.28,520.97,897.84,813,806.04
9007,2023-02-24T00:26:05.035000,7463840504,477.25,173.9,82.93,100.21,521.72,897.38,813.05,807.29
9008,2023-02-24T00:26:05.040000,7463840505,478.21,175.27,84.43,101.69,524.27,897.99,814.96,808.36
9009,2023-02-24T00:26:05.045000,7463840506,478.86,174.65,85.15,102.39,525.46,897.74,815.64,808.97
9010,2023-02-24T00:26:05.050000,7463840507,476.87,173.15,83.22,100.46,522.17,896.4,814.13,806.92
9011,2023-02-24T00:26:05.055000,7463840508,476.21,173.45,83.6,100.5,521.66,897.06,815,807.77
9012,2023-02-24T00:26:05.060000,7463840509,477.36,174.48,84.1,101.68,521.64,899.64,817.04,809.58
9013,2023-02-24T00:26:05.065000,7463840510,478.4,175.45,85.25,102.73,523.27,901.16,817.99,809.75
9014,2023-02-24T00:26:05.070000,7463840511,476.37,173.73,83.45,100.49,520.32,898.93,814.52,809.05
9015,2023-02-24T00:26:05.075000,7463840512,476,173.7,83.88,100.12,520.95,898.57,814.78,808.85
9016,2023-02-24T00:26:05.080000,7463840513,477.41,174.33,84.65,102.3,523.9,898.91,816.36,809.39
9017,2023-02-24T00:26:05.085000,7463840514,478.45,175.1,85.21,102.51,524.19,899.21,817.23,809
9018,2023-02-24T00:26:05.090000,7463840515,476.31,173.42,83.7,100.29,522.55,896.59,814.09,807.14
9019,2023-02-24T00:26:05.095000,7463840516,476.2,173.71,83.82,100.91,522.99,897.41,814.32,808.19
9020,2023-02-24T00:26:05.100000,7463840517,478.42,175.07,84.31,101.68,522.61,899.13,815.32,809.15
9021,2023-02-24T00:26:05.105000,7463840518,478.19,175.3,85.04,101.79,522.77,900.29,815.82,808.64
9022,2023-02-24T00:26:05.110000,7463840519,476.6,173.88,84.08,100.25,519.91,897.93,814.35,807.4
9023,2023-02-24T00:26:05.115000,7463840520,476.77,173.66,84.05,101.17,521.71,897.99,814.93,807.37
9024,2023-02-24T00:26:05.120000,7463840521,476.79,174.9,84.57,101.92,522.48,897.78,815.56,808.28
9025,2023-02-24T00:26:05.125000,7463840522,477.52,175.32,85.05,102.94,523.32,898.29,817.03,809.51
9026,2023-02-24T00:26:05.130000,7463840523,476.14,173.46,83.18,100.62,521.67,896.23,814.61,808.68
9027,2023-02-24T00:26:05.135000,7463840524,477,173.65,83.31,101.19,521.63,897.5,814.95,808.7
9028,2023-02-24T00:26:05.140000,7463840525,477.25,173.8,83.62,101.22,520.81,898.19,816.1,809.48
9029,2023-02-24T00:26:05.145000,7463840526,478.34,174.61,84.71,101.71,521.75,899.57,817.41,810.28
9030,2023-02-24T00:26:05.150000,7463840527,476.29,173.9,83.66,100.59,520.06,897.15,815.01,809.05
9031,2023-02-24T00:26:05.155000,7463840528,476.17,173.49,83.78,100.87,521.3,898,814.89,809.3
9032,2023-02-24T00:26:05.160000,7463840529,477.03,173.66,84.08,101.89,522.28,897.81,815.87,808.8
9033,2023-02-24T00:26:05.165000,7463840530,477.86,173.65,83.66,101.08,522.74,897.66,815.56,808.8
9034,2023-02-24T00:26:05.170000,7463840531,477.26,173.21,82.93,100.34,521.8,896.81,814.7,808.23
9035,2023-02-24T00:26:05.175000,7463840532,477.28,173.34,84.06,100.57,522.2,897.6,815.36,808.7
9036,2023-02-24T00:26:05.180000,7463840533,477.12,173.59,83.6,101.14,521.49,898.2,815.4,809.14
9037,2023-02-24T00:26:05.185000,7463840534,476.73,173.77,83.35,100.36,520.87,897.91,815.26,808.97
9038,2023-02-24T00:26:05.190000,7463840535,477.2,173.68,84.16,100.99,521.16,898.8,815.98,809.62
9039,2023-02-24T00:26:05.195000,7463840536,477.62,174.4,85.06,101.77,521.96,898.66,816.5,809.45
9040,2023-02-24T00:26:05.200000,7463840537,476.77,173.34,84.41,101.01,522.1,897.67,815.58,808.67
9041,2023-02-24T00:26:05.205000,7463840538,476.97,171.86,83.06,99.91,521.35,895.59,814.38,808.42
9042,2023-02-24T00:26:05.210000,7463840539,478.88,173.03,84.14,100.4,522.83,897.31,816.07,809.42
9043,2023-02-24T00:26:05.215000,7463840540,478.25,173.48,84.27,101.54,522.97,898.65,817.12,809.38
9044,2023-02-24T00:26:05.220000,7463840541,478.17,173.13,84.55,101.18,521.68,897.02,815.95,810.11
9045,2023-02-24T00:26:05.225000,7463840542,475.89,172.65,82.55,99.88,519.87,897.46,814.44,808.68
9046,2023-02-24T00:26:05.230000,7463840543,477.19,173.18,84.32,101,520.81,899.03,814.74,808.69
9047,2023-02-24T00:26:05.235000,7463840544,478.93,173.77,85.26,101.34,522.27,899.76,815.86,808.83
9048,2023-02-24T00:26:05.240000,7463840545,477.86,173.01,83.79,100.13,521.07,897.01,814.1,807.34
9049,2023-02-24T00:26:05.245000,7463840546,476.19,171.75,82.67,99.03,520.2,893.42,811.4,805.83
9050,2023-02-24T00:26:05.250000,7463840547,479.09,173.42,84.43,100.17,522.6,896.31,814.37,807.88
9051,2023-02-24T00:26:05.255000,7463840548,479.31,174.23,84.94,101,523.91,898.21,815.3,808.54
9052,2023-02-24T00:26:05.260000,7463840549,477.05,173.47,84.11,100.32,522.37,896.53,813.41,807.21
9053,2023-02-24T00:26:05.265000,7463840550,474.51,170.98,82.18,99.18,519.51,894.73,810.37,805.46
9054,2023-02-24T00:26:05.270000,7463840551,476.92,174.25,84.48,101.78,521.77,898.67,813.41,806.6
9055,2023-02-24T00:26:05.275000,7463840552,478.32,175,85.61,102.29,523.19,900.1,815.2,807.42
9056,2023-02-24T00:26:05.280000,7463840553,476.14,173.56,83.52,100.88,521.89,897.66,813.43,807.48
9057,2023-02-24T00:26:05.285000,7463840554,474.38,171.14,80.57,98.03,519.05,893.19,810.54,806.11
9058,2023-02-24T00:26:05.290000,7463840555,477.25,174.51,84.15,101.51,522.93,897.11,814.8,808.01
9059,2023-02-24T00:26:05.295000,7463840556,479.15,175.44,84.7,102.25,523.62,898.63,815.49,808.81
9060,2023-02-24T00:26:05.300000,7463840557,476.46,173.36,83.58,100.68,521.76,896.72,813.67,808.45
9061,2023-02-24T00:26:05.305000,7463840558,474.98,172.57,82.54,100.47,519.17,895.17,811.6,806.62
9062,2023-02-24T00:26:05.310000,7463840559,476.55,174.01,83.88,101.18,521.63,898,814.9,807.07
9063,2023-02-24T00:26:05.315000,7463840560,478.5,173.87,83.86,101.09,522.3,897.84,815.45,807.65
9064,2023-02-24T00:26:05.320000,7463840561,477.76,173.3,84.42,101.2,521.8,897.14,813.82,807.69
9065,2023-02-24T00:26:05.325000,7463840562,478.25,172.92,84.1,101.03,522.14,896.9,813.44,807.93
9066,2023-02-24T00:26:05.330000,7463840563,477.78,173.08,83.53,100.24,521.76,897.16,813.72,806.96
9067,2023-02-24T00:26:05.335000,7463840564,476.27,172.53,83.23,100.46,521,897.12,813.53,807.62
9068,2023-02-24T00:26:05.340000,7463840565,478.12,172.64,83.93,101.88,521.97,897.91,815.21,808.63
9069,2023-02-24T00:26:05.345000,7463840566,479.45,174.14,85.74,103.92,523.07,898.81,816.42,810.03
9070,2023-02-24T00:26:05.350000,7463840567,476.79,172.98,82.96,100.89,520.76,895.57,814.3,808.15
9071,2023-02-24T00:26:05.355000,7463840568,476.23,172.56,81.64,99.1,519.59,894.31,812.31,806.68
9072,2023-02-24T00:26:05.360000,7463840569,478.9,175.34,84.07,101.81,522.44,898,814.88,808.99
9073,2023-02-24T00:26:05.365000,7463840570,480.8,178.03,87.52,105.26,525.2,902.21,819.31,811.28
9074,2023-02-24T00:26:05.370000,7463840571,474.33,173.38,83.35,100.37,519.77,896.54,813,806.01
9075,2023-02-24T00:26:05.375000,7463840572,474.27,171.85,81.38,98.35,518.81,895.43,811.65,804.82
9076,2023-02-24T00:26:05.380000,7463840573,478.03,175.69,84.56,102.07,523.88,899.61,815,807.14
9077,2023-02-24T00:26:05.385000,7463840574,481.89,179.33,89.15,106.24,528.21,903.87,819.16,811.07
9078,2023-02-24T00:26:05.390000,7463840575,475.57,173.24,83.1,100.23,521.42,894.41,810.95,806.11
9079,2023-02-24T00:26:05.395000,7463840576,473.57,172.66,81.85,98.62,519.37,892.82,808.69,804.17
9080,2023-02-24T00:26:05.400000,7463840577,478.15,175.98,84.76,102.37,524,899.3,814.88,807.39
9081,2023-02-24T00:26:05.405000,7463840578,481.57,178.91,88.71,105.05,527.1,903.66,819.78,809.38
9082,2023-02-24T00:26:05.410000,7463840579,475.33,172.96,82.64,98.96,520,895.89,810.86,805.19
9083,2023-02-24T00:26:05.415000,7463840580,474.35,171.29,81.24,97.88,519.65,894.69,809.16,804.24
9084,2023-02-24T00:26:05.420000,7463840581,478.46,175.28,85.11,102.54,522.89,899.61,814.78,807.07
9085,2023-02-24T00:26:05.425000,7463840582,481.82,178.46,88.17,104.6,526.04,902.18,818.38,809.76
9086,2023-02-24T00:26:05.430000,7463840583,475.4,173.06,83.27,99.89,520.3,894.98,811.01,806.39
9087,2023-02-24T00:26:05.435000,7463840584,476.09,172.3,82.71,98.87,518.9,895.02,810.21,805.71
9088,2023-02-24T00:26:05.440000,7463840585,478,175.2,84.74,101.96,522.77,898.76,814.52,807.29
9089,2023-02-24T00:26:05.445000,7463840586,479.69,176.34,86.43,102.3,524.35,900.73,817.31,808.26
9090,2023-02-24T00:26:05.450000,7463840587,475.15,173.03,83.67,99.92,520.78,896.27,812.55,806.09
9091,2023-02-24T00:26:05.455000,7463840588,476.07,173.69,83.7,100.36,520.98,896.34,811.74,806.56
9092,2023-02-24T00:26:05.460000,7463840589,477.82,174.47,84.59,100.83,522.51,898.55,814.13,806.58
9093,2023-02-24T00:26:05.465000,7463840590,478.57,175.84,85.37,101.07,523.03,898.93,814.57,807.86
9094,2023-02-24T00:26:05.470000,7463840591,477.14,174.6,84.3,100.56,521.3,895.94,812.29,806.24
9095,2023-02-24T00:26:05.475000,7463840592,477.23,174.04,83.69,100.19,521.56,896.73,812.53,806.04
9096,2023-02-24T00:26:05.480000,7463840593,477.39,174.18,84.03,100.4,522.58,897.7,813.78,806.54
9097,2023-02-24T00:26:05.485000,7463840594,477.24,174.21,84.06,100.42,522.78,897.88,814.12,806.74
9098,2023-02-24T00:26:05.490000,7463840595,476.87,174.52,84.21,101.53,522.45,897.57,812.93,806.66
9099,2023-02-24T00:26:05.495000,7463840596,476.77,174.34,84,101.42,522.36,897.6,812.76,806.78
9100,2023-02-24T00:26:05.500000,7463840597,475.62,173.94,83.36,100.7,521.71,897.14,813.08,806.14
9101,2023-02-24T00:26:05.505000,7463840598,476.7,174.33,83.56,99.69,521.12,896.65,812.47,806.28
9102,2023-02-24T00:26:05.510000,7463840599,477.75,174.27,84.14,100.91,521.55,897.08,812.6,807.3
9103,2023-02-24T00:26:05.515000,7463840600,477.44,173.8,84.53,100.36,521.86,897.39,813.67,807.04
9104,2023-02-24T00:26:05.520000,7463840601,477.25,173.17,83.65,99.63,521,896.02,812.89,806.29
9105,2023-02-24T00:26:05.525000,7463840602,476.98,173.4,83.28,99.58,520.69,895.9,812.81,806.36
9106,2023-02-24T00:26:05.530000,7463840603,477.66,174.77,84.52,100.86,521.54,897.41,813.94,807.11
9107,2023-02-24T00:26:05.535000,7463840604,477.72,174.36,83.89,100.9,521.77,898.17,813.28,807.02
9108,2023-02-24T00:26:05.540000,7463840605,476.35,173.77,82.83,99.36,520.5,896.84,812.37,806.02
9109,2023-02-24T00:26:05.545000,7463840606,476.72,173.25,83.4,99.93,520.86,896.8,812.35,806.82
9110,2023-02-24T00:26:05.550000,7463840607,477.87,174.85,84.24,101.77,522.16,897.76,814.08,808.47
9111,2023-02-24T00:26:05.555000,7463840608,477.28,174.32,85,101.2,522.77,897.3,813.7,807.76
9112,2023-02-24T00:26:05.560000,7463840609,475.69,173.27,82.97,99.62,521.27,895.85,812.34,806.19
9113,2023-02-24T00:26:05.565000,7463840610,476.47,174.08,82.76,99.71,520.71,896.21,812.5,805.62
9114,2023-02-24T00:26:05.570000,7463840611,477.31,174.78,84.56,101.42,522.24,898.43,814.16,807.03
9115,2023-02-24T00:26:05.575000,7463840612,477.81,174.78,83.84,101.28,522.39,897.45,813.74,806.96
9116,2023-02-24T00:26:05.580000,7463840613,476.17,172.8,82.84,100.43,521.06,895.75,812.14,806.18
9117,2023-02-24T00:26:05.585000,7463840614,476.88,173.59,83.01,100.09,521.8,896.4,812.67,806.82
9118,2023-02-24T00:26:05.590000,7463840615,478.38,173.93,84.37,101.34,522.88,897.12,813.3,807.09
9119,2023-02-24T00:26:05.595000,7463840616,477.27,173.99,84.01,101.05,522,897.05,814.01,806.66
9120,2023-02-24T00:26:05.600000,7463840617,476.43,173.78,83.44,100.93,520.42,896.61,812.85,806.53
9121,2023-02-24T00:26:05.605000,7463840618,476.24,173.18,83.98,101,520.91,897.09,813.43,806.01
9122,2023-02-24T00:26:05.610000,7463840619,477.38,173.92,84.58,102.05,521.24,897.81,814.25,807.22
9123,2023-02-24T00:26:05.615000,7463840620,477.24,173.85,84.49,100.89,521.64,897.28,813.65,807.37
9124,2023-02-24T00:26:05.620000,7463840621,476.06,172.6,83.81,100.63,521.45,895.25,812.4,807.07
9125,2023-02-24T00:26:05.625000,7463840622,476.67,173.84,83.83,100.38,520.94,896.07,812.11,807.14
9126,2023-02-24T00:26:05.630000,7463840623,477.36,174.53,84.78,100.7,521.3,896.75,813.13,807.26
9127,2023-02-24T00:26:05.635000,7463840624,477.49,173.58,83.85,101.02,520.88,896.52,812.79,806.56
9128,2023-02-24T00:26:05.640000,7463840625,477.14,173.32,82.93,99.8,520.18,896.44,811.11,805.2
9129,2023-02-24T00:26:05.645000,7463840626,476.28,173.3,83.48,100.44,520.16,896.61,811.26,804.39
9130,2023-02-24T00:26:05.650000,7463840627,477.83,174.59,84.07,100.41,521.76,897.09,811.26,805.16
9131,2023-02-24T00:26:05.655000,7463840628,477.92,174.55,84.01,100.56,522.71,895.92,811.1,804.16
9132,2023-02-24T00:26:05.660000,7463840629,476.4,173.4,83.44,99.83,522.67,894.05,809.65,803.97
9133,2023-02-24T00:26:05.665000,7463840630,477.31,173.7,82.57,100.1,522.78,895.01,810.26,803.89
9134,2023-02-24T00:26:05.670000,7463840631,477.54,174.33,84.75,101.13,522.46,897,812.2,805.35
9135,2023-02-24T00:26:05.675000,7463840632,476.78,173.82,84.5,100.78,522.38,897.72,812.19,805.73
9136,2023-02-24T00:26:05.680000,7463840633,476.64,173.41,83.28,100.4,519.92,897.62,811.06,805.18
9137,2023-02-24T00:26:05.685000,7463840634,476.22,173.02,82.66,99.86,519.83,897.02,811.05,805.13
9138,2023-02-24T00:26:05.690000,7463840635,476.86,174.5,84.31,101.5,521.86,897.33,811.79,805.82
9139,2023-02-24T00:26:05.695000,7463840636,476.45,174.56,83.57,100.88,522.36,895.85,811.48,805.52
9140,2023-02-24T00:26:05.700000,7463840637,476.75,173.98,83.42,100.65,522.19,894.55,811.28,805.27
9141,2023-02-24T00:26:05.705000,7463840638,476.05,173.7,82.9,99.09,521.29,895.41,811.37,805.08
9142,2023-02-24T00:26:05.710000,7463840639,476.87,174.17,83.94,101.02,521.94,896.56,812.89,805.47
9143,2023-02-24T00:26:05.715000,7463840640,477.17,173.32,83.79,100.71,521.01,897.83,812.84,805.96
9144,2023-02-24T00:26:05.720000,7463840641,476.72,173.31,82.89,100.27,519.89,897.62,811.48,805.45
9145,2023-02-24T00:26:05.725000,7463840642,477.09,172.5,83.52,99.78,519.89,897.25,810.84,804.75
9146,2023-02-24T00:26:05.730000,7463840643,478.3,173.95,84.03,100.79,521.77,897.56,812.33,805.94
9147,2023-02-24T00:26:05.735000,7463840644,478.22,173.34,84.03,100.59,522.04,895.54,811.06,805.98
9148,2023-02-24T00:26:05.740000,7463840645,477.3,172.67,83.57,100.46,522.42,894.09,811.47,806
9149,2023-02-24T00:26:05.745000,7463840646,476.55,173.37,83.43,100.03,521.43,895.5,812.51,805.93
9150,2023-02-24T00:26:05.750000,7463840647,477.01,174.07,84.28,100.76,521.8,897.07,813.51,806.22
9151,2023-02-24T00:26:05.755000,7463840648,476.68,173.99,83.25,100.55,520.25,897.47,813.15,806.17
9152,2023-02-24T00:26:05.760000,7463840649,477.13,174.2,83.46,100.18,520.05,897.01,812.91,805.97
9153,2023-02-24T00:26:05.765000,7463840650,477.83,174.81,84.65,101.28,522.57,898.24,813.36,806.38
9154,2023-02-24T00:26:05.770000,7463840651,477.42,173.84,83.92,100.34,522,896.65,812.99,806.39
9155,2023-02-24T00:26:05.775000,7463840652,476.35,173.33,83.46,99.93,521.63,894.61,811.93,805.54
9156,2023-02-24T00:26:05.780000,7463840653,476.45,173.19,83.79,100.26,523.01,895.02,811.74,806.12
9157,2023-02-24T00:26:05.785000,7463840654,477.73,174.87,85.21,101.36,523.29,898.59,813.12,806.58
9158,2023-02-24T00:26:05.790000,7463840655,476.44,174.31,83.69,100.84,521.35,897.87,811.97,805.44
9159,2023-02-24T00:26:05.795000,7463840656,476.4,173.22,83.5,100.29,519.72,897.17,811.53,804.96
9160,2023-02-24T00:26:05.800000,7463840657,477.68,174.16,84.11,100.92,520.8,898.38,812.83,805.53
9161,2023-02-24T00:26:05.805000,7463840658,478.75,174.98,85.37,101.35,523.08,898.6,814.48,807.29
9162,2023-02-24T00:26:05.810000,7463840659,477.07,173.94,83.7,100.76,522.35,895.43,811.77,805.56
9163,2023-02-24T00:26:05.815000,7463840660,476.19,173.07,82.94,99.82,522.26,894.3,810.8,805.76
9164,2023-02-24T00:26:05.820000,7463840661,477.75,174.42,84.23,100.57,522.51,896.27,812.72,806.31
9165,2023-02-24T00:26:05.825000,7463840662,478.62,175.96,85.7,101.87,523.43,899.17,815.36,807.34
9166,2023-02-24T00:26:05.830000,7463840663,477.24,173.85,84,100.5,520.97,897.86,813.5,806.41
9167,2023-02-24T00:26:05.835000,7463840664,476.52,173.67,83.26,100.84,519.03,896.85,812.26,806.48
9168,2023-02-24T00:26:05.840000,7463840665,477.95,174.14,84.68,100.84,521.02,898.07,813.75,807.07
9169,2023-02-24T00:26:05.845000,7463840666,479.34,175.59,85.88,101.82,523.59,899.04,815.3,808.47
9170,2023-02-24T00:26:05.850000,7463840667,476.5,173.18,83.92,100,521.7,896,812.7,806.41
9171,2023-02-24T00:26:05.855000,7463840668,476.14,172.43,83.95,100.11,521.72,894.42,811.07,806.05
9172,2023-02-24T00:26:05.860000,7463840669,477.91,174.39,84.44,101.23,522.64,896.3,812.68,806.42
9173,2023-02-24T00:26:05.865000,7463840670,478.5,175.4,85.28,101.73,522.78,898.61,814.44,806.46
9174,2023-02-24T00:26:05.870000,7463840671,477.15,173.74,83.83,100.7,520.48,896.65,811.71,805.08
9175,2023-02-24T00:26:05.875000,7463840672,476.32,173.39,83.61,99.7,519.87,896.79,811.69,805.43
9176,2023-02-24T00:26:05.880000,7463840673,477.27,173.48,84.2,99.54,521.26,896.07,811.67,805.84
9177,2023-02-24T00:26:05.885000,7463840674,477.66,174.17,84.22,100.23,522.1,896.24,812.48,806.81
9178,2023-02-24T00:26:05.890000,7463840675,477.77,173.84,84.19,100.5,522.32,895.86,813.04,806.77
9179,2023-02-24T00:26:05.895000,7463840676,476.66,173.66,84.22,100.65,522.19,895.73,813.47,806.91
9180,2023-02-24T00:26:05.900000,7463840677,477.07,173.15,83.54,100.36,521.22,896.57,813.34,806.64
9181,2023-02-24T00:26:05.905000,7463840678,476.72,173.27,83.54,100.58,520.25,896.66,813.47,806.55
9182,2023-02-24T00:26:05.910000,7463840679,478.4,174.31,84.96,100.62,520.6,897.24,814.12,807.11
9183,2023-02-24T00:26:05.915000,7463840680,478,173.46,84.49,101.3,519.7,896.59,813.57,807.68
9184,2023-02-24T00:26:05.920000,7463840681,477.25,172.95,83.86,99.98,520.07,895.71,812.97,806.59
9185,2023-02-24T00:26:05.925000,7463840682,476.35,172.17,82.39,99.35,519.8,894.78,812.06,806.43
9186,2023-02-24T00:26:05.930000,7463840683,478.75,173.68,84.38,101.06,521.21,896.56,813.14,807.49
9187,2023-02-24T00:26:05.935000,7463840684,479.06,173.14,85.2,101.16,521.45,896.37,814.74,807.22
9188,2023-02-24T00:26:05.940000,7463840685,477.65,171.77,84.41,99.56,519.57,894.65,812.17,806.45
9189,2023-02-24T00:26:05.945000,7463840686,476.75,170.18,82.25,98.46,517.93,893.11,810.62,805.76
9190,2023-02-24T00:26:05.950000,7463840687,480.38,172.7,85.16,101.54,521.75,897.2,815.65,808.25
9191,2023-02-24T00:26:05.955000,7463840688,480.09,173.94,85.74,102.24,522.44,897.3,815.93,809.45
9192,2023-02-24T00:26:05.960000,7463840689,478.05,170.88,83.03,99.6,519.57,893.77,812.23,807.44
9193,2023-02-24T00:26:05.965000,7463840690,475.29,169.21,80.64,97.35,517.3,891.2,810.17,805.17
9194,2023-02-24T00:26:05.970000,7463840691,479.47,174.38,85.63,103.28,522.6,897.9,815.55,808.87
9195,2023-02-24T00:26:05.975000,7463840692,479.76,174.35,86.64,103.16,523.08,898.36,815.55,808.74
9196,2023-02-24T00:26:05.980000,7463840693,476.69,170,82.75,99.11,518.06,894.16,810.72,806.05
9197,2023-02-24T00:26:05.985000,7463840694,474.17,168.16,80.28,96.15,515.31,889.98,807.8,804.08
9198,2023-02-24T00:26:05.990000,7463840695,480.6,174.18,85.64,102.86,522.32,898.73,816.11,809.49
9199,2023-02-24T00:26:05.995000,7463840696,480.51,174.73,86.38,103.16,522.8,898.73,816.53,809.12
9200,2023-02-24T00:26:06,7463840697,476.02,170.31,81.76,98.95,518.86,893.06,810.31,805.2
9201,2023-02-24T00:26:06.005000,7463840698,472.82,168.32,79.7,97.12,516.3,889.55,806.91,802.85
9202,2023-02-24T00:26:06.010000,7463840699,479.86,174.6,85.44,102.56,523.15,898.9,816.54,808.66
9203,2023-02-24T00:26:06.015000,7463840700,479.91,174.44,85.61,102.34,522.89,898.87,816.22,809.25
9204,2023-02-24T00:26:06.020000,7463840701,476.1,170.53,81.74,99.03,517.96,893.15,810.54,806.47
9205,2023-02-24T00:26:06.025000,7463840702,474.27,168.86,80.13,96.56,515.49,890.76,809.28,804.99
9206,2023-02-24T00:26:06.030000,7463840703,480.96,174.57,85.83,102.3,523.02,899.74,817.58,810.2
9207,2023-02-24T00:26:06.035000,7463840704,480.07,174.88,85.57,102.26,522.68,898.48,816.89,809.9
9208,2023-02-24T00:26:06.040000,7463840705,475.44,170.84,81.86,99.05,518.45,892.92,810.31,805.95
9209,2023-02-24T00:26:06.045000,7463840706,473.6,169.15,81.12,98.5,517.86,891.15,808.24,805.17
9210,2023-02-24T00:26:06.050000,7463840707,479.87,174.08,85.54,102.1,523.09,897.96,816.34,807.27
9211,2023-02-24T00:26:06.055000,7463840708,480.03,173.59,85.47,101.42,521.69,897.49,814.38,807.89
9212,2023-02-24T00:26:06.060000,7463840709,477.59,171.6,83.35,99.13,518.15,894.69,809.73,806.09
9213,2023-02-24T00:26:06.065000,7463840710,476.79,171.14,83.23,99.03,519.24,894.51,810.12,805.75
9214,2023-02-24T00:26:06.070000,7463840711,479.28,173,84.31,100.6,521.45,898.47,814.23,806.21
9215,2023-02-24T00:26:06.075000,7463840712,478.38,173.27,83.79,100.73,520.96,897.31,813.12,805.74
9216,2023-02-24T00:26:06.080000,7463840713,477.18,172.17,84.51,100.61,521.23,894.76,811.17,805.67
9217,2023-02-24T00:26:06.085000,7463840714,477.31,173.24,84.98,100.86,522.05,895.43,812.19,806.67
9218,2023-02-24T00:26:06.090000,7463840715,477.33,173.87,84.05,99.91,522.65,895.52,813.35,806.23
9219,2023-02-24T00:26:06.095000,7463840716,477.58,174.18,83.6,100.43,521.13,896.79,812.46,806.14
9220,2023-02-24T00:26:06.100000,7463840717,478.38,174.06,84.91,101.03,520.25,897.36,812.81,807.26
9221,2023-02-24T00:26:06.105000,7463840718,478.31,173.94,84.63,101.81,520.8,897.94,813.85,807.5
9222,2023-02-24T00:26:06.110000,7463840719,476.11,172.3,83.11,100.13,519.32,897.45,812.37,806.27
9223,2023-02-24T00:26:06.115000,7463840720,476.54,172.69,83.19,99.89,520.27,896.15,811.51,806.15
9224,2023-02-24T00:26:06.120000,7463840721,478.34,174.58,85.08,101.95,522.81,896.08,813.69,807.75
9225,2023-02-24T00:26:06.125000,7463840722,477.96,174.2,85.15,102.18,523.38,896.16,813.86,807.64
9226,2023-02-24T00:26:06.130000,7463840723,475.82,172.75,82.43,98.94,520.58,893.14,811.15,804.96
9227,2023-02-24T00:26:06.135000,7463840724,476.64,173.11,82.78,99.95,520.26,894.54,811.14,805.37
9228,2023-02-24T00:26:06.140000,7463840725,479.37,175.25,85.32,101.63,521.85,898.35,813.33,806.78
9229,2023-02-24T00:26:06.145000,7463840726,478.93,174.65,85.79,101.8,520.97,899.64,813.96,807.31
9230,2023-02-24T00:26:06.150000,7463840727,476.5,171.74,82.56,98.84,518,895.5,811.05,804.94
9231,2023-02-24T00:26:06.155000,7463840728,477.94,172.33,83.67,99.38,520.04,894.27,812.32,805.07
9232,2023-02-24T00:26:06.160000,7463840729,479.36,174.7,85.94,102.25,522.62,896.4,814.66,807.56
9233,2023-02-24T00:26:06.165000,7463840730,478.55,173.91,85.54,101.34,522.21,895.65,813.9,807.26
9234,2023-02-24T00:26:06.170000,7463840731,476.59,171.95,83.17,99.49,519.52,892.83,810.97,805.72
9235,2023-02-24T00:26:06.175000,7463840732,478.34,172.94,83.39,99.11,519.81,895.05,811.72,806.6
9236,2023-02-24T00:26:06.180000,7463840733,479.68,174.52,85.03,101.69,522.24,897.97,814.76,808.22
9237,2023-02-24T00:26:06.185000,7463840734,478.4,173.78,84.62,101.71,519.98,897.28,813.87,807.41
9238,2023-02-24T00:26:06.190000,7463840735,475.72,171.66,83.16,99.22,519.02,895.27,811.45,805.43
9239,2023-02-24T00:26:06.195000,7463840736,476.5,172.8,83.51,100.34,519.98,894.94,811.5,805.51
9240,2023-02-24T00:26:06.200000,7463840737,478.18,174.74,85.45,101.52,522.87,896.31,813.17,806.24
9241,2023-02-24T00:26:06.205000,7463840738,478.56,174.72,84.82,101.47,522.85,896.51,812.72,805.74
9242,2023-02-24T00:26:06.210000,7463840739,476.37,172.49,83.14,98.9,519.9,893.76,810.37,803.48
9243,2023-02-24T00:26:06.215000,7463840740,477.01,173.03,83.72,100.07,520.08,895.32,810.44,804.88
9244,2023-02-24T00:26:06.220000,7463840741,478.2,174.85,84.98,101.69,521.74,897.36,812.49,806.57
9245,2023-02-24T00:26:06.225000,7463840742,478.18,174.76,84.81,101.94,521.7,897.11,813.26,805.68
9246,2023-02-24T00:26:06.230000,7463840743,476.3,172.62,83.42,99.4,520.12,895.14,810.64,803.99
9247,2023-02-24T00:26:06.235000,7463840744,476.71,172.93,84.23,99.95,521.15,895.53,811.05,804.28
9248,2023-02-24T00:26:06.240000,7463840745,478.04,174.2,85.96,101.63,522.28,896.38,812.2,806
9249,2023-02-24T00:26:06.245000,7463840746,477.78,173.61,84.75,101.24,522.41,895.19,811.75,806.76
9250,2023-02-24T00:26:06.250000,7463840747,476.77,172.6,83.06,99.29,520.67,894,810.49,805.38
9251,2023-02-24T00:26:06.255000,7463840748,477.58,172.54,83.66,100.05,519.66,894.7,811.25,806.14
9252,2023-02-24T00:26:06.260000,7463840749,478.07,173.65,84.68,100.9,519.71,896.83,813.35,806.23
9253,2023-02-24T00:26:06.265000,7463840750,478.1,173.99,84.43,100.67,519.16,896.46,812.22,805.44
9254,2023-02-24T00:26:06.270000,7463840751,476.42,172.8,83.56,98.97,518.77,895.01,810.67,804.83
9255,2023-02-24T00:26:06.275000,7463840752,476.75,173.34,84.01,99.83,519.86,895.01,810.24,804.49
9256,2023-02-24T00:26:06.280000,7463840753,477.61,174.08,85.03,101.2,521.72,895.26,812.58,805.34
9257,2023-02-24T00:26:06.285000,7463840754,477.9,173.36,84.82,100.33,521.82,894.82,811.45,805.7
9258,2023-02-24T00:26:06.290000,7463840755,476.94,172.9,83.58,99.17,520.37,893.79,810.31,805.12
9259,2023-02-24T00:26:06.295000,7463840756,476.95,172.98,83.69,99.78,521.04,895.55,811.28,805.33
9260,2023-02-24T00:26:06.300000,7463840757,477.4,174.49,84.46,100.64,521.47,896.5,813.17,805.4
9261,2023-02-24T00:26:06.305000,7463840758,476.84,173.22,83.55,100.71,520.48,896.12,811.3,805.66
9262,2023-02-24T00:26:06.310000,7463840759,476.67,173.19,83.51,100.52,520.61,894.83,811.51,805.2
9263,2023-02-24T00:26:06.315000,7463840760,476.67,173.21,84.07,100.64,521.02,895.06,811.97,805.44
9264,2023-02-24T00:26:06.320000,7463840761,477.52,173.53,84.6,100.31,521.1,894.64,812.27,806
9265,2023-02-24T00:26:06.325000,7463840762,477.48,173.11,83.3,99.87,520.42,892.71,810.23,805.13
9266,2023-02-24T00:26:06.330000,7463840763,477.67,173.46,83.54,100.36,520.41,894.75,811.74,805.46
9267,2023-02-24T00:26:06.335000,7463840764,477.81,173.7,84.37,100.78,519.81,896.68,811.96,805.81
9268,2023-02-24T00:26:06.340000,7463840765,477.96,173.55,83.55,100.22,519.65,897.06,811.53,805.62
9269,2023-02-24T00:26:06.345000,7463840766,476.39,172.64,83.57,99.29,518.47,894.7,810.76,804.36
9270,2023-02-24T00:26:06.350000,7463840767,477.07,173.28,83.87,99.87,520.43,895.39,810.84,804.17
9271,2023-02-24T00:26:06.355000,7463840768,477.6,173.7,84.49,101.29,522.47,895.04,811.17,805.68
9272,2023-02-24T00:26:06.360000,7463840769,477.87,173.6,83.34,99.88,521.99,893.42,810.15,805.2
9273,2023-02-24T00:26:06.365000,7463840770,476.22,172.44,83.13,98.85,520.79,892.97,809.1,804.51
9274,2023-02-24T00:26:06.370000,7463840771,477.74,173.91,83.92,100.38,521.07,895.93,810.96,806.35
9275,2023-02-24T00:26:06.375000,7463840772,477.97,173.86,84.1,101.24,520.9,897.67,812.66,806.48
9276,2023-02-24T00:26:06.380000,7463840773,477.52,173.4,83.38,100.17,519.51,896.91,811.46,805.23
9277,2023-02-24T00:26:06.385000,7463840774,476.36,172.47,82.37,99.42,518.94,894.96,809.62,804.31
9278,2023-02-24T00:26:06.390000,7463840775,477.23,173.56,83.75,101.27,521.16,895.56,812.09,805.66
9279,2023-02-24T00:26:06.395000,7463840776,477.26,173.99,85.13,101.31,521.89,895.98,812.4,805.94
9280,2023-02-24T00:26:06.400000,7463840777,477.42,172.94,83.8,99.82,521.15,894.21,811.22,806.09
9281,2023-02-24T00:26:06.405000,7463840778,476.35,172,82.88,99.54,519.69,892.54,810.28,805.56
9282,2023-02-24T00:26:06.410000,7463840779,478.08,173.1,84.11,100.44,519.94,895.65,811.88,806.3
9283,2023-02-24T00:26:06.415000,7463840780,478.64,173.04,84.25,101.31,519.69,896.95,811.8,806.09
9284,2023-02-24T00:26:06.420000,7463840781,476.71,171.74,83.5,100.25,518.33,896.07,810.47,804.9
9285,2023-02-24T00:26:06.425000,7463840782,476.54,171,83.68,99.73,517.84,893.88,809.81,803.88
9286,2023-02-24T00:26:06.430000,7463840783,478.92,172.54,84.53,100.28,520.74,894.32,810.94,804.21
9287,2023-02-24T00:26:06.435000,7463840784,478.29,172.97,84.52,100.66,520.79,893.89,811.14,805.13
9288,2023-02-24T00:26:06.440000,7463840785,477.69,172.66,84.13,99.69,520.97,892.83,810.44,804.43
9289,2023-02-24T00:26:06.445000,7463840786,477.41,172.52,84.52,99.56,519.74,892.85,809.91,804.19
9290,2023-02-24T00:26:06.450000,7463840787,477.43,172.24,83.8,100.26,519.39,894.98,809.82,804.45
9291,2023-02-24T00:26:06.455000,7463840788,478.09,172.85,84.21,100.81,519.93,896.61,810.84,804.63
9292,2023-02-24T00:26:06.460000,7463840789,477.57,172.13,84.43,99.73,518.42,895.83,809.77,804.09
9293,2023-02-24T00:26:06.465000,7463840790,477.55,172.97,84.73,100.3,519.28,895.54,809.79,804.34
9294,2023-02-24T00:26:06.470000,7463840791,477.32,173.2,83.13,100.31,520.06,894.03,809.89,803.86
9295,2023-02-24T00:26:06.475000,7463840792,477.17,173.49,83.46,99.47,521.72,893.64,809.88,805.2
9296,2023-02-24T00:26:06.480000,7463840793,476.99,173.89,84.44,100.76,522.05,894.01,809.87,805.17
9297,2023-02-24T00:26:06.485000,7463840794,477.96,174.35,85.07,101.15,521.24,896.34,811.19,805.68
9298,2023-02-24T00:26:06.490000,7463840795,476.14,172.98,82.83,99.4,519.8,894.61,810,803
9299,2023-02-24T00:26:06.495000,7463840796,477.17,173.26,83.79,100.18,519.68,895.9,809.57,803.3
9300,2023-02-24T00:26:06.500000,7463840797,477.78,174.27,84.94,101.36,520.64,896.46,810.26,804.16
9301,2023-02-24T00:26:06.505000,7463840798,479.12,175.33,85.67,102.33,522.59,897.46,811.01,804.65
9302,2023-02-24T00:26:06.510000,7463840799,476.3,172.1,82.81,99.11,520.43,893.86,808.24,803.74
9303,2023-02-24T00:26:06.515000,7463840800,477.39,172.59,82.89,99.06,520.07,893.45,808.79,803.38
9304,2023-02-24T00:26:06.520000,7463840801,478.23,174.06,84.25,101.13,521.98,895.23,810.86,804.76
9305,2023-02-24T00:26:06.525000,7463840802,479.28,175.12,85.95,102.47,522.86,897.5,813.07,806.22
9306,2023-02-24T00:26:06.530000,7463840803,475.73,171.55,83.09,98.87,519.2,891.87,807.83,803
9307,2023-02-24T00:26:06.535000,7463840804,476.3,171.92,83.38,99.03,519.05,893.29,809.4,803.62
9308,2023-02-24T00:26:06.540000,7463840805,478.77,174.92,85.38,101.91,521.49,896.77,812.27,805.51
9309,2023-02-24T00:26:06.545000,7463840806,480.66,175.78,86.86,102.66,522.47,898.16,813.63,806.68
9310,2023-02-24T00:26:06.550000,7463840807,475.19,171.96,83.01,99.51,517.79,892.83,808.58,804.38
9311,2023-02-24T00:26:06.555000,7463840808,476.02,172.19,82.43,99.51,517.5,893.29,810.11,804.66
9312,2023-02-24T00:26:06.560000,7463840809,478.17,174.86,85.31,101.41,520.88,897.09,813.52,807.23
9313,2023-02-24T00:26:06.565000,7463840810,479.65,175,85.18,102.3,521.22,897.05,814.51,807.45
9314,2023-02-24T00:26:06.570000,7463840811,476.36,171.65,83.17,99.18,518.32,892.82,809.86,804.62
9315,2023-02-24T00:26:06.575000,7463840812,476.62,171.82,83.08,99.2,518.47,893.78,809.89,804.99
9316,2023-02-24T00:26:06.580000,7463840813,478.16,174.71,84.85,101.09,521.49,896.5,813.32,806.94
9317,2023-02-24T00:26:06.585000,7463840814,478.93,174.81,85.79,102.01,522.43,897.12,813.73,807.08
9318,2023-02-24T00:26:06.590000,7463840815,477.03,171.48,83.02,99.53,518.66,893.95,809.41,804.56
9319,2023-02-24T00:26:06.595000,7463840816,477.58,171.42,83.38,100.12,519.85,893.99,810.54,804.85
9320,2023-02-24T00:26:06.600000,7463840817,479.8,174.24,85.23,101.2,522.15,896.23,813.2,806.5
9321,2023-02-24T00:26:06.605000,7463840818,478.91,173.66,85.15,101.42,522.07,896.29,813.76,806.52
9322,2023-02-24T00:26:06.610000,7463840819,477.59,171.52,83.76,99.69,519.36,893.85,811.3,806.24
9323,2023-02-24T00:26:06.615000,7463840820,477.86,172,83.89,100.23,519.35,893.84,811.42,806.2
9324,2023-02-24T00:26:06.620000,7463840821,479.07,173.3,84.99,100.62,520.29,896.42,813.77,807.1
9325,2023-02-24T00:26:06.625000,7463840822,478.31,173.1,84.99,100.42,521.21,896.27,813.37,806.65
9326,2023-02-24T00:26:06.630000,7463840823,477.68,172.17,84.18,100.4,519.34,894.85,811.72,806.41
9327,2023-02-24T00:26:06.635000,7463840824,477.64,171.86,84.12,99.78,519.76,894.79,811.7,806.27
9328,2023-02-24T00:26:06.640000,7463840825,479.45,173.2,84.31,99.94,521.01,895.47,813.13,806.91
9329,2023-02-24T00:26:06.645000,7463840826,479.23,173.03,83.97,100.85,520.63,895.13,812.62,806.55
9330,2023-02-24T00:26:06.650000,7463840827,478.83,172.81,84.81,100.67,519.85,895.11,811.78,806.64
9331,2023-02-24T00:26:06.655000,7463840828,477.7,172.01,84.21,100.36,519.54,895.14,811.77,805.7
9332,2023-02-24T00:26:06.660000,7463840829,478.54,172.33,83.9,99.93,519.98,895.66,812.5,806.13
9333,2023-02-24T00:26:06.665000,7463840830,477.53,172.48,83.75,100.24,519.83,895.41,811.88,805.89
9334,2023-02-24T00:26:06.670000,7463840831,478.47,173.8,85.15,102.1,520.8,895.58,812.89,807.1
9335,2023-02-24T00:26:06.675000,7463840832,478.48,173.37,84.76,101.4,520.36,894.95,811.93,807.05
9336,2023-02-24T00:26:06.680000,7463840833,477.87,171.78,83.55,99.6,519.51,894.26,811.1,806.48
9337,2023-02-24T00:26:06.685000,7463840834,478.85,172.17,83.76,99.39,519.08,894.1,811.47,805.78
9338,2023-02-24T00:26:06.690000,7463840835,479.7,173.36,85.98,101.55,520.39,896.88,813.71,807.62
9339,2023-02-24T00:26:06.695000,7463840836,478.02,171.94,84.89,100.78,519.15,895.84,813.04,806.87
9340,2023-02-24T00:26:06.700000,7463840837,477.18,170.78,82.81,99.11,518.07,893.29,811.22,804.82
9341,2023-02-24T00:26:06.705000,7463840838,477.7,171.76,83.25,99.76,519.23,893.94,810.69,805.64
9342,2023-02-24T00:26:06.710000,7463840839,480.2,173.73,86.22,101.4,521.48,895.6,812.87,807.67
9343,2023-02-24T00:26:06.715000,7463840840,479.3,171.77,84.6,100.68,519.78,893.98,811.19,806.29
9344,2023-02-24T00:26:06.720000,7463840841,476.61,170.42,82.73,97.98,517.35,892.66,809.08,804.37
9345,2023-02-24T00:26:06.725000,7463840842,477.83,171.6,83.61,98.59,517.4,892.88,809.44,803.77
9346,2023-02-24T00:26:06.730000,7463840843,479.63,173.67,85.78,101.85,520.32,896.25,812.69,805.86
9347,2023-02-24T00:26:06.735000,7463840844,478.48,172.84,84.35,99.72,519.74,895.14,809.79,804.13
9348,2023-02-24T00:26:06.740000,7463840845,475.69,170.47,81.77,98.32,519.27,891.58,808.39,802.71
9349,2023-02-24T00:26:06.745000,7463840846,476.7,172.2,83.36,98.95,519.84,893.19,808.17,803.68
9350,2023-02-24T00:26:06.750000,7463840847,478.28,174.54,85.55,101.78,522.49,895.86,810.88,805.85
9351,2023-02-24T00:26:06.755000,7463840848,477.61,173.4,84.46,100.82,521.14,895.21,810.27,804.87
9352,2023-02-24T00:26:06.760000,7463840849,476.16,171.49,82.77,98.09,518.21,893.34,807.9,802.77
9353,2023-02-24T00:26:06.765000,7463840850,476.98,172.39,83.29,99.1,518.51,894.79,809.37,802.89
9354,2023-02-24T00:26:06.770000,7463840851,477.98,175.47,84.99,101.81,521.16,897.15,811.34,805.32
9355,2023-02-24T00:26:06.775000,7463840852,477.49,173.24,84.15,101.29,520.82,894.72,810.53,804.86
9356,2023-02-24T00:26:06.780000,7463840853,475.8,171.49,82.36,98.63,518.68,891.75,808.32,804.03
9357,2023-02-24T00:26:06.785000,7463840854,477.67,172.27,83.43,99.6,520.34,893.46,809.64,805
9358,2023-02-24T00:26:06.790000,7463840855,479.18,173.71,84.88,102.21,521.6,895.42,813.1,807.02
9359,2023-02-24T00:26:06.795000,7463840856,479.17,172.74,84.2,100.25,519.74,894.56,811.84,805.85
9360,2023-02-24T00:26:06.800000,7463840857,477.36,171.07,82.34,98.62,517.41,893,809.43,804.12
9361,2023-02-24T00:26:06.805000,7463840858,478.3,171.65,83.39,99.42,518.91,894.39,810.2,803.96
9362,2023-02-24T00:26:06.810000,7463840859,479.86,172.89,84.34,100.22,520.19,895.89,812.37,805.16
9363,2023-02-24T00:26:06.815000,7463840860,478.8,172.3,84.37,100.31,520.04,895.16,811.77,805.47
9364,2023-02-24T00:26:06.820000,7463840861,476.65,170.34,83.36,98.7,519.02,892.04,809.19,804.43
9365,2023-02-24T00:26:06.825000,7463840862,477.62,170.82,83.73,98.63,519.63,891.76,810.2,805.44
9366,2023-02-24T00:26:06.830000,7463840863,478.42,172.24,84.54,100.28,520.87,894.67,811.53,806.17
9367,2023-02-24T00:26:06.835000,7463840864,478.43,173.23,84.39,99.42,519.58,895.08,811.32,805.66
9368,2023-02-24T00:26:06.840000,7463840865,476.94,171.93,82.71,99.12,517.54,893.46,809.72,804.27
9369,2023-02-24T00:26:06.845000,7463840866,477.02,171.93,84.16,100.49,518.94,894.5,810.91,804.84
9370,2023-02-24T00:26:06.850000,7463840867,477.89,174.17,84.89,100.98,520,895.79,811.9,805.52
9371,2023-02-24T00:26:06.855000,7463840868,478.06,173.68,84.13,100.84,520.66,894.86,811.13,805.09
9372,2023-02-24T00:26:06.860000,7463840869,476.26,172.26,83.49,99.6,519.45,893.38,808.75,804.02
9373,2023-02-24T00:26:06.865000,7463840870,477.1,173.61,84.18,100.21,520.42,894.45,809.82,805.55
9374,2023-02-24T00:26:06.870000,7463840871,476.9,173.48,84.73,100.75,520.67,895.67,810.16,805.72
9375,2023-02-24T00:26:06.875000,7463840872,477.25,173.33,84.23,99.56,519.78,895.98,810.36,804.53
9376,2023-02-24T00:26:06.880000,7463840873,477.41,172.79,83.11,99.96,519.03,895.29,809.45,802.37
9377,2023-02-24T00:26:06.885000,7463840874,477.54,173.13,83.84,100.38,519.54,895.82,810.79,803.74
9378,2023-02-24T00:26:06.890000,7463840875,477.79,172.98,84.6,100.27,519.89,894.64,809.83,803.98
9379,2023-02-24T00:26:06.895000,7463840876,478.2,172.99,83.79,100.06,519.97,893.19,809.3,804.76
9380,2023-02-24T00:26:06.900000,7463840877,477.3,172.02,83.92,99.72,520.41,893.32,809.51,804.06
9381,2023-02-24T00:26:06.905000,7463840878,478.42,172.99,84.55,100.33,520.7,894.7,810.42,804.7
9382,2023-02-24T00:26:06.910000,7463840879,478.77,172.34,84.17,99.82,519.41,893.77,810.44,804.9
9383,2023-02-24T00:26:06.915000,7463840880,477.85,172.42,83.02,99.87,518.87,893.72,809.91,805.21
9384,2023-02-24T00:26:06.920000,7463840881,478.37,172.48,83.53,99.36,518.88,894.45,809.84,804.67
9385,2023-02-24T00:26:06.925000,7463840882,478.38,173.75,84.87,100.83,521.18,895.93,812.1,805.01
9386,2023-02-24T00:26:06.930000,7463840883,477.45,172.98,83.88,99.82,519.95,894.43,810.79,803.83
9387,2023-02-24T00:26:06.935000,7463840884,476.67,172.25,83.25,99.24,519.26,893.76,809.39,803.64
9388,2023-02-24T00:26:06.940000,7463840885,478.09,173.28,84.6,100.13,519.84,895.04,809.75,804.74
9389,2023-02-24T00:26:06.945000,7463840886,479.46,174.45,85.5,102.11,521.68,896.68,811.53,805.55
9390,2023-02-24T00:26:06.950000,7463840887,477.62,173.09,83.85,99.66,519.42,894.6,809.35,803.69
9391,2023-02-24T00:26:06.955000,7463840888,476.59,172.63,82.61,98.55,519.8,893.21,808.77,802.57
9392,2023-02-24T00:26:06.960000,7463840889,478.46,173.04,84.35,100.33,520.95,895.3,810.02,803.54
9393,2023-02-24T00:26:06.965000,7463840890,479.31,174.74,85.77,101.62,522.07,896.78,811.95,804.16
9394,2023-02-24T00:26:06.970000,7463840891,476.98,172.79,84,99.95,519.63,893.03,809.15,803.28
9395,2023-02-24T00:26:06.975000,7463840892,476.08,172.3,83.53,99.46,518.78,893.44,808.49,803.56
9396,2023-02-24T00:26:06.980000,7463840893,478.7,173.23,84.85,100.42,520.06,893.83,810.21,804.85
9397,2023-02-24T00:26:06.985000,7463840894,479.39,173.58,85.03,100.91,521.24,895.53,812.32,805.91
9398,2023-02-24T00:26:06.990000,7463840895,478.11,172.42,83.77,99.12,518.68,893.09,809.85,804.47
9399,2023-02-24T00:26:06.995000,7463840896,477.17,171.57,83.32,98.96,518.1,892.47,808.6,804.31
9400,2023-02-24T00:26:07,7463840897,478.75,173.31,84.96,100.51,519.9,894.35,811.78,804.84
9401,2023-02-24T00:26:07.005000,7463840898,479.18,173.9,85.45,100.99,520.42,895.75,812.2,804.99
9402,2023-02-24T00:26:07.010000,7463840899,477.15,172.5,83.95,100.24,519.37,894.14,810.29,803.67
9403,2023-02-24T00:26:07.015000,7463840900,476.85,171.86,83.83,99.35,518.54,892.95,809.19,803.6
9404,2023-02-24T00:26:07.020000,7463840901,478.77,172.45,84.69,100.25,519.56,894.12,810.64,804.75
9405,2023-02-24T00:26:07.025000,7463840902,478.91,172.65,84.58,100.41,520.13,894.5,810.74,804.66
9406,2023-02-24T00:26:07.030000,7463840903,478.13,172.08,84.88,99.43,519.43,893.52,809.34,804.39
9407,2023-02-24T00:26:07.035000,7463840904,477.58,171.7,84.02,99.6,519.93,893.24,808.84,803.69
9408,2023-02-24T00:26:07.040000,7463840905,477.41,171.97,83.88,99.72,520.4,894.4,809.69,803.56
9409,2023-02-24T00:26:07.045000,7463840906,477.74,173.07,84.37,100.53,520.38,894.85,810.85,804
9410,2023-02-24T00:26:07.050000,7463840907,478.31,173.86,84.79,100.77,521.05,894.67,811.13,804.38
9411,2023-02-24T00:26:07.055000,7463840908,478.25,172.47,84.08,99.81,520.52,893.43,810.01,804.98
9412,2023-02-24T00:26:07.060000,7463840909,477,171.41,84.14,99.28,519.85,892.92,809.11,803.7
9413,2023-02-24T00:26:07.065000,7463840910,477.39,171.54,83.39,98.76,518.83,892.66,808.07,803.64
9414,2023-02-24T00:26:07.070000,7463840911,479.17,173.29,85.04,100.92,520.53,895.73,811.12,805.05
9415,2023-02-24T00:26:07.075000,7463840912,477.42,172.61,84.46,100.37,518.84,894.35,810.06,804.38
9416,2023-02-24T00:26:07.080000,7463840913,477.17,172.52,82.83,99.22,518.37,893.12,809.36,803.51
9417,2023-02-24T00:26:07.085000,7463840914,475.88,171.44,82.87,97.81,517.01,892.61,808.88,802.64
9418,2023-02-24T00:26:07.090000,7463840915,478.21,173.49,85,101.14,520.44,894.53,812.16,805.36
9419,2023-02-24T00:26:07.095000,7463840916,477.47,173.09,84.83,100.05,519.91,892.72,810.67,805.47
9420,2023-02-24T00:26:07.100000,7463840917,477.16,171.14,83.31,98.55,518.14,891.69,808.73,804.83
9421,2023-02-24T00:26:07.105000,7463840918,476.33,170.65,82.82,97.85,516.69,891.65,808.56,803.67
9422,2023-02-24T00:26:07.110000,7463840919,479.69,172.93,85.01,100.71,520.08,895.56,812.57,806.08
9423,2023-02-24T00:26:07.115000,7463840920,478.63,172.75,84.05,100.58,519.32,895.4,812,805.06
9424,2023-02-24T00:26:07.120000,7463840921,477,170.68,82.88,98.69,517.99,892.84,809.42,803.8
9425,2023-02-24T00:26:07.125000,7463840922,476.64,170.27,82.95,98.31,517.93,891.28,808.78,803.59
9426,2023-02-24T00:26:07.130000,7463840923,479.36,173.98,85.27,100.88,521.85,894.98,813.2,805.83
9427,2023-02-24T00:26:07.135000,7463840924,478.85,173.05,84.37,100.89,521.2,894.02,811.62,805.87
9428,2023-02-24T00:26:07.140000,7463840925,476.61,171.01,82.95,98.56,518.33,891.53,808.63,804.18
9429,2023-02-24T00:26:07.145000,7463840926,476.21,171.06,81.98,98.47,517.3,891.66,808.15,804.41
9430,2023-02-24T00:26:07.150000,7463840927,479.71,173.64,84.86,100.8,520.61,897.38,812.71,806.14
9431,2023-02-24T00:26:07.155000,7463840928,478.43,172.32,84.68,100.71,520.07,895.9,811.28,805.08
9432,2023-02-24T00:26:07.160000,7463840929,476.78,170.63,83.18,99.35,517.52,892.46,808.09,803.62
9433,2023-02-24T00:26:07.165000,7463840930,476.72,171.1,82.69,98.17,517.88,891.63,808.24,803.57
9434,2023-02-24T00:26:07.170000,7463840931,479.57,173.71,85.01,101.07,521.6,894.25,812.12,805.63
9435,2023-02-24T00:26:07.175000,7463840932,479.33,173.43,84.21,100.62,520.47,893.12,810.57,805.36
9436,2023-02-24T00:26:07.180000,7463840933,477.71,170.75,83.37,98.86,518.67,891.55,807.25,804.19
9437,2023-02-24T00:26:07.185000,7463840934,477.34,170.26,83.25,98.62,517.35,892.69,808.21,803.24
9438,2023-02-24T00:26:07.190000,7463840935,478.93,172.97,84.55,100.32,518.25,895.04,810.41,804.32
9439,2023-02-24T00:26:07.195000,7463840936,478.69,172.31,84.51,100.69,517.61,895.03,809.99,804.04
9440,2023-02-24T00:26:07.200000,7463840937,477.24,171.66,83.31,99.11,517.03,892.37,807.45,802.3
9441,2023-02-24T00:26:07.205000,7463840938,478.25,172.78,84.28,98.95,519.21,891.63,807.76,802.35
9442,2023-02-24T00:26:07.210000,7463840939,479.04,172.61,84.05,100.01,521.01,891.55,808.77,803.86
9443,2023-02-24T00:26:07.215000,7463840940,478.86,172.59,84.74,100.42,520.91,891.22,808.14,803.12
9444,2023-02-24T00:26:07.220000,7463840941,477.61,170.97,83.46,100.07,518.78,891.8,806.6,802.64
9445,2023-02-24T00:26:07.225000,7463840942,478.05,171.47,84.31,99.66,517.78,894.15,807.56,803
9446,2023-02-24T00:26:07.230000,7463840943,477.25,172.17,83.95,99.81,516.66,894.61,808.48,801.98
9447,2023-02-24T00:26:07.235000,7463840944,478.19,172.14,83.91,99.72,517.39,895.02,808.28,801.33
9448,2023-02-24T00:26:07.240000,7463840945,477.74,173.08,84.66,99.84,518.87,893.03,807.21,802.74
9449,2023-02-24T00:26:07.245000,7463840946,477.84,173.15,85.19,100.07,520.06,891.96,808.19,803.08
9450,2023-02-24T00:26:07.250000,7463840947,477.92,172.05,83.41,99.1,519.78,890.9,807.37,802.72
9451,2023-02-24T00:26:07.255000,7463840948,477.6,172.53,84.44,99.74,520.17,891.73,808.19,803.18
9452,2023-02-24T00:26:07.260000,7463840949,478.17,172.97,85.04,100.65,520.2,893.35,808.59,803.93
9453,2023-02-24T00:26:07.265000,7463840950,478.16,172.95,84.9,100.61,518.72,894.82,808.86,803.12
9454,2023-02-24T00:26:07.270000,7463840951,477.4,171.63,83.68,99.13,516.8,894.04,807.85,801.18
9455,2023-02-24T00:26:07.275000,7463840952,478.13,172.3,83.12,100.54,517.69,894.74,808.46,801.83
9456,2023-02-24T00:26:07.280000,7463840953,478.88,172.73,85.05,100.77,519.27,894.44,808.93,803.14
9457,2023-02-24T00:26:07.285000,7463840954,479.1,172.53,85,100.31,521.11,892.16,807.8,802.93
9458,2023-02-24T00:26:07.290000,7463840955,476.9,170.62,82.79,98.47,519.68,888.86,806.17,802.25
9459,2023-02-24T00:26:07.295000,7463840956,478,171.97,83.77,99.18,520.54,890.88,807.91,802.94
9460,2023-02-24T00:26:07.300000,7463840957,478.21,173.46,85.49,100.99,519.94,894.56,809.13,803.63
9461,2023-02-24T00:26:07.305000,7463840958,477.25,173.2,84.05,100.84,518.35,895.37,809.35,802.96
9462,2023-02-24T00:26:07.310000,7463840959,476.59,171.75,82.66,98.68,516.3,893.63,806.92,802.06
9463,2023-02-24T00:26:07.315000,7463840960,478.63,172.9,84.04,99.81,517.51,895.15,808.65,802.26
9464,2023-02-24T00:26:07.320000,7463840961,479.79,174.02,85.5,101.39,520.53,895.06,810.1,804.09
9465,2023-02-24T00:26:07.325000,7463840962,478,172.54,84.54,100.33,520.77,893.3,809.17,803.93
9466,2023-02-24T00:26:07.330000,7463840963,476.99,171.15,82.75,98.55,519.56,890.98,806.43,803.37
9467,2023-02-24T00:26:07.335000,7463840964,478.16,171.71,84.12,99.59,519.8,892.07,808.13,803.55
9468,2023-02-24T00:26:07.340000,7463840965,478.77,174.66,85.37,101.36,520.46,895.7,809.92,804.48
9469,2023-02-24T00:26:07.345000,7463840966,477.84,173.3,84.02,100.62,517.97,894.84,808.59,803.18
9470,2023-02-24T00:26:07.350000,7463840967,477.27,171.35,83.06,98.87,517.04,892.05,807.01,801.95
9471,2023-02-24T00:26:07.355000,7463840968,478.39,172.18,84.03,99.14,518.65,892.89,807.52,802.36
9472,2023-02-24T00:26:07.360000,7463840969,480.55,174.04,85.67,101.03,521.75,894.31,810.06,803.63
9473,2023-02-24T00:26:07.365000,7463840970,479.03,171.97,84.74,99.68,520.76,892.08,809.1,803.06
9474,2023-02-24T00:26:07.370000,7463840971,476.92,171.17,83.43,98.62,519.01,890.72,806.92,803.2
9475,2023-02-24T00:26:07.375000,7463840972,477.19,171.71,84,99.19,518.47,891.69,808.25,802.99
9476,2023-02-24T00:26:07.380000,7463840973,478.98,173.35,85.55,101.35,519.36,895.45,811.31,804.62
9477,2023-02-24T00:26:07.385000,7463840974,478.12,172.8,84.44,100.87,517.57,895.43,809.78,804.02
9478,2023-02-24T00:26:07.390000,7463840975,476.97,171.69,82.63,99.43,517.71,892.8,808.72,803.41
9479,2023-02-24T00:26:07.395000,7463840976,477.65,172,82.63,99.18,517.99,893.01,809.2,803.98
9480,2023-02-24T00:26:07.400000,7463840977,479.37,173.52,85.38,100.54,520.88,894.58,810.85,805.49
9481,2023-02-24T00:26:07.405000,7463840978,478.08,172.3,84.31,100.47,519.72,893.36,809.64,803.98
9482,2023-02-24T00:26:07.410000,7463840979,477.57,171.2,83.3,99.51,518.74,891.58,808.36,804.03
9483,2023-02-24T00:26:07.415000,7463840980,477.34,171.86,84.12,99.8,518.03,893.05,809,804.92
9484,2023-02-24T00:26:07.420000,7463840981,478.94,173.87,85.22,101.89,519.79,895.68,811.83,804.88
9485,2023-02-24T00:26:07.425000,7463840982,479.3,171.9,84.68,99.7,518.83,894.52,809.76,803.34
9486,2023-02-24T00:26:07.430000,7463840983,478.12,171.7,83.85,99.3,517.52,892.84,807.77,803.61
9487,2023-02-24T00:26:07.435000,7463840984,477.68,171.21,84.42,99.38,518.41,891.59,807.59,803.71
9488,2023-02-24T00:26:07.440000,7463840985,479.49,173.03,84.92,100.3,520.71,892.68,809.33,804.57
9489,2023-02-24T00:26:07.445000,7463840986,478.33,172.2,84.46,100.09,520.4,891.98,808.67,803.64
9490,2023-02-24T00:26:07.450000,7463840987,477.3,171.77,83.46,99.78,519.71,891.72,807.86,802.7
9491,2023-02-24T00:26:07.455000,7463840988,477.18,171.76,84.37,100.12,519.37,892.89,808.35,803.16
9492,2023-02-24T00:26:07.460000,7463840989,478.52,173.41,85.08,100.65,518.8,894.9,810.52,804.11
9493,2023-02-24T00:26:07.465000,7463840990,478.13,172.86,84.59,99.57,517.64,893.79,809.18,804.04
9494,2023-02-24T00:26:07.470000,7463840991,478.41,171.91,83.74,99.02,517.66,893,809.14,804.08
9495,2023-02-24T00:26:07.475000,7463840992,478.18,171.7,83.88,99.63,519.07,892.23,809.58,805.1
9496,2023-02-24T00:26:07.480000,7463840993,478.98,172.63,84.98,100.34,519.74,893.18,811.74,806
9497,2023-02-24T00:26:07.485000,7463840994,477.12,171.44,83.6,99.19,518.63,891.79,809.69,805.08
9498,2023-02-24T00:26:07.490000,7463840995,477.84,171.48,84.33,99.81,518.02,893.65,810.1,805.28
9499,2023-02-24T00:26:07.495000,7463840996,478.48,172.01,84.72,100.13,518.19,894.49,810.3,804.98
9500,2023-02-24T00:26:07.500000,7463840997,479.02,172.55,85.31,100.4,517.82,893.4,811.01,804.79
9501,2023-02-24T00:26:07.505000,7463840998,478.08,170.86,83.73,99.03,517.53,892.12,809.14,804.38
9502,2023-02-24T00:26:07.510000,7463840999,479.12,171.23,84.71,100.07,518.75,892.16,809.87,804.91
9503,2023-02-24T00:26:07.515000,7463841000,479.32,171.14,84.75,100.12,519.13,892.12,810.42,804.2
9504,2023-02-24T00:26:07.520000,7463841001,478.47,171.13,84.41,99.93,519.9,891.93,810.32,804.33
9505,2023-02-24T00:26:07.525000,7463841002,477.28,169.96,82.85,99.25,517.89,890.95,807.78,802.93
9506,2023-02-24T00:26:07.530000,7463841003,478.63,171,84.14,100.54,519.05,893.52,808.65,804.2
9507,2023-02-24T00:26:07.535000,7463841004,479.47,171.55,85.29,99.93,517.59,894.47,809.75,804.43
9508,2023-02-24T00:26:07.540000,7463841005,478.57,171.62,83.72,99.28,515.83,892.32,808.99,802.59
9509,2023-02-24T00:26:07.545000,7463841006,477.45,170.28,82.74,98.47,515.3,891.41,806.48,802.66
9510,2023-02-24T00:26:07.550000,7463841007,479.48,172.07,84.19,99.4,518.9,891.83,808.51,804.06
9511,2023-02-24T00:26:07.555000,7463841008,479.6,172.4,84.61,99.63,520.39,891.39,809.76,803.92
9512,2023-02-24T00:26:07.560000,7463841009,477.06,171.64,83.72,99.93,519.61,890.08,808.26,802.04
9513,2023-02-24T00:26:07.565000,7463841010,476.78,170.78,83.23,98.81,517.57,889.27,805.99,801.68
9514,2023-02-24T00:26:07.570000,7463841011,478.69,172.09,84.6,100.11,518.04,893.49,808,803.33
9515,2023-02-24T00:26:07.575000,7463841012,479.56,172.65,86.13,101.55,518.38,895.36,809.97,804.33
9516,2023-02-24T00:26:07.580000,7463841013,477.57,171.24,83.76,99.16,516.65,893,808.11,803.34
9517,2023-02-24T00:26:07.585000,7463841014,476.79,170.23,83.18,98.84,515.91,891.67,806.25,802.61
9518,2023-02-24T00:26:07.590000,7463841015,477.85,172.54,84.67,100.24,519.89,892.68,809.1,804.14
9519,2023-02-24T00:26:07.595000,7463841016,478.87,172.87,85,100.51,521.93,892.66,809.31,804.14
9520,2023-02-24T00:26:07.600000,7463841017,477.51,170.71,83.56,99.17,519.78,890.45,807.86,802.98
9521,2023-02-24T00:26:07.605000,7463841018,476.13,170.47,83.12,98.3,518.06,889.78,807.19,802.8
9522,2023-02-24T00:26:07.610000,7463841019,478.95,171.79,84.12,100.06,518.57,893.39,810.21,804.15
9523,2023-02-24T00:26:07.615000,7463841020,479.5,172.45,85.01,100.72,518.07,895.33,811.1,804.88
9524,2023-02-24T00:26:07.620000,7463841021,477.78,170.75,83.38,99.39,516.5,893.56,808.8,803.5
9525,2023-02-24T00:26:07.625000,7463841022,477.42,170.02,83.73,99.2,516.64,892.34,808.19,803.03
9526,2023-02-24T00:26:07.630000,7463841023,478.48,170.75,84.15,99.34,519.02,893.02,809.72,803.42
9527,2023-02-24T00:26:07.635000,7463841024,479.34,171.19,85.7,100.18,519.63,892.51,809.91,804.32
9528,2023-02-24T00:26:07.640000,7463841025,478.79,170.99,83.67,99.33,519.33,890,808.3,803.48
9529,2023-02-24T00:26:07.645000,7463841026,477.71,170.62,83.93,99.57,519.28,889.94,808.35,803.44
9530,2023-02-24T00:26:07.650000,7463841027,479.24,171.12,84.24,99.06,517.32,892.67,808.17,803.12
9531,2023-02-24T00:26:07.655000,7463841028,478.71,171.71,83.5,99,517.22,893.9,808.93,803.71
9532,2023-02-24T00:26:07.660000,7463841029,478.71,172.1,84.72,100.01,517.84,894.32,809.46,803.66
9533,2023-02-24T00:26:07.665000,7463841030,479.58,173.07,85.27,100.99,518.26,894.42,810.19,804.38
9534,2023-02-24T00:26:07.670000,7463841031,476.23,170.66,82,97.83,516.97,889.86,807.03,802.11
9535,2023-02-24T00:26:07.675000,7463841032,477.2,171.64,83.9,99.47,519.63,890.9,808.31,803.73
9536,2023-02-24T00:26:07.680000,7463841033,479.29,173.97,85.09,100.96,521.66,892.59,810.47,805.27
9537,2023-02-24T00:26:07.685000,7463841034,479.96,174.27,86.16,101.56,521.24,893.14,810.29,804.69
9538,2023-02-24T00:26:07.690000,7463841035,475.69,170.59,82.46,98.08,515.26,891.21,806.3,801.97
9539,2023-02-24T00:26:07.695000,7463841036,477.78,172.07,82.55,99.21,516.28,894,808.57,802.08
9540,2023-02-24T00:26:07.700000,7463841037,479.57,173.58,85.08,101.44,518.12,896.55,811.08,803.95
9541,2023-02-24T00:26:07.705000,7463841038,480.23,173.78,86.24,101.5,519.81,896,811.21,804.3
9542,2023-02-24T00:26:07.710000,7463841039,476.11,169.89,82.01,97.24,517.37,888.54,805.23,801.32
9543,2023-02-24T00:26:07.715000,7463841040,478.42,171.21,83.45,98.52,518.84,890.25,806.91,802.81
9544,2023-02-24T00:26:07.720000,7463841041,481.37,174.13,85.64,100.75,522.18,893.57,810.45,804.73
9545,2023-02-24T00:26:07.725000,7463841042,480.69,173.19,85.59,101.67,520.78,894.24,810.48,805.12
9546,2023-02-24T00:26:07.730000,7463841043,476.6,169.09,81.75,97.45,515.18,890.27,804.79,801.63
9547,2023-02-24T00:26:07.735000,7463841044,477.83,170.77,82.63,97.93,516.55,892.53,807.13,802.29
9548,2023-02-24T00:26:07.740000,7463841045,480.04,174,85.86,101.06,520.33,897,811.85,804.6
9549,2023-02-24T00:26:07.745000,7463841046,479.7,174.3,86.21,101.63,520.88,896.02,812.45,804.96
9550,2023-02-24T00:26:07.750000,7463841047,475.69,170.42,82.81,98.14,517.55,889.3,806.19,801.42
9551,2023-02-24T00:26:07.755000,7463841048,476.61,170.72,83.64,98.86,518.97,890.69,806.96,802.66
9552,2023-02-24T00:26:07.760000,7463841049,480.27,173.8,86.76,101.54,521.83,894.98,810.8,805.23
9553,2023-02-24T00:26:07.765000,7463841050,479.83,173.42,86.31,101.56,519.71,894.89,810.98,804.52
9554,2023-02-24T00:26:07.770000,7463841051,475.95,169.63,82.91,98.01,516,890.16,805.78,801.77
9555,2023-02-24T00:26:07.775000,7463841052,477.72,171.14,83.66,98.16,516.25,892.22,806.57,802.15
9556,2023-02-24T00:26:07.780000,7463841053,479.46,173.53,85.69,100.7,519.92,895.88,810.02,803.79
9557,2023-02-24T00:26:07.785000,7463841054,479.6,172.49,84.83,99.57,519.12,892.25,808.55,803.03
9558,2023-02-24T00:26:07.790000,7463841055,477.15,170.77,83.92,98.39,518.4,889.48,806.32,801.98
9559,2023-02-24T00:26:07.795000,7463841056,477.85,171.26,84.18,99.29,519.02,889.54,806.51,801.78
9560,2023-02-24T00:26:07.800000,7463841057,479.89,172.95,84.78,100.18,519.82,892.47,809.18,803.36
9561,2023-02-24T00:26:07.805000,7463841058,478.65,172.18,84.79,99.68,518.63,892.67,808.45,802.47
9562,2023-02-24T00:26:07.810000,7463841059,478.65,171.61,83.73,99.06,517.03,892.33,808.37,802.54
9563,2023-02-24T00:26:07.815000,7463841060,478.05,171.41,84.15,99.09,516.67,892.96,808.24,801.95
9564,2023-02-24T00:26:07.820000,7463841061,478.91,173.03,84.5,99.58,518.11,894.5,809.65,803.51
9565,2023-02-24T00:26:07.825000,7463841062,477.96,172.25,84.16,99.71,518.21,893.15,808.54,803.28
9566,2023-02-24T00:26:07.830000,7463841063,477.5,172.45,84.02,99.85,519.91,891.51,808.21,803.54
9567,2023-02-24T00:26:07.835000,7463841064,477.34,171.41,83.85,99.39,519.86,891,807.68,801.67
9568,2023-02-24T00:26:07.840000,7463841065,477.35,172.39,84.3,98.94,519.74,891.97,807.6,802.04
9569,2023-02-24T00:26:07.845000,7463841066,478.68,172.39,83.85,98.52,518.56,891.7,807.64,801.62
9570,2023-02-24T00:26:07.850000,7463841067,478.93,172.84,84.8,99.55,518.91,893.47,807.99,802.59
9571,2023-02-24T00:26:07.855000,7463841068,478.22,172.37,84.28,99.15,517.97,892.11,807.17,802.11
9572,2023-02-24T00:26:07.860000,7463841069,477.38,171.7,83.97,99.13,517.74,892.64,807.17,801.6
9573,2023-02-24T00:26:07.865000,7463841070,477.73,172.38,84.19,98.93,518.58,892.36,807.52,802.1
9574,2023-02-24T00:26:07.870000,7463841071,478.79,172.58,84.57,100.36,520.27,892.77,808.65,803.09
9575,2023-02-24T00:26:07.875000,7463841072,477.33,171.47,84.29,98.82,518.44,890.4,807.6,802.16
9576,2023-02-24T00:26:07.880000,7463841073,476.96,171.37,83.1,98.02,518.46,889.65,807.36,802.52
9577,2023-02-24T00:26:07.885000,7463841074,478.23,172.14,84.03,99.46,518.7,891.74,808.5,802.87
9578,2023-02-24T00:26:07.890000,7463841075,478.83,173.12,84.78,100.03,517.51,893.88,809.12,804.09
9579,2023-02-24T00:26:07.895000,7463841076,477.14,172.06,83.86,99.26,515.78,892.72,808.6,802.59
9580,2023-02-24T00:26:07.900000,7463841077,477.03,170.96,83.58,98.8,516.5,891.87,807.95,802.54
9581,2023-02-24T00:26:07.905000,7463841078,478.35,171.32,84,99.38,517.26,892.07,808.51,802.77
9582,2023-02-24T00:26:07.910000,7463841079,478.99,171.78,84.53,99.74,518.95,890.87,808.99,802.89
9583,2023-02-24T00:26:07.915000,7463841080,478.75,171.35,84.41,98.81,519.17,889.37,807.54,802.44
9584,2023-02-24T00:26:07.920000,7463841081,478.06,171.3,83.63,98.23,517.84,889.54,806.95,802.04
9585,2023-02-24T00:26:07.925000,7463841082,478.73,171.36,84.17,100.2,517.99,891.09,807.45,802.34
9586,2023-02-24T00:26:07.930000,7463841083,479.16,172.2,84.84,99.72,517.34,893.98,807.39,802.55
9587,2023-02-24T00:26:07.935000,7463841084,477.98,171.43,84.49,98.61,516.32,893.79,806.3,801.39
9588,2023-02-24T00:26:07.940000,7463841085,477,171.45,83.63,98.06,516.13,891.83,805.02,799.86
9589,2023-02-24T00:26:07.945000,7463841086,477.29,172.11,84,99.21,518.5,892.41,804.71,799.88
9590,2023-02-24T00:26:07.950000,7463841087,477.9,173.16,84.89,100.19,521.43,891.97,805.54,799.57
9591,2023-02-24T00:26:07.955000,7463841088,477.21,172.67,84.09,99.78,521.51,890.09,804.15,799.72
9592,2023-02-24T00:26:07.960000,7463841089,476.8,171.77,83.29,98.36,519.97,889.58,803.25,799.41
9593,2023-02-24T00:26:07.965000,7463841090,477.48,172.17,84.28,99.45,519.73,892.02,804.82,799.05
9594,2023-02-24T00:26:07.970000,7463841091,478.07,172.7,84.91,99.7,518.82,894.51,806.24,800.47
9595,2023-02-24T00:26:07.975000,7463841092,477.87,172.49,84.44,99.3,517.36,895.12,806.2,800.92
9596,2023-02-24T00:26:07.980000,7463841093,477.09,171.67,83.03,98.05,516.22,892.32,805.11,799.55
9597,2023-02-24T00:26:07.985000,7463841094,478.4,172.95,83.81,99.25,517.75,891.22,805.22,801.23
9598,2023-02-24T00:26:07.990000,7463841095,478.84,172.28,83.95,99.27,518.87,889.76,805.47,802.19
9599,2023-02-24T00:26:07.995000,7463841096,478.24,172.13,83.61,98.96,520.34,889.47,806.61,802.03
9600,2023-02-24T00:26:08,7463841097,476.9,171.02,82.93,97.73,517.25,889.15,804.78,800.41
9601,2023-02-24T00:26:08.005000,7463841098,477.21,171.85,83.73,98.96,516.78,891.67,806.93,800.93
9602,2023-02-24T00:26:08.010000,7463841099,477.6,172.14,84.27,100.08,516.67,893.52,807.74,801.89
9603,2023-02-24T00:26:08.015000,7463841100,477.92,172.11,83.97,99.63,516.93,893.96,807.02,801.86
9604,2023-02-24T00:26:08.020000,7463841101,476.6,170.49,82.2,97.88,516.08,890.96,804.65,800.88
9605,2023-02-24T00:26:08.025000,7463841102,477.86,171.7,84.09,99.28,518.05,891.25,805.73,801.69
9606,2023-02-24T00:26:08.030000,7463841103,477.65,171.82,84.44,99.24,519.27,891.41,806.34,800.89
9607,2023-02-24T00:26:08.035000,7463841104,478.71,172.8,84.18,99.06,519.36,890.97,805.96,801.81
9608,2023-02-24T00:26:08.040000,7463841105,477.54,170.52,83,97.45,517.42,889.73,804.36,800.54
9609,2023-02-24T00:26:08.045000,7463841106,477.7,171.58,83.78,98.1,518.39,892.05,806.77,800.77
9610,2023-02-24T00:26:08.050000,7463841107,478.17,171.77,84.4,99.21,517.71,893.84,807.75,801.6
9611,2023-02-24T00:26:08.055000,7463841108,478.81,172.73,84.05,99.21,517.54,894.24,807.54,802.2
9612,2023-02-24T00:26:08.060000,7463841109,477.11,171.58,83.38,98.37,517.09,891.48,805.72,801.28
9613,2023-02-24T00:26:08.065000,7463841110,477.93,172.42,83.93,99.15,518.66,891.83,807.13,802.03
9614,2023-02-24T00:26:08.070000,7463841111,477.59,172.16,83.62,99.23,518.99,891.52,807.07,801.91
9615,2023-02-24T00:26:08.075000,7463841112,477.05,171.83,83.93,99.28,519.77,891.26,806.61,801.39
9616,2023-02-24T00:26:08.080000,7463841113,477.01,170.84,83.59,98.25,517.93,890.09,804.67,801.08
9617,2023-02-24T00:26:08.085000,7463841114,477.7,171.85,83.79,99.32,518.89,891.59,806.61,801.43
9618,2023-02-24T00:26:08.090000,7463841115,478.2,172.21,84.39,99.04,517.36,892.96,806.88,801.73
9619,2023-02-24T00:26:08.095000,7463841116,477.92,172.35,83.28,98.86,517.14,892.8,806.66,800.81
9620,2023-02-24T00:26:08.100000,7463841117,477.46,171.12,83.65,98.45,516.9,890.71,805.61,800.91
9621,2023-02-24T00:26:08.105000,7463841118,478.57,171.59,84.14,99.34,518.13,891.25,806.04,801.58
9622,2023-02-24T00:26:08.110000,7463841119,478.24,171.4,84.06,98.86,518.03,890.16,805.98,801.45
9623,2023-02-24T00:26:08.115000,7463841120,478.73,170.92,83.43,98.57,518.36,890.2,805.88,801.1
9624,2023-02-24T00:26:08.120000,7463841121,477.94,171.07,84.45,99.13,517.88,889.99,806.59,801.81
9625,2023-02-24T00:26:08.125000,7463841122,479.11,172.02,84.99,99.85,518.14,892.34,807.6,803.24
9626,2023-02-24T00:26:08.130000,7463841123,478.43,171.73,84.27,99.4,516.85,891.44,807.23,802.55
9627,2023-02-24T00:26:08.135000,7463841124,478.02,171.88,84.01,99.32,516.88,891.81,807.02,802.44
9628,2023-02-24T00:26:08.140000,7463841125,478.12,171.98,83.91,99.56,517.11,892.53,806.99,802.88
9629,2023-02-24T00:26:08.145000,7463841126,478.13,173.29,85.05,100.08,519.03,892.81,808.05,802.46
9630,2023-02-24T00:26:08.150000,7463841127,477.22,172.1,84.53,99.58,518.72,890.74,806.82,801.77
9631,2023-02-24T00:26:08.155000,7463841128,477.54,171.9,83.95,99.46,518.65,890.03,806.8,801.7
9632,2023-02-24T00:26:08.160000,7463841129,478.43,172.35,84.94,99.68,518.55,891.73,807.31,802.13
9633,2023-02-24T00:26:08.165000,7463841130,479.42,172.42,84.49,100.12,519.52,893.16,808.76,801.92
9634,2023-02-24T00:26:08.170000,7463841131,477.7,171.17,83.65,98.68,517.15,892.42,806.55,801.18
9635,2023-02-24T00:26:08.175000,7463841132,477.52,171.22,83.82,98.28,516.62,891.64,806.01,801.53
9636,2023-02-24T00:26:08.180000,7463841133,478.93,171.95,84.91,99.66,517.36,892.31,808.07,802.97
9637,2023-02-24T00:26:08.185000,7463841134,479.47,171.91,85.57,100.13,518.36,891.78,808.48,802.71
9638,2023-02-24T00:26:08.190000,7463841135,478.75,170.62,83.96,98.81,517.29,889.63,806.85,802.46
9639,2023-02-24T00:26:08.195000,7463841136,477.55,169.94,83.2,97.86,517.2,888.89,806.59,802.38
9640,2023-02-24T00:26:08.200000,7463841137,479.82,171.19,84.61,99.2,518.55,890.85,808.24,803.03
9641,2023-02-24T00:26:08.205000,7463841138,480,172.37,85.38,99.72,518.16,892.12,809.46,804.12
9642,2023-02-24T00:26:08.210000,7463841139,478.58,170.68,84.17,99.22,515.9,890.8,808.23,803.21
9643,2023-02-24T00:26:08.215000,7463841140,477.55,170.24,83.45,98.58,515.36,890.96,807.16,803.34
9644,2023-02-24T00:26:08.220000,7463841141,479.05,171.84,85.3,100.19,517.33,892.38,809.54,803.81
9645,2023-02-24T00:26:08.225000,7463841142,479.88,172.45,84.92,100.23,517.61,893.26,809.64,803.97
9646,2023-02-24T00:26:08.230000,7463841143,478.95,172.13,84.25,99.26,517.24,890.54,808.39,803.14
9647,2023-02-24T00:26:08.235000,7463841144,478.28,171.15,83.86,98.88,517.16,890.16,807.45,802.63
9648,2023-02-24T00:26:08.240000,7463841145,478.98,171.6,85.25,99.45,518.07,891.53,809.12,803.19
9649,2023-02-24T00:26:08.245000,7463841146,479.75,172.06,84.79,100.28,518.42,892.64,809.06,803.77
9650,2023-02-24T00:26:08.250000,7463841147,478.94,171.8,85.12,99.7,518.03,891.23,807.89,804.03
9651,2023-02-24T00:26:08.255000,7463841148,478.18,170.71,84.77,99.3,516.98,891.09,808.15,804.04
9652,2023-02-24T00:26:08.260000,7463841149,478.56,171.78,84.98,100.27,517.78,892.3,809.44,803.96
9653,2023-02-24T00:26:08.265000,7463841150,479.1,170.9,84.38,100.01,518.21,892.08,808.87,804.04
9654,2023-02-24T00:26:08.270000,7463841151,479.33,171.43,85.15,100.37,518.13,892.39,809.51,803.99
9655,2023-02-24T00:26:08.275000,7463841152,479.33,170.03,84.18,99.28,517.68,890.46,809.19,803.97
9656,2023-02-24T00:26:08.280000,7463841153,478.87,170.1,84.21,98.57,517.52,890.31,809.45,804
9657,2023-02-24T00:26:08.285000,7463841154,479.11,169.62,83.85,98.03,516.55,889.72,809.49,804.09
9658,2023-02-24T00:26:08.290000,7463841155,480.64,171.35,86.27,100.69,518.65,893.17,812.08,806.59
9659,2023-02-24T00:26:08.295000,7463841156,479.04,170.07,85.38,100.61,516.52,891.7,810.12,805.81
9660,2023-02-24T00:26:08.300000,7463841157,477.78,168.49,83.73,98.68,515.37,890.22,808.52,804.77
9661,2023-02-24T00:26:08.305000,7463841158,478.89,168.31,83.84,97.93,514.49,889.47,808.3,803.55
9662,2023-02-24T00:26:08.310000,7463841159,482.05,172.02,86.98,100.98,519.28,893.59,811.6,806.2
9663,2023-02-24T00:26:08.315000,7463841160,480.52,170.29,85.51,100.11,517.98,890.93,809.81,805.11
9664,2023-02-24T00:26:08.320000,7463841161,477.72,167.59,82.45,96.82,515.31,887.34,806.14,802.02
9665,2023-02-24T00:26:08.325000,7463841162,477.96,167.55,81.79,97.17,514.55,887.94,806.04,801.55
9666,2023-02-24T00:26:08.330000,7463841163,481.96,173,87.14,102.16,519.9,894.31,811.78,805.26
9667,2023-02-24T00:26:08.335000,7463841164,480.85,170.7,85.35,100.92,518.14,892.42,808.78,803.35
9668,2023-02-24T00:26:08.340000,7463841165,476.74,167.64,82.01,96.97,514.88,886.53,803.76,800.54
9669,2023-02-24T00:26:08.345000,7463841166,477.09,168.42,82.05,96.88,515.39,887.87,804.33,800.71
9670,2023-02-24T00:26:08.350000,7463841167,482.74,173.87,87.59,102.59,521.17,895.83,812.21,804.68
9671,2023-02-24T00:26:08.355000,7463841168,480.63,171.57,85.82,100.74,519.36,892.76,808.93,803.7
9672,2023-02-24T00:26:08.360000,7463841169,475.6,167.54,81.28,95.88,513.73,886.59,802.74,800.54
9673,2023-02-24T00:26:08.365000,7463841170,477.02,168.82,82.33,96.86,514.7,887.96,805.26,801.43
9674,2023-02-24T00:26:08.370000,7463841171,481.84,175.33,87.36,103.32,520.87,895.89,813.82,807.1
9675,2023-02-24T00:26:08.375000,7463841172,478.95,172.25,85.34,101.14,518.57,892.28,809.96,805.74
9676,2023-02-24T00:26:08.380000,7463841173,474.57,167.24,81.07,97.15,513.77,886.15,803.79,800.88
9677,2023-02-24T00:26:08.385000,7463841174,477.08,168.53,82.66,97.49,515.34,888.01,805.55,802.43
9678,2023-02-24T00:26:08.390000,7463841175,482.43,174.35,86.92,102.71,521.55,895.3,813.69,806.17
9679,2023-02-24T00:26:08.395000,7463841176,480.91,171.63,85.16,100.32,518.87,891.72,809.21,803.55
9680,2023-02-24T00:26:08.400000,7463841177,476.55,166.95,81.05,95.6,513.27,886.07,803.1,800.83
9681,2023-02-24T00:26:08.405000,7463841178,477.64,168.47,82.83,97.8,514.68,889.34,805.97,801.53
9682,2023-02-24T00:26:08.410000,7463841179,481.72,172.55,86.33,101.56,519.34,894.96,812.3,804.58
9683,2023-02-24T00:26:08.415000,7463841180,479.49,170.93,84.99,100.11,518.01,891.58,808.67,803.84
9684,2023-02-24T00:26:08.420000,7463841181,476.13,167.69,81.84,96.73,514.86,886.08,803.73,801.38
9685,2023-02-24T00:26:08.425000,7463841182,478.45,170.15,83.55,98.4,517.84,888.35,806.3,802.48
9686,2023-02-24T00:26:08.430000,7463841183,480.53,172.36,84.9,99.53,519.69,891.24,809.55,803.11
9687,2023-02-24T00:26:08.435000,7463841184,479.13,171.34,84.11,98.55,517.74,890.29,807.02,803.25
9688,2023-02-24T00:26:08.440000,7463841185,477.36,169.67,83.3,98.08,515.64,888.69,804.88,801.78
9689,2023-02-24T00:26:08.445000,7463841186,478.11,171.12,84.57,99.15,517.07,891.93,807.64,802.42
9690,2023-02-24T00:26:08.450000,7463841187,477.86,171.24,84.84,99.06,516.71,891.9,808.18,802.08
9691,2023-02-24T00:26:08.455000,7463841188,478.27,171.88,85.04,99.74,516.36,890.77,807.49,801.99
9692,2023-02-24T00:26:08.460000,7463841189,478.4,171.31,85.23,99.86,517.77,890.12,806.89,803.27
9693,2023-02-24T00:26:08.465000,7463841190,478.78,172.25,85.22,99.8,519.42,890.62,807.81,803.44
9694,2023-02-24T00:26:08.470000,7463841191,477.44,169.89,82.54,97.24,516.66,888.57,806.45,800.69
9695,2023-02-24T00:26:08.475000,7463841192,478.26,171.48,83.78,98.46,517.35,890.39,806.67,801.96
9696,2023-02-24T00:26:08.480000,7463841193,479.7,171.88,85.78,100.56,518.23,892.65,808.19,803.12
9697,2023-02-24T00:26:08.485000,7463841194,479.25,171.69,85.05,99.8,518.65,892.68,808.58,802.47
9698,2023-02-24T00:26:08.490000,7463841195,477.03,168.66,82.42,97.31,515.15,889.07,805.21,800.62
9699,2023-02-24T00:26:08.495000,7463841196,479.8,170.98,83.98,98.98,516.95,890.58,806.37,802.31
9700,2023-02-24T00:26:08.500000,7463841197,481.31,172.26,86.25,100.88,520.11,892.39,808.63,804.51
9701,2023-02-24T00:26:08.505000,7463841198,479.4,170.95,85.02,99.35,518.57,890.93,807.69,803.64
9702,2023-02-24T00:26:08.510000,7463841199,477.47,169.07,82.47,97.11,516.73,888.4,805.78,801.68
9703,2023-02-24T00:26:08.515000,7463841200,478.23,170.77,83.43,98.57,517.45,890.63,806.65,802.19
9704,2023-02-24T00:26:08.520000,7463841201,480.34,172.55,86.12,101.04,520.09,893.76,809.44,803.37
9705,2023-02-24T00:26:08.525000,7463841202,478.74,171.74,85.06,99.53,518.17,892.49,807.05,802.17
9706,2023-02-24T00:26:08.530000,7463841203,476.37,169.55,83.34,97.48,515.34,889.85,804.52,800.36
9707,2023-02-24T00:26:08.535000,7463841204,477.65,170.57,84.37,98.72,516.42,890.43,805.37,801.7
9708,2023-02-24T00:26:08.540000,7463841205,480.41,173.34,86.49,101.15,520,892.91,808.98,803.41
9709,2023-02-24T00:26:08.545000,7463841206,478.64,171.35,84.68,98.93,518.79,890,807,801.46
9710,2023-02-24T00:26:08.550000,7463841207,477.99,170.45,83.9,97.3,517.19,888.74,805.26,800.55
9711,2023-02-24T00:26:08.555000,7463841208,478.18,171.03,84.22,98.95,517.19,889.42,805.5,801.59
9712,2023-02-24T00:26:08.560000,7463841209,479.72,172.7,86,100.52,519.11,892.27,808.75,802.49
9713,2023-02-24T00:26:08.565000,7463841210,478.9,171.19,84.59,99.21,516.46,890.44,806.02,801.8
9714,2023-02-24T00:26:08.570000,7463841211,477.35,171.02,84.32,98.22,515.93,889.76,805.01,799.89
9715,2023-02-24T00:26:08.575000,7463841212,478.18,171.43,83.91,99.39,515.76,889.8,805.44,800.92
9716,2023-02-24T00:26:08.580000,7463841213,479.96,172.95,85.91,101.27,518.31,892.2,808.46,803.58
9717,2023-02-24T00:26:08.585000,7463841214,478.08,171.44,84.44,98.61,516.42,889.81,806.18,802.17
9718,2023-02-24T00:26:08.590000,7463841215,478.15,170.52,83.58,98.1,516.34,888.76,805.8,800.86
9719,2023-02-24T00:26:08.595000,7463841216,477.23,169.91,83.63,98.56,516.21,889.49,806.43,801.21
9720,2023-02-24T00:26:08.600000,7463841217,479.58,172.3,85.78,100.66,518.34,892.38,808.95,802.86
9721,2023-02-24T00:26:08.605000,7463841218,478.49,171,83.93,99.19,516.22,890.08,806.2,801.45
9722,2023-02-24T00:26:08.610000,7463841219,478.15,170.83,83.54,98.83,515.57,891.04,806.14,801.79
9723,2023-02-24T00:26:08.615000,7463841220,478.41,170.97,84.22,98.35,516.53,890.66,806,802.22
9724,2023-02-24T00:26:08.620000,7463841221,479.71,172.19,85.06,99.35,517.11,892.12,808.34,803.38
9725,2023-02-24T00:26:08.625000,7463841222,478.33,170.58,83.44,98.35,516.99,889.55,806.19,801.86
9726,2023-02-24T00:26:08.630000,7463841223,477.92,170.83,84.1,98.6,517.22,889.63,805.76,801.45
9727,2023-02-24T00:26:08.635000,7463841224,478.09,170.54,84.02,98.95,517.88,889.77,806.01,801.77
9728,2023-02-24T00:26:08.640000,7463841225,479.55,172.68,85.09,99.2,519.39,891.89,807.92,802.6
9729,2023-02-24T00:26:08.645000,7463841226,478.32,171.09,83.9,98.81,517.31,890.4,805.96,801.48
9730,2023-02-24T00:26:08.650000,7463841227,477.92,171.08,83.86,99.57,517.34,890.61,805.81,802.02
9731,2023-02-24T00:26:08.655000,7463841228,477.55,171.24,84.58,98.91,516.97,890.85,805.67,801.64
9732,2023-02-24T00:26:08.660000,7463841229,478.73,172.08,84.89,100.1,518.93,892.07,807.61,801.85
9733,2023-02-24T00:26:08.665000,7463841230,478.06,171.71,83.87,98.88,517.63,890.5,806.14,800.67
9734,2023-02-24T00:26:08.670000,7463841231,478.95,171.53,84.06,98.54,517.23,890.07,806.54,800.97
9735,2023-02-24T00:26:08.675000,7463841232,477.52,170.9,84.17,99.05,517.53,890.15,806.33,800.97
9736,2023-02-24T00:26:08.680000,7463841233,479.04,172.04,84.55,99.27,517.55,890.17,806.87,802.24
9737,2023-02-24T00:26:08.685000,7463841234,478.38,170.59,84.53,98.34,515.98,888.56,805.73,801.62
9738,2023-02-24T00:26:08.690000,7463841235,478.37,171.32,84.32,98.51,516.49,890.05,806.14,802.41
9739,2023-02-24T00:26:08.695000,7463841236,478.53,170.87,84.4,98.82,515.89,889.68,806.66,802.04
9740,2023-02-24T00:26:08.700000,7463841237,478.72,170.49,84.24,98.96,515.67,890.95,806.53,801.98
9741,2023-02-24T00:26:08.705000,7463841238,478.89,170.21,83.07,98.3,515.67,890.72,806.5,801.97
9742,2023-02-24T00:26:08.710000,7463841239,479.19,171.05,84.25,99.43,516.99,890.56,807.84,801.56
9743,2023-02-24T00:26:08.715000,7463841240,479.3,170.63,84.46,99.15,516.76,890.38,807.55,801.36
9744,2023-02-24T00:26:08.720000,7463841241,479.3,170.78,84.68,99,517.08,889.08,806.51,801.6
9745,2023-02-24T00:26:08.725000,7463841242,478.07,169.99,83.77,98.25,516.76,889.16,805.36,801.63
9746,2023-02-24T00:26:08.730000,7463841243,479.65,170.89,84.59,99.25,516.72,891.28,806.54,801.81
9747,2023-02-24T00:26:08.735000,7463841244,479.31,170.84,84.59,99.14,517.23,890.85,805.96,801.44
9748,2023-02-24T00:26:08.740000,7463841245,478.61,170.34,83.5,97.52,516.5,889.55,804.6,800.82
9749,2023-02-24T00:26:08.745000,7463841246,477.94,169.64,83.62,98.32,515.82,889.3,803.74,800.23
9750,2023-02-24T00:26:08.750000,7463841247,479.06,171.52,84.5,98.93,517.38,890.23,805.43,800.07
9751,2023-02-24T00:26:08.755000,7463841248,479.59,171.94,84.87,99.47,518.09,890.27,804.7,799.35
9752,2023-02-24T00:26:08.760000,7463841249,477.94,170.48,83.31,97.31,516.99,888.45,802.03,797.86
9753,2023-02-24T00:26:08.765000,7463841250,476.98,170.52,83.6,98.05,517.53,887.55,802.07,798.88
9754,2023-02-24T00:26:08.770000,7463841251,478.68,171.84,84.14,98.88,519.15,889.93,804.12,800.54
9755,2023-02-24T00:26:08.775000,7463841252,478.79,172.12,85.3,99.47,518.57,890.6,804.56,799.77
9756,2023-02-24T00:26:08.780000,7463841253,476.48,170.44,83.44,97.86,516.14,889.55,804.06,799.22
9757,2023-02-24T00:26:08.785000,7463841254,476.83,170.28,83.89,98.34,515.46,889.75,804.78,800.13
9758,2023-02-24T00:26:08.790000,7463841255,478.23,171.69,84.14,99.46,516.16,891.73,806.03,800.71
9759,2023-02-24T00:26:08.795000,7463841256,478.69,172.17,84.52,99.63,516.31,891.77,806.11,800.94
9760,2023-02-24T00:26:08.800000,7463841257,477.75,171.29,83.68,97.72,515.46,888.91,803.62,799.83
9761,2023-02-24T00:26:08.805000,7463841258,477.39,170.99,83.75,98.21,515.65,887.82,803.41,800.27
9762,2023-02-24T00:26:08.810000,7463841259,478.67,170.66,83.3,98.14,516.4,888.35,805.08,800.01
9763,2023-02-24T00:26:08.815000,7463841260,479.34,171.36,83.98,98.63,517.55,888.62,806.15,801.45
9764,2023-02-24T00:26:08.820000,7463841261,477.63,170.36,83.45,98.1,516,888.11,805.37,801.59
9765,2023-02-24T00:26:08.825000,7463841262,478.72,170.36,83.92,98.92,515.21,890.08,805.86,800.98
9766,2023-02-24T00:26:08.830000,7463841263,478.27,170.92,83.4,98.61,515.55,889.91,805.57,799.32
9767,2023-02-24T00:26:08.835000,7463841264,478.98,171.43,84.57,98.62,516.43,891.48,805.25,799.92
9768,2023-02-24T00:26:08.840000,7463841265,478.68,171.04,83.93,98.97,516.87,889.63,804.12,799.42
9769,2023-02-24T00:26:08.845000,7463841266,478.79,170.46,85.02,99.06,517.64,888.01,803.63,800.15
9770,2023-02-24T00:26:08.850000,7463841267,478.25,169.28,84.13,98.15,516.94,887.52,803.55,800.51
9771,2023-02-24T00:26:08.855000,7463841268,478.37,171.05,84.63,98.46,517.64,889.47,805.77,800.85
9772,2023-02-24T00:26:08.860000,7463841269,478.6,171.7,84.24,99.53,517.33,890.96,806.54,800.79
9773,2023-02-24T00:26:08.865000,7463841270,478,172.09,84.25,98.53,516.87,890.86,805.07,800.31
9774,2023-02-24T00:26:08.870000,7463841271,475.97,170.18,82.39,97.13,515.43,888.55,803.96,798.67
9775,2023-02-24T00:26:08.875000,7463841272,478.18,172.45,83.76,98.73,517.36,890.55,804.53,799.78
9776,2023-02-24T00:26:08.880000,7463841273,478.66,172.2,85.03,99.66,518.6,890.89,806.2,800.75
9777,2023-02-24T00:26:08.885000,7463841274,478.72,171.56,84.6,99.06,518.52,889.84,806.04,802.11
9778,2023-02-24T00:26:08.890000,7463841275,476.13,169.5,83.09,97.65,516.09,887.7,803.84,800.65
9779,2023-02-24T00:26:08.895000,7463841276,478.61,171.26,84.22,98.33,516.03,889.43,805.65,801.55
9780,2023-02-24T00:26:08.900000,7463841277,479.68,171.59,85.18,99.77,517.04,892.58,807.66,801.39
9781,2023-02-24T00:26:08.905000,7463841278,479.36,171.77,85.25,99.2,516.85,892.62,806.35,801.18
9782,2023-02-24T00:26:08.910000,7463841279,477.48,170.06,82.83,97.48,514.53,888.5,802.78,799.08
9783,2023-02-24T00:26:08.915000,7463841280,478.38,170.68,83.68,97.73,516.41,888.99,803.86,799.93
9784,2023-02-24T00:26:08.920000,7463841281,480.58,172.21,85.82,99.84,518.93,890.08,806.7,801.76
9785,2023-02-24T00:26:08.925000,7463841282,480.05,171.71,85.11,98.9,517.31,889.29,805.98,801.37
9786,2023-02-24T00:26:08.930000,7463841283,478.21,168.31,83.53,97.11,515.18,887.3,802.14,799.78
9787,2023-02-24T00:26:08.935000,7463841284,478.73,170.03,84.22,97.67,516.1,889.59,804.18,800.54
9788,2023-02-24T00:26:08.940000,7463841285,479.73,172.1,85.51,99.9,517.23,893.37,807.66,801.36
9789,2023-02-24T00:26:08.945000,7463841286,479.14,171.72,85.07,98.77,516.14,891.23,806.58,801.38
9790,2023-02-24T00:26:08.950000,7463841287,477.8,169.69,82.98,97.29,515.78,887.82,803.51,800.45
9791,2023-02-24T00:26:08.955000,7463841288,477.97,170.19,83.53,98.39,516.08,888.3,804.63,801.03
9792,2023-02-24T00:26:08.960000,7463841289,479.71,172.5,85.92,99.66,519.47,890.23,808.18,802.12
9793,2023-02-24T00:26:08.965000,7463841290,479.24,171.72,85.17,99.28,517.9,890.24,807.31,802.06
9794,2023-02-24T00:26:08.970000,7463841291,478.06,170.3,84.68,98.31,516.29,889.52,805.04,801.23
9795,2023-02-24T00:26:08.975000,7463841292,478.18,169.47,84.03,98.5,515.54,889.64,806.15,801.05
9796,2023-02-24T00:26:08.980000,7463841293,479.82,171.87,86.08,99.81,516.75,892.71,808.72,801.98
9797,2023-02-24T00:26:08.985000,7463841294,479.11,170.39,85.01,98.52,515.78,890.52,806.56,801.75
9798,2023-02-24T00:26:08.990000,7463841295,479.76,169.65,84.12,98.59,516.13,887.82,805.01,801.84
9799,2023-02-24T00:26:08.995000,7463841296,478.9,170.51,83.75,98.26,517.02,886.82,805.15,802.12
9800,2023-02-24T00:26:09,7463841297,479.43,170.61,84.03,99.13,517.99,888.62,807.12,802.54
9801,2023-02-24T00:26:09.005000,7463841298,478.89,170.31,84.2,98.59,516.79,889.09,806.52,801.73
9802,2023-02-24T00:26:09.010000,7463841299,477.87,170.46,84.84,98.98,515.57,890.1,805.77,802.6
9803,2023-02-24T00:26:09.015000,7463841300,478.29,169.94,84.07,98.9,515.6,890.3,806.27,801.21
9804,2023-02-24T00:26:09.020000,7463841301,479.75,170.7,84.58,99.14,515.79,890.87,807.52,801.98
9805,2023-02-24T00:26:09.025000,7463841302,479.52,170.31,84.4,98.7,515.79,889.27,806.5,801.81
9806,2023-02-24T00:26:09.030000,7463841303,480.08,170.64,85.29,99.25,517.67,889.78,806.99,803.2
9807,2023-02-24T00:26:09.035000,7463841304,479.25,169.64,83.52,98.65,516.61,887.84,806.16,802.26
9808,2023-02-24T00:26:09.040000,7463841305,479.29,170.7,83.91,98.95,516.89,888.59,807.45,802.08
9809,2023-02-24T00:26:09.045000,7463841306,478.9,169.3,84.35,99.25,516.59,888.94,805.84,801.74
9810,2023-02-24T00:26:09.050000,7463841307,479.87,170.69,85.34,100.24,516.33,890.26,806.48,802.04
9811,2023-02-24T00:26:09.055000,7463841308,478.38,169.72,84.54,98.03,515.18,889.6,805.39,801.45
9812,2023-02-24T00:26:09.060000,7463841309,478.68,169,83.88,97.7,514.68,888.48,804.95,799.7
9813,2023-02-24T00:26:09.065000,7463841310,478.89,169.87,83.55,97.47,515.46,887.6,803.88,799.77
9814,2023-02-24T00:26:09.070000,7463841311,480.12,171.51,85.63,100.13,518.26,889.61,805.61,801.33
9815,2023-02-24T00:26:09.075000,7463841312,478.83,170,83.48,97.93,516.96,886.94,804.41,799.25
9816,2023-02-24T00:26:09.080000,7463841313,477.45,168.97,83.14,96.83,516.05,887.31,803.97,799.09
9817,2023-02-24T00:26:09.085000,7463841314,478.73,171.02,83.93,98.83,516.36,889.03,804.93,800.65
9818,2023-02-24T00:26:09.090000,7463841315,480.46,171.81,85.93,100.05,517.26,892.07,807.03,802.1
9819,2023-02-24T00:26:09.095000,7463841316,479.87,169.98,84.46,98.41,515.28,889.96,805.48,801.27
9820,2023-02-24T00:26:09.100000,7463841317,478.08,168.51,82.68,96.69,512.84,888.24,804.24,800.84
9821,2023-02-24T00:26:09.105000,7463841318,478.73,170.21,84.42,98.75,515.05,889.78,806.18,802.49
9822,2023-02-24T00:26:09.110000,7463841319,479.87,172.02,85.52,100.46,517.46,891.19,808.73,803.55
9823,2023-02-24T00:26:09.115000,7463841320,478.02,169.83,84.76,98.28,516.93,887.92,806.45,801.75
9824,2023-02-24T00:26:09.120000,7463841321,475.9,168.42,82.54,96.04,514.71,887.07,803.75,799.82
9825,2023-02-24T00:26:09.125000,7463841322,478.89,169.84,83.56,98.29,516.46,888.55,805.59,801.38
9826,2023-02-24T00:26:09.130000,7463841323,480.04,171.09,85.46,99.47,517.8,889.72,807.7,801.36
9827,2023-02-24T00:26:09.135000,7463841324,479.61,169.78,84.28,98.53,515.81,889.64,806.32,801.28
9828,2023-02-24T00:26:09.140000,7463841325,478.08,167.93,81.96,95.95,512.91,887.43,802.21,798.45
9829,2023-02-24T00:26:09.145000,7463841326,479.49,169.77,84.74,98.49,515.93,889.99,805.03,800.49
9830,2023-02-24T00:26:09.150000,7463841327,479.6,171.04,85.14,99.7,517.46,891.18,805.89,801.76
9831,2023-02-24T00:26:09.155000,7463841328,479.31,170.68,84.85,99.07,516.84,889.68,805.16,800.4
9832,2023-02-24T00:26:09.160000,7463841329,477.16,167.91,82.65,97.59,515.43,885.36,801.66,798.57
9833,2023-02-24T00:26:09.165000,7463841330,479.68,170.29,84.63,99.1,517.6,888.61,804.58,801.03
9834,2023-02-24T00:26:09.170000,7463841331,480.06,171.16,84.66,99.4,517.56,890.58,805.92,801.29
9835,2023-02-24T00:26:09.175000,7463841332,479.43,170.75,84.68,98.42,515.48,890.44,804.96,800.05
9836,2023-02-24T00:26:09.180000,7463841333,477.03,169.16,82.55,96.51,513.09,888.26,802.26,798.53
9837,2023-02-24T00:26:09.185000,7463841334,478.67,170.94,84.41,98.87,514.91,890.16,804.83,800.12
9838,2023-02-24T00:26:09.190000,7463841335,479.31,171.05,84.34,98.99,516.58,889.54,805.06,800.91
9839,2023-02-24T00:26:09.195000,7463841336,479.8,171.58,84.29,98.88,517.08,888.1,804.98,800.42
9840,2023-02-24T00:26:09.200000,7463841337,477.49,168.85,82.71,97.2,515.5,885.13,802.38,799.46
9841,2023-02-24T00:26:09.205000,7463841338,479.28,170.26,83.67,98.86,517.94,887.29,805.35,801.39
9842,2023-02-24T00:26:09.210000,7463841339,479.21,170.93,84.7,98.86,515.49,889.33,805.42,801.1
9843,2023-02-24T00:26:09.215000,7463841340,479.02,170.61,83.9,98.82,515.07,890.28,806.21,800.44
9844,2023-02-24T00:26:09.220000,7463841341,476.91,168.79,83.17,96.93,512.56,889.36,803.94,798.65
9845,2023-02-24T00:26:09.225000,7463841342,478.62,170.23,84.13,98.21,514.99,890.84,805.77,800.48
9846,2023-02-24T00:26:09.230000,7463841343,479.01,170.4,84.73,98.74,516.84,888.83,805,801.55
9847,2023-02-24T00:26:09.235000,7463841344,478.71,171.15,83.95,98.64,517.4,887.43,804.65,800.54
9848,2023-02-24T00:26:09.240000,7463841345,478.61,169.79,83.76,98.5,517.02,885.62,804.21,800.57
9849,2023-02-24T00:26:09.245000,7463841346,479.34,171.08,84.62,98.94,517.6,887.76,805.55,801.11
9850,2023-02-24T00:26:09.250000,7463841347,478.53,170.1,84.49,98.69,515.37,889.3,805.05,800.85
9851,2023-02-24T00:26:09.255000,7463841348,478.6,170.03,83.79,98.13,513.78,890.56,804.91,800.82
9852,2023-02-24T00:26:09.260000,7463841349,478.14,170.03,83.87,97.43,513.9,890.31,804.68,799.96
9853,2023-02-24T00:26:09.265000,7463841350,479.33,171.19,84.36,98.55,516.04,890.98,805.67,800.55
9854,2023-02-24T00:26:09.270000,7463841351,479.06,171.08,84.45,98.52,516.77,887.82,805.29,799.77
9855,2023-02-24T00:26:09.275000,7463841352,479.28,170.62,84.71,98.26,517.69,887.08,804.3,801.55
9856,2023-02-24T00:26:09.280000,7463841353,479.44,170.31,85.29,98.13,517.58,887.23,804.57,801.22
9857,2023-02-24T00:26:09.285000,7463841354,479.35,171.21,84.99,99.62,516.72,889.01,805.62,800.14
9858,2023-02-24T00:26:09.290000,7463841355,477.91,169.86,84.92,98.78,514.3,889.62,804.21,799.16
9859,2023-02-24T00:26:09.295000,7463841356,477.52,170.15,83.7,98.3,514.05,890.84,803.92,799.93
9860,2023-02-24T00:26:09.300000,7463841357,478.38,170.95,84.72,98.72,515.92,891.08,805.45,800.94
9861,2023-02-24T00:26:09.305000,7463841358,479.7,171.52,85.01,99.28,517,889.84,805,800.67
9862,2023-02-24T00:26:09.310000,7463841359,478.58,170.07,83.92,97.88,516.35,886.41,803.25,800.21
9863,2023-02-24T00:26:09.315000,7463841360,478.47,170.17,82.87,97.15,516.52,886.44,803.68,798.7
9864,2023-02-24T00:26:09.320000,7463841361,479.72,170.65,84.55,98.97,517.14,888.99,805.27,800.97
9865,2023-02-24T00:26:09.325000,7463841362,479.29,170.94,84.92,98.93,515.78,890.18,805.62,799.82
9866,2023-02-24T00:26:09.330000,7463841363,477.98,169.94,83.85,98.55,513.67,889.13,803.49,799.33
9867,2023-02-24T00:26:09.335000,7463841364,478.24,169.96,83.51,97.36,514.26,889.31,803.32,798.89
9868,2023-02-24T00:26:09.340000,7463841365,479.22,170.97,84.94,99.38,516.63,890.62,805.59,800.61
9869,2023-02-24T00:26:09.345000,7463841366,480.01,171.25,85.48,99.65,517.56,889.69,805.16,799.91
9870,2023-02-24T00:26:09.350000,7463841367,478.1,169.13,83.9,97.65,515.82,886.31,802.84,799.2
9871,2023-02-24T00:26:09.355000,7463841368,477.95,169.49,84.16,97.68,515.92,886.65,803.19,798.98
9872,2023-02-24T00:26:09.360000,7463841369,480,171.28,85.81,99.57,517.22,890.77,805.41,800.3
9873,2023-02-24T00:26:09.365000,7463841370,478.85,170.62,85.43,98.55,516.21,890.53,805.31,800.59
9874,2023-02-24T00:26:09.370000,7463841371,477.56,170.06,83.7,98.38,514.33,888.89,803.64,798.92
9875,2023-02-24T00:26:09.375000,7463841372,477.11,170.17,83.28,97.55,514.25,888.35,802.94,799.8
9876,2023-02-24T00:26:09.380000,7463841373,478.95,172.14,84.27,98.93,516.78,890.11,805.51,800.05
9877,2023-02-24T00:26:09.385000,7463841374,479.09,171.45,84.14,98.38,516.52,889.99,805.33,800.51
9878,2023-02-24T00:26:09.390000,7463841375,478.7,170.58,84.61,98.06,516.45,888.33,804.16,800.4
9879,2023-02-24T00:26:09.395000,7463841376,477.86,169.54,84.05,97.19,515.92,887.9,803.79,799.28
9880,2023-02-24T00:26:09.400000,7463841377,479.71,170.67,84.58,98.2,516.84,890.21,805.54,799.76
9881,2023-02-24T00:26:09.405000,7463841378,478.72,170.69,84.21,98.76,515.63,889.72,805.54,799.77
9882,2023-02-24T00:26:09.410000,7463841379,479.05,170.44,84.19,98.56,515.47,889.29,804.52,800.38
9883,2023-02-24T00:26:09.415000,7463841380,478.03,169.97,83.95,98.23,515.07,888.55,803.83,799.6
9884,2023-02-24T00:26:09.420000,7463841381,477.73,170.12,83.65,97.85,515.22,888.69,804.19,799.39
9885,2023-02-24T00:26:09.425000,7463841382,478.77,170.68,83.97,97.55,516,887.73,804.28,799.79
9886,2023-02-24T00:26:09.430000,7463841383,479.84,171.29,85.2,98.67,517.5,888.87,804.95,801.02
9887,2023-02-24T00:26:09.435000,7463841384,478.72,169.76,84.08,97.92,516.18,887.65,804.09,800.89
9888,2023-02-24T00:26:09.440000,7463841385,478.27,169.03,83.4,96.9,515.18,887.86,803.58,800.1
9889,2023-02-24T00:26:09.445000,7463841386,478.23,170.29,83.08,97.73,515.36,889.57,804.23,799.92
9890,2023-02-24T00:26:09.450000,7463841387,479.58,171.63,85.21,99.06,516.5,890.82,806.03,801.04
9891,2023-02-24T00:26:09.455000,7463841388,478.74,170.34,84.6,99.09,514.97,889.36,805.16,799.6
9892,2023-02-24T00:26:09.460000,7463841389,476.91,169.59,83.74,97.94,514.62,888.05,803.45,799.9
9893,2023-02-24T00:26:09.465000,7463841390,478.77,170.25,83.77,97.85,514.97,887.92,804.31,800.74
9894,2023-02-24T00:26:09.470000,7463841391,479.48,171.7,85.05,99.26,517.8,888.57,806.06,801.55
9895,2023-02-24T00:26:09.475000,7463841392,478.69,169.7,84.1,98.57,516.52,887.91,804.85,801.15
9896,2023-02-24T00:26:09.480000,7463841393,477.97,169.13,83.53,97.13,514.81,887.43,803.57,800.01
9897,2023-02-24T00:26:09.485000,7463841394,478.67,170.04,83.75,97.56,515.1,888.32,803.76,799.73
9898,2023-02-24T00:26:09.490000,7463841395,480.06,171.15,85.26,99.29,515.98,890.47,806.02,800.62
9899,2023-02-24T00:26:09.495000,7463841396,479.39,170.11,84.86,98.44,515.03,889.22,805.87,800.6
9900,2023-02-24T00:26:09.500000,7463841397,477.86,168.7,83.31,97.03,514.2,886.09,803.8,799.28
9901,2023-02-24T00:26:09.505000,7463841398,478.91,169.26,83.93,97.48,515.08,886.6,804.9,800.74
9902,2023-02-24T00:26:09.510000,7463841399,480.68,170.17,85.8,98.3,516.4,888.01,806.14,800.96
9903,2023-02-24T00:26:09.515000,7463841400,479.06,169.46,84.86,98.36,515.99,887.61,804.96,800.52
9904,2023-02-24T00:26:09.520000,7463841401,477.88,168.78,82.78,97.02,514.03,886.84,803.75,799.68
9905,2023-02-24T00:26:09.525000,7463841402,478.97,169.86,83.54,97.76,513.29,889.02,804.3,799.99
9906,2023-02-24T00:26:09.530000,7463841403,479.97,170.54,84.46,98.5,513.92,890.8,805.26,799.76
9907,2023-02-24T00:26:09.535000,7463841404,478.24,170.63,85.06,98.28,515.24,888.89,803.02,799.5
9908,2023-02-24T00:26:09.540000,7463841405,477.99,169.37,83.87,97.2,515.55,885.79,800.65,798.38
9909,2023-02-24T00:26:09.545000,7463841406,478.68,169.54,84.31,97.55,517.16,884.65,801.44,798.6
9910,2023-02-24T00:26:09.550000,7463841407,479.95,170.53,84.28,98.64,519.33,886.78,804.22,799.59
9911,2023-02-24T00:26:09.555000,7463841408,479.26,170.69,84.42,99.3,518.34,887.55,803.36,799.11
9912,2023-02-24T00:26:09.560000,7463841409,477.3,168.61,83.64,97.19,514.55,887.7,801.66,797.25
9913,2023-02-24T00:26:09.565000,7463841410,478.41,169.55,84.2,97.97,513.19,890.19,802.88,798.85
9914,2023-02-24T00:26:09.570000,7463841411,479.46,171.34,85.12,98.99,513.46,891.65,804.14,799.51
9915,2023-02-24T00:26:09.575000,7463841412,478.96,171.11,84.36,98.38,514.71,890.22,804.21,799.72
9916,2023-02-24T00:26:09.580000,7463841413,478.02,169.65,82.69,97.95,514.25,885.54,801.57,799.41
9917,2023-02-24T00:26:09.585000,7463841414,478.73,169.96,84.18,98,516.5,885.55,802.51,799.88
9918,2023-02-24T00:26:09.590000,7463841415,478.94,170.86,84.05,97.94,518.11,885.93,804.05,800.16
9919,2023-02-24T00:26:09.595000,7463841416,478.38,170.86,84.58,98.1,517.4,887.43,804.37,799.4
9920,2023-02-24T00:26:09.600000,7463841417,476.9,170.18,83.55,98.22,514.65,887.37,802.42,798.08
9921,2023-02-24T00:26:09.605000,7463841418,479.07,170.23,84.61,98.44,514,890.58,803.6,798.67
9922,2023-02-24T00:26:09.610000,7463841419,479.6,169.94,84.24,97.91,513.73,890.78,802.7,798.73
9923,2023-02-24T00:26:09.615000,7463841420,479.83,169.31,85.11,98.12,515.55,889.89,804.04,799.79
9924,2023-02-24T00:26:09.620000,7463841421,479.46,169.25,84.64,97.74,515.86,887.21,802.23,799.17
9925,2023-02-24T00:26:09.625000,7463841422,479.27,169.33,84.16,97.52,517.24,885.27,802.7,799.45
9926,2023-02-24T00:26:09.630000,7463841423,479.02,168.96,83.95,96.68,516.54,883.77,802.93,799.28
9927,2023-02-24T00:26:09.635000,7463841424,479.85,170.61,83.68,97.6,517.24,886.42,803.86,799.62
9928,2023-02-24T00:26:09.640000,7463841425,478.29,170.55,84.45,98.66,514.89,888.37,803.68,798.41
9929,2023-02-24T00:26:09.645000,7463841426,478.56,171.02,83.88,98.18,514.53,889.93,804.59,799.29
9930,2023-02-24T00:26:09.650000,7463841427,477.53,169.19,82.77,97.38,513.17,888.9,803.55,798.33
9931,2023-02-24T00:26:09.655000,7463841428,479.35,170.4,84.61,97.92,514.63,890.08,804.73,799.78
9932,2023-02-24T00:26:09.660000,7463841429,478.62,169.84,85.84,98.81,515.83,887.86,804.37,800.98
9933,2023-02-24T00:26:09.665000,7463841430,478.72,169.77,85,98.32,516.74,886.47,804.6,799.68
9934,2023-02-24T00:26:09.670000,7463841431,477.19,168.99,83.74,97.17,515.25,884.51,802.05,799.23
9935,2023-02-24T00:26:09.675000,7463841432,479.34,171.02,84.4,98.37,515.52,887.85,804.07,800.21
9936,2023-02-24T00:26:09.680000,7463841433,480.76,171.44,85.21,99.47,515.76,889.52,804.58,800.32
9937,2023-02-24T00:26:09.685000,7463841434,479.47,169.83,84.53,98.06,513.6,889.39,804,798.92
9938,2023-02-24T00:26:09.690000,7463841435,478.27,169.19,83.08,96.03,512.69,887.66,802.63,798.81
9939,2023-02-24T00:26:09.695000,7463841436,480.27,169.32,84.5,97.25,515.15,888.14,802.97,800.25
9940,2023-02-24T00:26:09.700000,7463841437,479.89,170.31,85.5,98.93,516.6,888.56,804.26,800.51
9941,2023-02-24T00:26:09.705000,7463841438,479.09,169.44,84.58,98.01,516.47,886.81,803.58,798.99
9942,2023-02-24T00:26:09.710000,7463841439,478.74,169.13,83.03,97.4,515.38,885.5,802.69,798.44
9943,2023-02-24T00:26:09.715000,7463841440,479.65,170.35,84.18,98.46,515.86,887.39,804.21,799.61
9944,2023-02-24T00:26:09.720000,7463841441,480.17,171.42,85.58,100.16,517.18,889.34,806.81,801.01
9945,2023-02-24T00:26:09.725000,7463841442,478.27,169.8,83.93,98.01,514.16,888.12,804.42,800.46
9946,2023-02-24T00:26:09.730000,7463841443,477.83,169.46,82.54,97.87,514.42,887.67,803.3,799.88
9947,2023-02-24T00:26:09.735000,7463841444,479.02,170.24,83.57,97.87,515,887.8,804.19,800.4
9948,2023-02-24T00:26:09.740000,7463841445,479.58,171.82,85.53,99.58,517.16,889.27,805.81,801.93
9949,2023-02-24T00:26:09.745000,7463841446,478.99,169.89,84.2,98.15,515.37,886.96,804.4,800.25
9950,2023-02-24T00:26:09.750000,7463841447,478.17,169.35,84.21,97.59,515.18,886.3,803.25,798.9
9951,2023-02-24T00:26:09.755000,7463841448,478.93,169.31,83.9,98.28,514.89,887.72,803.95,799.57
9952,2023-02-24T00:26:09.760000,7463841449,480.76,170.59,86.09,99.61,516.43,890.12,806.81,801.62
9953,2023-02-24T00:26:09.765000,7463841450,478.78,168.5,84.4,97.82,514.49,887.65,803.4,800.25
9954,2023-02-24T00:26:09.770000,7463841451,478.42,168.84,84.36,97.49,514.31,887.03,802.95,800.35
9955,2023-02-24T00:26:09.775000,7463841452,479.15,169.62,84.24,97.93,514.93,887.33,803.87,799.93
9956,2023-02-24T00:26:09.780000,7463841453,480.93,171.17,86.32,99.51,516.6,889.45,806.49,801.57
9957,2023-02-24T00:26:09.785000,7463841454,478.11,169.31,84.21,97.99,515.03,886.69,804.03,800.28
9958,2023-02-24T00:26:09.790000,7463841455,478.72,168.35,83.74,97.27,514.52,886.89,804.93,800.08
9959,2023-02-24T00:26:09.795000,7463841456,478.37,168.6,84.46,97.8,514.13,886.77,804.66,799.66
9960,2023-02-24T00:26:09.800000,7463841457,480.56,169.98,85.88,99.36,515.68,890,806.57,801.53
9961,2023-02-24T00:26:09.805000,7463841458,478.94,168.95,85.09,97.88,513.77,887.72,803.47,799.81
9962,2023-02-24T00:26:09.810000,7463841459,478.46,168.73,84.7,98.22,514.31,886.22,803.42,800.17
9963,2023-02-24T00:26:09.815000,7463841460,478.95,169.49,84.56,97.9,514.57,886.91,803.92,800.08
9964,2023-02-24T00:26:09.820000,7463841461,480.27,171.75,85.5,99.54,516.73,889.12,805.97,801.38
9965,2023-02-24T00:26:09.825000,7463841462,478.42,169.82,83.86,97.63,514.63,887.16,803.08,797.99
9966,2023-02-24T00:26:09.830000,7463841463,479.12,168.84,83.97,97.59,514.95,887.2,801.75,798.28
9967,2023-02-24T00:26:09.835000,7463841464,479.73,168.24,84.62,97.48,514.56,887.24,801.63,799.61
9968,2023-02-24T00:26:09.840000,7463841465,480.52,169.77,85.3,99.16,514.98,888.97,804.03,800.1
9969,2023-02-24T00:26:09.845000,7463841466,479.29,168.94,83.82,97.21,513.68,887.91,802.36,798.18
9970,2023-02-24T00:26:09.850000,7463841467,478.51,169.94,84.11,97.78,514.26,887.46,802.24,799.62
9971,2023-02-24T00:26:09.855000,7463841468,478.75,169.93,84.59,98.58,515.39,886.79,802.92,799.08
9972,2023-02-24T00:26:09.860000,7463841469,479.43,170.24,84.95,98.35,516.82,886.62,803.06,798.99
9973,2023-02-24T00:26:09.865000,7463841470,478.2,169.3,84.24,97.93,515.28,885.78,801.98,797.96
9974,2023-02-24T00:26:09.870000,7463841471,479.53,169.79,84.47,98.54,514.94,887.24,802.81,798.32
9975,2023-02-24T00:26:09.875000,7463841472,479.24,169.28,85.08,98.75,515.02,888.26,803.52,799.41
9976,2023-02-24T00:26:09.880000,7463841473,479.7,169.47,84.49,97.8,513.82,888.23,803.17,799.63
9977,2023-02-24T00:26:09.885000,7463841474,478.42,169.66,84,97.11,513.61,887.68,802.53,799.79
9978,2023-02-24T00:26:09.890000,7463841475,478.6,169.56,84.28,99.22,514.83,887.34,803.21,800.2
9979,2023-02-24T00:26:09.895000,7463841476,478.03,168.8,83.95,98.28,515.17,886.41,803.75,800.33
9980,2023-02-24T00:26:09.900000,7463841477,477.48,169.06,83.7,97.46,514.86,885.69,803.58,799.4
9981,2023-02-24T00:26:09.905000,7463841478,479,169.6,83.18,97.32,514.5,885.64,803.65,799.76
9982,2023-02-24T00:26:09.910000,7463841479,479.85,169.67,84.43,98.36,515.43,886.77,804.75,800.37
9983,2023-02-24T00:26:09.915000,7463841480,479.6,168.51,84.13,97.47,514.62,887.06,803.98,800.79
9984,2023-02-24T00:26:09.920000,7463841481,479.18,167.79,83.41,97.45,513.34,886.95,801.99,799.78
9985,2023-02-24T00:26:09.925000,7463841482,479,168.87,84.55,97.11,513.23,887.5,802.96,799.38
9986,2023-02-24T00:26:09.930000,7463841483,480.81,169.88,84.92,98.41,514.86,889.28,804.25,799.96
9987,2023-02-24T00:26:09.935000,7463841484,479.73,170.09,85.42,98.96,515.74,888.51,803.53,800.26
9988,2023-02-24T00:26:09.940000,7463841485,478.32,167.87,83.13,96.88,514.31,884.65,801.35,798.71
9989,2023-02-24T00:26:09.945000,7463841486,479.04,168.49,84.03,97.4,515.43,884.9,802.83,798.93
9990,2023-02-24T00:26:09.950000,7463841487,480.48,170.34,85.09,98.43,516.31,887.61,804.12,799.48
9991,2023-02-24T00:26:09.955000,7463841488,479.59,169.69,84.57,97.67,515.35,887.5,804.29,799.68
9992,2023-02-24T00:26:09.960000,7463841489,477.6,168.29,82.15,96.51,513.39,885.6,800.91,799
9993,2023-02-24T00:26:09.965000,7463841490,477.52,169.61,83.59,98.05,513.52,887.28,802.05,799.57
9994,2023-02-24T00:26:09.970000,7463841491,478.21,171.85,84.67,98.79,515.21,889.64,804.59,800.17
9995,2023-02-24T00:26:09.975000,7463841492,478.9,171.04,84.21,99.27,515.74,888.14,804.62,799.63
9996,2023-02-24T00:26:09.980000,7463841493,476.56,168.49,82.05,96.54,514.05,884.04,801.8,798.57
9997,2023-02-24T00:26:09.985000,7463841494,478.15,169.07,83.8,97.29,515.09,885.33,802.83,799.05
9998,2023-02-24T00:26:09.990000,7463841495,479.59,170.7,84.58,98.94,515.4,887.88,804.06,799.72
9999,2023-02-24T00:26:09.995000,7463841496,479.97,170.37,84.84,98.3,515.29,888.82,804.11,799.61
10000,2023-02-24T00:26:10,7463841497,478.32,167.99,84.27,96.99,512.46,886.37,801.47,799.42
